name,category_list,funding_total_usd,status,country_code,funding_rounds,dias_hasta_inversion
Ondine Biomedical Inc.,Biotechnology,762851.0,operating,CAN,2,4636.0
Redox,Health Care|Health Care Information Technology|Hospitals,4000000.0,operating,USA,2,145.0
10X Genomics,Biotechnology|Technology,55000000.0,operating,USA,1,1107.0
10X Technologies,Biotechnology,3550000.0,operating,USA,2,311.0
121nexus,Health Diagnostics|Medical Devices|Personalization|Pharmaceuticals|Politics|Software|Technology,794000.0,operating,USA,6,122.0
1CommMedical,Health Care|Insurance|Medical,2500000.0,operating,USA,1,846.0
1doc3,Health and Wellness|Health Care|Internet|SMS,37639.0,operating,COL,1,201.0
1DocWay,Doctors|Health Care|Health Care Information Technology|Video|Video Chat,1700000.0,acquired,USA,2,190.0
1Life Healthcare,Health and Wellness|Health Care|Services,30000000.0,operating,USA,1,4097.0
2-Observe,Design|Health and Wellness|Health Care|Hospitals|Medical Devices,204189.0,operating,BEL,1,1636.0
20/20 Gene Systems Inc.,Biotechnology|Health Diagnostics,4345427.0,operating,USA,3,4530.0
22nd Century Group,Biotechnology,15034750.0,ipo,USA,6,4744.0
23andMe,Biotechnology|Search,227049900.0,operating,USA,8,-150.0
3-V Biosciences,Biotechnology,128477567.0,operating,USA,7,82.0
360Guanxi,Biotechnology|Life Sciences|Media|News|Pharmaceuticals,5000000.0,operating,CHN,1,3439.0
360imaging,Biotechnology|Dental,1000000.0,operating,USA,2,2495.0
3CI,Biotechnology,133620.0,operating,ITA,1,1096.0
3D Biomatrix,Biotechnology,1465000.0,operating,USA,2,-88.0
"3D Operations, Inc.",3D Printing|Health and Wellness|Health Care,7500.0,operating,USA,1,-34.0
3D4Medical.com,Health Care,16399999.0,operating,IRL,1,4205.0
3Derm Systems,3D|Medical|Physicians,1880000.0,operating,USA,4,457.0
3DR Laboratories,Biotechnology,7436500.0,operating,USA,2,
3P Biopharmaceuticals,Biotechnology|Pharmaceuticals,4783500.0,operating,ESP,2,
3Scan,Biotechnology,7063012.0,operating,USA,4,242.0
4 Animals AlsterScience GmbH,Animal Feed|Medical|Specialty Foods,0.0,operating,DEU,1,
480 Biomedical,Biotechnology,49656999.0,operating,USA,5,409.0
4D Molecular Therapeutics,Biotechnology,6999995.0,operating,USA,1,954.0
4Deep,Biotechnology,500000.0,operating,CAN,1,2880.0
4Tech,Biotechnology,7000000.0,operating,USA,1,354.0
5i Sciences,Healthcare Services|Life Sciences|Medical,5955000.0,operating,USA,2,
7 Cups of Tea,Health and Wellness|Health Care|Health Services Industry,0.0,operating,USA,2,59.0
7 Oaks Pharmaceutical,Biotechnology,1613014.0,operating,USA,1,5269.0
7TM Pharma,Biotechnology|Diabetes|Therapeutics,22000000.0,operating,,1,
A.D.A.M INC,Health and Wellness|Health Care|Healthcare Services|Medical|Technology,6000000.0,operating,,1,3682.0
A&G Pharmaceutical,Biotechnology,2100002.0,operating,USA,2,
A-Life Medical,Biotechnology,3000000.0,acquired,USA,1,
A Little Easier Recovery,Charity|Financial Services|Medical,50000.0,operating,USA,1,
A.P.Pharma,Biotechnology,32142818.0,operating,USA,2,
AAIPharma Services,Biotechnology,20000000.0,operating,USA,1,12063.0
Aastrom Biosciences,Biotechnology,40000000.0,ipo,USA,1,8468.0
AAVLife,Health Care Information Technology|Medical|Therapeutics,12000000.0,operating,FRA,1,
Aavya Health,Health and Insurance|Health and Wellness|Health Care Information Technology|Retail,0.0,operating,USA,1,
Abattis Bioceuticals,Biotechnology,400988.0,ipo,CAN,3,4783.0
Abbott Labs,Biotechnology|Health and Wellness|Medical|Venture Capital,6790000.0,ipo,USA,2,6649.0
Abcam,Biotechnology|Events,78799653.0,operating,GBR,2,4906.0
AbCelex Technologies,Biotechnology,2000000.0,operating,CAN,1,1578.0
Abcodia,Biotechnology,10207905.0,operating,GBR,4,509.0
abeo,Health Care,2012700.0,operating,USA,1,
Abeona Therapeutics,Biotechnology,12850000.0,operating,USA,3,349.0
ABFIT Products,Medical,0.0,operating,USA,1,5.0
AbGenomics,Biotechnology,39610000.0,operating,USA,3,4401.0
Abide Therapeutics,Biotechnology,2250180.0,operating,USA,1,321.0
Ability Dynamics,Health Care,1500000.0,operating,USA,1,1145.0
ABILITY Network,Health Care,583000000.0,operating,USA,4,2539.0
AbilTo,Curated Web|Health and Wellness|Health Care|Internet|Medical|Psychology|Teachers|Technology|Therapeutics|VoIP|Web Development,21000000.0,operating,USA,3,1960.0
Abingdon Health,Health Care|Health Diagnostics,12853396.0,operating,GBR,3,1546.0
aBioBot,Biotechnology|Robotics|Technology,50000.0,operating,USA,1,33.0
Abiogenix,Fitness|Health and Wellness|Health Care|Medical Devices|Medication Adherence,0.0,operating,USA,1,227.0
Abionic,Biotechnology|Medical|Nanotechnology,3986362.0,operating,CHE,1,1747.0
ABK Biomedical,Fitness|Health and Wellness|Medical,0.0,operating,CAN,1,
Ablation Frontiers,Innovation Engineering|Medical|Medical Devices,21800000.0,acquired,USA,1,
Ablative Solutions,Biotechnology,42980577.0,operating,USA,7,368.0
Ablexis,Biotechnology,12000000.0,operating,USA,1,519.0
Ablynx,Biotechnology,186036236.0,ipo,BEL,6,632.0
Abreos Biosciences,Biotechnology|Clinical Trials|Medication Adherence,175000.0,operating,,1,
ABS,Health Care,132500.0,operating,USA,1,1357.0
ABS Medical,Medical,0.0,operating,USA,1,244.0
Absorption Pharmaceuticals,Biotechnology,1200000.0,operating,USA,1,
Absynth Biologics,Biotechnology,1663801.11900538,operating,GBR,2,2390.0
ABT Molecular Imaging,Health Care,28364818.0,operating,USA,10,1374.0
Abzena,Biotechnology,64640151.5803158,ipo,GBR,2,4570.0
AC Immune SA,Biotechnology,39279460.0,operating,CHE,2,862.0
Acacia Pharma,Biotechnology,33500000.0,operating,GBR,2,1915.0
ACADIA Pharmaceuticals,Biotechnology|Health Care,126385000.0,ipo,USA,3,
Acarix,Health Care,4710960.0,operating,DNK,1,1534.0
Accel Diagnostics,Diagnostics|Health Care|Health Diagnostics|Medical Devices,25000.0,operating,USA,3,40.0
Accelalox,Biotechnology,430000.0,operating,USA,1,1743.0
AcceleCare Wound Centers,Health Care|Hospitals|Medical,13500000.0,acquired,USA,2,
Accelerate Diagnostics,Health Care|Health Diagnostics|Medical Devices,63016244.0,ipo,USA,4,2273.0
Acceleron Pharma,Biotechnology,113701127.0,ipo,USA,6,944.0
Accentia Biopharmaceuticals Inc,Biotechnology|Health and Wellness,775000.0,ipo,USA,2,3690.0
Accera,Biotechnology,138581610.0,operating,USA,5,1354.0
Access Closure,Health Care,13793098.0,acquired,USA,3,2983.0
Access Integrated Healthcare,Health and Wellness|Health Care|Services,58500000.0,operating,USA,2,205.0
Access MediQuip,Health Care,46900000.0,operating,USA,1,5856.0
Access Psychiatry Solutions,Biotechnology,250000.0,operating,USA,1,139.0
Access Scientific,Health Care,21376001.0,acquired,USA,6,2105.0
Accessbio,Biotechnology,12000000.0,operating,USA,1,
Acclarent,Biotechnology|Medical,35000000.0,acquired,USA,1,1056.0
Acclaris Holdings,Development Platforms|Health Care|Software,5000000.0,acquired,USA,1,-1990.0
Accolade,Health and Wellness|Health Care|Healthcare Services,96244444.0,operating,USA,6,31.0
Accord Biomaterials,Biotechnology,1200000.0,operating,USA,1,1024.0
Accountable,B2B|Cloud Computing|Enterprises|Health and Wellness|Health Care|Network Security|SaaS,158000.0,operating,USA,2,153.0
Accriva Diagnostics,Medical Devices,15470704.0,operating,USA,2,304.0
Accu-Break Pharmaceuticals,Biotechnology,6650000.0,operating,USA,2,2342.0
Accudial Pharmaceutical,Biotechnology,12024769.0,operating,USA,3,146.0
AccuMED Technologies,Medical,0.0,operating,USA,1,7601.0
Accumen,Health Care|Hospitals,6700000.0,operating,USA,1,0.0
Accumetrics,Biotechnology,110640466.0,acquired,USA,9,2692.0
AccuNostics,Health Care|Health Diagnostics,6321095.0,operating,GBR,1,1353.0
Accupal,Medical,0.0,operating,USA,1,275.0
Accuri Cytometers,Biotechnology,32655000.0,operating,USA,8,
ACE,Biotechnology|Medical,1245092.0,operating,USA,3,1597.0
ACE Health,Health and Wellness|Health Care|Health Care Information Technology|mHealth|Predictive Analytics,145562.0,operating,IRL,2,1155.0
ACEA BIO,Biotechnology,30000000.0,operating,USA,1,5060.0
AcelRx Pharmaceuticals,Biotechnology|Health Care,93654902.0,ipo,USA,5,
Acera Surgical,Health Care,600000.0,operating,USA,1,219.0
Acesion Pharma,Biotechnology,0.0,operating,DNK,2,727.0
Acesis,Health Care|Physicians|Software,3638201.0,operating,USA,1,1580.0
AcesoBee,Health Care,41250.0,operating,HKG,1,348.0
Acetylon Pharmaceuticals,Biotechnology,151250000.0,operating,USA,6,578.0
Achaogen,Biotechnology|Health Care,116605707.0,ipo,USA,4,213.0
Achelios Therapeutics,Biotechnology,3170442.0,operating,USA,1,
The Activity Exchange (AchieveMint),Health and Wellness|Health Care|mHealth|Mobile,0.0,operating,USA,1,0.0
Achillion Pharmaceuticals,Biotechnology|Health Care,91100000.0,ipo,USA,2,1488.0
Aciex Therapeutics,Biotechnology,9599860.0,acquired,USA,3,
Aclaris Therapeutics,Biotechnology,82000000.0,ipo,USA,3,
Acologix,Biotechnology,40000000.0,operating,USA,1,4507.0
Acorda Therapeutics,Biotechnology|Health Care,76800000.0,ipo,USA,3,
ACS Biomarker,Biotechnology,0.0,operating,NLD,1,
ACS Global,Biotechnology,3162000.0,ipo,USA,2,
ACT Biotech,Biotechnology|Health and Wellness|Medical|Pharmaceuticals,26980000.0,operating,USA,6,126.0
Actimis Pharmaceuticals,Biotechnology,15600000.0,acquired,USA,2,
Actinium Pharmaceuticals,Biotechnology,7000720.0,ipo,USA,2,4324.0
Actinobac Biomed,Biotechnology,600000.0,operating,USA,2,78.0
Activaero,Biotechnology,22585000.0,acquired,DEU,2,2150.0
Activaided Orthotics,Fitness|Medical|Training,25000.0,operating,USA,4,405.0
Activate Healthcare,Health Care,950000.0,operating,USA,3,1100.0
Activation Life,Biotechnology,40000.0,operating,USA,1,1595.0
ActivBiotics,Health Care|Medical|Therapeutics,17000000.0,operating,,1,
Active Implants,Biotechnology,99717506.0,operating,USA,11,205.0
Active Life Scientific,Biotechnology,925000.0,operating,USA,3,1205.0
ActiViews,Health Care,10000000.0,acquired,ISR,2,681.0
Activiomics,Biotechnology|Health Diagnostics,805000.0,acquired,GBR,1,
ActoGeniX,Biotechnology|Clinical Trials|Pharmaceuticals,30204758.8708734,acquired,BEL,2,
Acton Pharmaceuticals,Biotechnology,36700005.0,acquired,USA,4,
ActualMeds,Health Care,550000.0,operating,USA,2,1028.0
ActX,Biotechnology,2670394.0,operating,USA,2,742.0
Acucela,Biotechnology,439603.0,operating,USA,1,2803.0
AcuFocus,Health Care,104000000.0,operating,USA,4,2206.0
Acuitas Medical,Health Care,1067275.0,operating,GBR,2,
Acuity Medical International,Health Care,1500321.0,operating,USA,1,4655.0
Acuity Pharmaceuticals,Health Care|Pharmaceuticals|Technology,15000000.0,acquired,USA,1,
Autism Acumen,Medical|Video,0.0,operating,USA,1,
Acumen Pharmaceuticals,Biotechnology|Health Diagnostics,2200000.0,operating,USA,2,3881.0
Acupera,Health Care,10000000.0,operating,USA,3,0.0
Acura Pharmaceuticals,Biotechnology,10300000.0,ipo,USA,2,
Acurian,Medical|Pharmaceuticals|Service Providers,27000000.0,operating,USA,1,
Acusphere,Biotechnology|Pharmaceuticals,10000000.0,ipo,USA,2,6761.0
Acustream,Health Care,2000000.0,operating,USA,1,2480.0
Acutus Medical,Biotechnology,63176464.0,operating,USA,5,219.0
Acylin Therapeutics,Biotechnology,6400000.0,operating,USA,2,740.0
Adagio Medical,Health Care,6637111.0,operating,USA,2,818.0
AdAlta,Biotechnology,3007428.34801961,operating,AUS,1,357.0
Adamas Pharmaceuticals,Health Care,82000000.0,ipo,USA,4,1947.0
Adamis Pharmaceuticals,Biotechnology,16377078.0,ipo,USA,5,2287.0
Adapta Medical,Health Care,225000.0,operating,USA,2,
Adaptimmune,Biotechnology,107500000.0,ipo,GBR,2,2276.0
Adaptive Biotechnologies,Bio-Pharm|Biotechnology|Health Care,401499480.0,operating,USA,5,1716.0
Adaptive Symbiotic Technologies,Biotechnology,1099000.0,operating,USA,1,
Adartis Animal Health,Biotechnology|Medical,0.0,operating,USA,1,625.0
Adarza BioSystems,Biotechnology|Health Diagnostics,7250000.0,operating,USA,4,1933.0
ADC Therapeutics,Biotechnology,120000000.0,operating,CHE,2,1019.0
AdCare Health Systems,Biotechnology|Health Care,36043700.0,ipo,USA,7,8018.0
Addapp,Fitness|Health and Wellness|Health Care|Personal Health|Software,1800000.0,operating,USA,1,1.0
Addex Therapeutics,Biotechnology,2842048.0,ipo,CHE,1,4815.0
Addiction Campuses of America,Health Care,6800000.0,operating,USA,3,147.0
AddressHealth,Child Care|Health and Wellness|Health Care|Medical,0.0,operating,IND,1,1631.0
Addus HealthCare,Health and Wellness|Health Care,1240000.0,ipo,USA,1,11544.0
Adenios,Biotechnology,810000.0,operating,USA,1,411.0
Adenovir Pharma,Biotechnology,787000.0,operating,SWE,1,
AdhereTech,Health Care|Medical Devices,2350000.0,operating,USA,2,-74.0
Adherex Technologies,Biotechnology,3500000.0,operating,USA,2,2894.0
Adherial,Health and Wellness|Health Care Information Technology|Mobile,560000.0,operating,USA,2,1278.0
Adherium,Medical Devices,3000000.0,operating,NZL,1,5343.0
Adheron Therapeutics,Biotechnology,1500000.0,acquired,USA,1,
Adhezion Biomedical,Biotechnology,4035000.0,operating,USA,3,3342.0
Adial Pharmaceuticals,Biotechnology,6731042.0,operating,USA,2,1535.0
Adiana,Biotechnology,23000000.0,acquired,USA,1,3158.0
Adicet Bio,Biotechnology,14625000.0,operating,USA,1,
AdiCyte,Biotechnology,2649402.0,operating,USA,2,387.0
Adient Health,Health Care,458912.0,operating,USA,1,
Adimab,Biotechnology,45282384.0,operating,USA,9,76.0
Adjudica,Enterprise Software|Facebook Applications|Medical|Software|Technology|Weddings,550000.0,operating,USA,2,731.0
Adlyfe,Biotechnology,8300000.0,operating,USA,2,1112.0
ADMA Biologics,Biotechnology,46500000.0,ipo,USA,3,
Admera,Health and Wellness|Health Care|Medical,0.0,operating,USA,1,1192.0
Admittance Technologies,Health Care,5886000.0,operating,USA,2,1114.0
Adnexus,Biotechnology|Health Care|Medical|Therapeutics,55500000.0,acquired,USA,3,365.0
Adnoviv,Industrial|Medical|Security|Sensors,25000.0,operating,USA,1,
Adocia,Biotechnology,37079200.0,operating,FRA,2,1115.0
Adora,Health and Wellness|Medical|Medical Devices,223828.0,operating,SVN,1,
Adreima,Health Care|Hospitals|Medical,0.0,operating,USA,1,
Aduro BioTech,Biotechnology,143380947.0,ipo,USA,8,3608.0
Advalight,Medical Devices,1299826.0,operating,DNK,2,1065.0
Advance Health,Health Care|Information Technology|Medical|Pharmaceuticals,40000000.0,operating,USA,1,0.0
ADVANCE Medical,Health Care,26000000.0,operating,USA,2,
Advanced Accelerator Applications,Biotechnology|Health Diagnostics,52750600.0,ipo,FRA,1,4430.0
Advanced Animal Diagnostics,Biotechnology|Health Diagnostics,32000000.0,operating,USA,3,3725.0
Advanced BioEnergy,Biotechnology,7746327.0,operating,USA,1,1824.0
Advanced BioHealing,Biotechnology,33500000.0,acquired,USA,2,1055.0
Advanced Biomedical Technologies,Biotechnology,205250.0,operating,USA,1,
Advanced BioNutrition,Biotechnology,17060275.0,operating,USA,4,
Advanced Brain Monitoring,Health Care,836778.0,operating,USA,1,4479.0
Advanced Catheter Therapies,Biotechnology|Health Care|Life Sciences,14350000.0,operating,USA,5,1259.0
Advanced Cell Diagnostics,Biotechnology|Health Diagnostics,40800000.0,operating,USA,4,976.0
Advanced Cell Technology,Biotechnology,57777000.0,ipo,USA,3,1046.0
Advanced Cooling Therapy,Medical Devices,4500000.0,operating,USA,2,2058.0
Advanced fPAT Imaging,Medical,100000.0,operating,USA,1,-277.0
Advanced ICU Care,Health Care,17825489.0,operating,USA,4,2197.0
Advanced Imaging Technologies,Biotechnology,440000.0,operating,USA,1,1966.0
Advanced In Vitro Cell Technologies,Health Care,16211800.0,acquired,ESP,1,2523.0
ADVANCED MEDICAL ISOTOPE,Biotechnology,525000.0,operating,USA,1,2679.0
Advanced Oncotherapy,Health Care,757625.0,operating,GBR,1,295.0
Advanced Orthopedic Technologies,Fitness|Health Care|Medical|Technology,250000.0,operating,USA,1,
Advanced Patient Care,Health Care,200000.0,operating,USA,2,1024.0
Advanced Personalized Diagnostics,Health Diagnostics|Medical,0.0,operating,USA,1,140.0
Advanced Plasma Therapies,Biotechnology,500000.0,operating,USA,1,1193.0
Advanced Practice Strategies,Internet|Knowledge Management|Medical,12000000.0,operating,USA,1,8124.0
Advanced Proteome Therapeutics,Biotechnology,2077950.0,operating,USA,5,
Advanced TeleSensors,Fitness|Health and Wellness|Health Care|Medical Devices|Security,250000.0,operating,USA,1,731.0
AdvanDx,Biotechnology,39700000.0,acquired,USA,5,2086.0
Advantagene,Biotechnology,500000.0,operating,USA,1,
Advaxis,Biotechnology,98537423.0,ipo,USA,8,2830.0
Advenchen Laboratories,Biotechnology,4475000.0,operating,USA,1,2696.0
Advent Health Partners,Biotechnology,1500000.0,operating,USA,1,383.0
Advent Therapeutics,Health and Wellness|Health Care|Therapeutics,50000.0,operating,,1,
ADVENTRX Pharmaceuticals,Biotechnology,22500000.0,operating,USA,1,
Advera Health Analytics,Big Data Analytics|Health and Wellness|Health Care Information Technology|Pharmaceuticals,2000000.0,operating,USA,1,1566.0
Advion Inc.,Biotechnology,1500000.0,operating,USA,1,7850.0
Advitech,Biotechnology,1440000.0,operating,,1,
Adynxx,Biotechnology,7540560.0,operating,USA,3,1310.0
AEGEA Medical,Biotechnology,55367098.0,operating,USA,3,1605.0
Aegera Therapeutics,Biotechnology|Pharmaceuticals,12173913.0434783,operating,CAN,1,
Aegerion Pharmaceuticals,Biotechnology|Health Care,19814760.0,ipo,USA,2,2004.0
Aeglea BioTherapeutics,Biotechnology|Health Care|Therapeutics,68000000.0,operating,USA,3,373.0
AEOLUS PHARMACEUTICALS,Biotechnology,11755550.0,operating,USA,6,5574.0
Aeonmed Medical Treatment,Health Care,0.0,operating,CHN,1,
Aerial BioPharma,Biotechnology,19500000.0,operating,USA,3,
Aerie Pharmaceuticals,Biotechnology,253614965.0,ipo,USA,5,2069.0
Aerin Medical,Biotechnology,7473123.0,operating,USA,4,345.0
AeroSurgical,Health Care,2200000.0,operating,IRL,1,
Aerpio Therapeutics,Biotechnology,63000000.0,operating,USA,4,369.0
Aesica Pharmaceuticals,Biotechnology,0.0,acquired,GBR,1,
AesRx,Biotechnology,3455150.0,operating,USA,3,1276.0
Aethlon Medical,Health Care,17681234.0,ipo,USA,12,3843.0
Aethon,Health Care,35668990.0,operating,USA,8,1794.0
Afferent Pharmaceuticals,Biotechnology,89200000.0,operating,USA,7,-1952.0
Affibody,Biotechnology|Health Diagnostics,28499283.0,operating,SWE,1,
Affimed Therapeutics,Biotechnology,108377224.0,ipo,DEU,5,2650.0
Affinergy,Biotechnology,3000000.0,operating,USA,1,
Affineti Biologics,Health Care,500000.0,operating,,1,
Affinimark Technologies,Biotechnology,1359394.0,operating,USA,1,
Affinity Therapeutics,Biotechnology,400000.0,operating,USA,1,1469.0
Affinium Pharmaceuticals,Biotechnology|Health Care|Pharmaceuticals,81800000.0,acquired,USA,5,2641.0
AFFiRiS,Biotechnology,34082500.0,operating,AUT,1,
Affomix Corporation,Biotechnology,7000000.0,operating,USA,1,
Afinity Life Sciences,Biotechnology,1500000.0,operating,CAN,1,618.0
Afraxis,Ediscovery|Health Care|Medical,1500000.0,operating,USA,2,
After Care Apps,Health Care Information Technology|Mobile|SaaS,200000.0,operating,USA,1,-730.0
AgaMatrix Inc.,Health and Wellness|Health Care|Medical Devices,23660000.0,operating,USA,1,2557.0
AgBiome,Biotechnology,52000000.0,operating,USA,2,466.0
Agencourt Bioscience,Biotechnology,0.0,acquired,USA,1,-730.0
Agency for Student Health Research,Analytics|Big Data|Databases|EdTech|Education|Health Care Information Technology|Mobile Health|Risk Management|Software,425000.0,operating,USA,2,1581.0
Agendia,Biotechnology,122000000.0,operating,NLD,3,1700.0
AgeneBio,Biotechnology,11001850.0,operating,USA,8,546.0
Agennix,Biotechnology,35000000.0,operating,DEU,2,3011.0
Agensys,Biotechnology,84100000.0,operating,USA,2,1888.0
Agenus,Biotechnology,171140000.0,ipo,USA,5,5694.0
Ageria,Biotechnology,0.0,operating,IRL,1,
Aggamin Pharmaceuticals,Biotechnology,3722355.0,operating,USA,1,1203.0
Aggredyne,Biotechnology,3000000.0,operating,USA,1,
AGI Biopharmaceuticals,Biotechnology,4710000.0,operating,,1,
Agile Edge Technologies,Medical,0.0,operating,USA,1,1753.0
Agile Sciences,Biotechnology,2808642.0,operating,USA,2,
Agile Therapeutics,Biotechnology,111005000.0,ipo,USA,7,4683.0
AgileMD,Health Care,2000000.0,operating,USA,2,93.0
AgileNano,Biotechnology,272500.0,operating,USA,1,
Agilis Biotherapeutics,Biotechnology,8000000.0,operating,USA,1,
Agilvax,Biotechnology|Health Care|Medical,3150000.0,operating,USA,2,
Agios Pharmaceuticals,Biotechnology|Health Care,119823937.0,ipo,USA,4,188.0
Agradis,Biotechnology,24000000.0,operating,USA,2,216.0
AgraQuest,Biotechnology,57100000.0,acquired,USA,4,2959.0
Agri-Neo,Biotechnology,118508.0,operating,CAN,1,
Agrican,Medical,500000.0,operating,USA,1,477.0
Agrisoma Biosciences,Biotechnology,2320000.0,operating,CAN,2,2923.0
Agrivida,Biotechnology,43898233.0,operating,USA,7,1786.0
AgroSavfe,Biotechnology,6637000.0,operating,BEL,1,
AGY Therapeutics,Medical|Pharmaceuticals|Therapeutics,9000000.0,operating,,1,
ahoyDoc,Health Care|Health Care Information Technology,20000.0,operating,USA,1,
AHS PharmStat,Employment|Health Care|Staffing Firms,900000.0,operating,USA,1,
Ahura Scientific,Biotechnology,29500000.0,acquired,USA,3,230.0
Ai2 UK,Biotechnology,3108469.0,operating,GBR,2,1854.0
AiCuris,Biotechnology,74800000.0,operating,,1,
Aider,Medical Devices,44645.0,operating,KOR,1,426.0
Aidin,Health Care|Software,600000.0,operating,USA,2,
AIKO Biotechnology,Biotechnology,850000.0,operating,USA,1,1404.0
Aileron Therapeutics,Biotechnology,139500000.0,operating,USA,7,699.0
Aimbrain,Biotechnology,0.0,operating,GBR,1,
AIMM Therapeutics,Biotechnology,0.0,operating,NLD,1,
Aionex,Health Care|Health Care Information Technology|Hospitals,250000.0,operating,USA,1,2119.0
Aircare,Health and Wellness|Health Care|Health Services Industry,0.0,operating,USA,1,
Aires Pharmaceuticals,Biotechnology,20000000.0,acquired,USA,1,1441.0
AirInSpace,Biotechnology|Manufacturing,8500000.0,operating,FRA,1,
Airstrip Technologies,Health Care,65000000.0,operating,USA,4,2427.0
AirWare Lab,Biotechnology,250000.0,operating,USA,2,1301.0
Airway Therapeutics,Biotechnology,5100000.0,operating,USA,2,
AirXpanders,Biotechnology,60586207.0,operating,USA,12,362.0
AIS,Health Care Information Technology|Health Diagnostics|Medical,50000.0,operating,USA,1,
AIT,Biotechnology|Pharmaceuticals,1250000.0,operating,ISR,1,704.0
AIT Bioscience,Biotechnology,1000000.0,operating,USA,1,1832.0
Akadeum Life Sciences,Biotechnology,905063.0,operating,USA,1,589.0
AkaRx,Biotechnology,26100000.0,acquired,USA,5,233.0
Akebia Therapeutics,Biotechnology|Health Care,83100000.0,ipo,USA,4,988.0
Akermin,Biotechnology,21553364.0,operating,USA,7,1411.0
Akeso Biomedical,Biotechnology,760000.0,operating,USA,2,352.0
AkesoGenX,Health and Wellness|Medical Devices|Therapeutics,1514985.0,operating,USA,2,162.0
Akido Labs,Health Care,120000.0,operating,USA,1,30.0
Akonni Biosystems,Biotechnology|Health Diagnostics,40624513.0,operating,USA,10,
Akshay Wellness,Biotechnology,4566267.0,operating,USA,2,2470.0
AktiVax,Biotechnology,515252.0,operating,USA,2,1298.0
Ala-Septic,Biotechnology|Medical,0.0,operating,USA,1,-16.0
Alafair Biosciences,Biotechnology,2227000.0,operating,USA,4,-12.0
Alaunus,Health Care|Health Care Information Technology|Information Technology,30000.0,operating,CAN,1,1520.0
"Alavita Pharmaceuticals, Inc",Biotechnology,600000.0,operating,USA,1,1724.0
Albeado,Financial Services|Health Care|Insurance|Utilities,3000000.0,operating,USA,1,1943.0
Albert Medical Devices,Health Care,2239966.0,operating,GBR,3,
Albireo,Biotechnology,40000000.0,operating,SWE,1,
Alchemia Oncology,Biotechnology,1313760.0,operating,AUS,2,679.0
Alchemy Pharmatech,Health Care,621220.0,operating,GBR,1,
Alchemy Pharmatech Ltd.,Health Care,81837.0,operating,GBR,1,
Alchimedics,Biotechnology|Innovation Management|Medical,3286360.0,operating,FRA,1,
Alcidion Corporation,Health Care,1500000.0,operating,AUS,1,5567.0
Alcresta,Biotechnology,20000000.0,operating,USA,2,472.0
Alcyone Lifesciences,Biotechnology,6800004.0,operating,USA,3,817.0
Aldagen,Biotechnology,50653283.0,acquired,USA,6,
ALDEA Pharmaceuticals,Biotechnology,41997183.0,operating,USA,4,493.0
Alder Biopharmaceuticals,Biotechnology|Health Care|Therapeutics,105000000.0,ipo,USA,4,547.0
Aldera,Finance|Health Care,14000000.0,operating,USA,1,4173.0
Aldeyra Therapeutics,Health Care,7791560.0,ipo,USA,1,4046.0
Alector,Biotechnology,32000000.0,operating,USA,2,303.0
Aledade,Health Care|Hospitality,34500000.0,operating,USA,2,168.0
Alere,Hardware + Software|Health Care|Health Diagnostics|Pharmaceuticals,400000000.0,acquired,USA,1,10855.0
Alere Analytics,Biotechnology,5000000.0,operating,USA,1,4315.0
Alethia BioTherapeutics,Biotechnology,13900000.0,operating,CAN,2,3171.0
Alexar Therapeutics,Biotechnology,0.0,operating,USA,1,849.0
Alexion Pharmaceuticals,Biotechnology|Health and Wellness|Medical,31322.8138424199,ipo,USA,1,8492.0
Alexo Therapeutics,Biotechnology,18022500.0,operating,IRL,1,140.0
Alexza Pharmaceuticals,Biotechnology|Health Care,113730309.0,ipo,USA,5,
ALGAentis,Biotechnology|Medical,29000.0,operating,USA,1,770.0
Algaeon,Biotechnology,1345863.0,operating,USA,3,1814.0
Algaeventure Systems,Biotechnology|Clean Technology|Green|Pharmaceuticals,4486625.0,operating,USA,2,
Algenetix,Biotechnology,2000000.0,operating,USA,1,457.0
Algiax Pharmaceuticals,Biotechnology,5477340.0,operating,DEU,1,
Algisys,Biotechnology,6153863.0,operating,USA,1,1686.0
Algo Access Pte Ltd,Medical Devices,459389.0,operating,,1,
Algonomics,Biotechnology,2012351.3654922,acquired,BEL,1,
Align Networks,Health Care,0.0,operating,USA,1,
Align Technology,Hardware + Software|Health Care,72299357.0,ipo,USA,1,
Alimera Sciences,Biotechnology|Health Care|Medical|Pharmaceuticals,206050000.0,ipo,USA,7,555.0
Alios BioPharma,Biotechnology,73000000.0,acquired,USA,3,1138.0
Aliva Biopharmaceuticals,Bio-Pharm|Biotechnology|Health and Wellness|Health Care,12870407.0,operating,USA,1,
AlixaRx,Biotechnology,100000000.0,operating,USA,1,548.0
Alizé Pharma,Biotechnology,10562781.0,operating,FRA,2,1981.0
Alkermes,Biotechnology,250000000.0,acquired,USA,1,
Alkeus Pharmaceuticals,Biotechnology,100000.0,operating,USA,1,
All in One Medical,Health Care,4545754.0,operating,GBR,1,4073.0
EMBI,Analytics|Healthcare Services|Medical|SaaS,0.0,operating,USA,1,930.0
Allakos,Biotechnology,62449545.0,operating,USA,3,969.0
AllazoHealth,Health and Wellness|Health Care,0.0,operating,USA,2,565.0
Allecra Therapeutics,Biotechnology,19567500.0,operating,FRA,1,107.0
Allegheny General Hospital,Health Care,1415000.0,operating,USA,2,
Allegro Diagnostics,Biotechnology|Health Diagnostics,5400000.0,acquired,USA,1,2013.0
Allegro Ophthalmics,Biotechnology,22000000.0,operating,USA,2,
Allele Biotech,Biotechnology,7000000.0,operating,USA,1,5745.0
Allena Pharmaceuticals,Biotechnology,40000000.0,operating,USA,2,319.0
AllergEase,Biotechnology,1080959.0,operating,USA,1,1192.0
Allergy Therapeutics,Healthcare Services|Medical|Medical Professionals,30000000.0,ipo,GBR,1,
Allete Therapeutic Solutions,Medical,0.0,operating,USA,1,
Alliance Health Networks,Health Care,14300000.0,operating,USA,2,2815.0
AlliedPath,Biotechnology|Health Diagnostics,490000.0,operating,USA,1,
Alligator Bioscience,Biotechnology,7443779.0,operating,,1,
Alliqua,Biotechnology|Health Diagnostics,40816578.0,ipo,USA,7,
AllizHealth,Health and Wellness|Health Care,350000.0,operating,IND,1,152.0
Allocade,Biotechnology,11587263.0,operating,USA,3,2045.0
AlloCure,Biotechnology,46988259.0,operating,USA,5,183.0
Allon Therapeutics,Biotechnology,11626182.0,ipo,CAN,2,
Allostera Pharma,Biotechnology,15400000.0,operating,CAN,1,1668.0
Allozyne,Biotechnology,36902500.0,operating,USA,4,339.0
Alltech Medical Systems,Health Care,6599285.0,operating,CHN,4,
Allurion Technologies,Health Care,4469794.0,operating,USA,3,1302.0
Allux Medical,Health Care,6400000.0,operating,USA,1,
Allygrow Technologies,Aerospace|Automotive|Engineering Firms|Medical|Medical Devices,20000000.0,operating,IND,1,
Allylix,Agriculture|Biotechnology|Pharmaceuticals,30550000.0,acquired,USA,3,2158.0
Alnara Pharmaceuticals,Biotechnology|Health and Wellness,55000000.0,acquired,USA,2,303.0
Alnylam Pharmaceuticals,Health Care,734600000.0,ipo,USA,3,
Alodokter,Health and Wellness|Health Care|Internet,0.0,operating,IDN,1,475.0
Alpha Orthopaedics,Health Care,3092294.0,operating,USA,1,
AlphaCare Holdings,Biotechnology,17415364.0,operating,USA,2,591.0
Alphatec Spine,Health Care,58950000.0,ipo,USA,2,8348.0
AlphaVax,Biotechnology|Health Care|Medical,29220000.0,operating,USA,2,
Alpine Immune Sciences,Biotechnology|Health Care|Medical,1300000.0,operating,USA,1,0.0
Alseres Pharmaceuticals,Biotechnology,5900000.0,operating,USA,3,
ALT Bioscience,Biotechnology,8151461.0,operating,USA,3,4699.0
Altacor,Biotechnology,3050505.0,operating,GBR,1,
Altammune,Biotechnology|Health Diagnostics,46000.0,operating,USA,1,744.0
ALTATHERA Pharmaceuticals,Health and Wellness|Health Care|Pharmaceuticals,2000000.0,operating,USA,2,
Altea Therapeutics,Biotechnology,3685000.0,operating,USA,2,4150.0
Alteer,Health Care Information Technology|Healthcare Services|Medical,25900000.0,operating,,2,
AlterG,Health Care|Medical Devices,50310333.0,operating,USA,7,-53.0
Altermune Technologies,Biotechnology,7000000.0,operating,USA,1,629.0
AltheaDx,Biotechnology|Health Diagnostics,10974363.0,operating,USA,3,224.0
AltheRx Pharmaceuticals,Biotechnology,15000000.0,operating,USA,1,1217.0
Altheus Therapeutics,Biotechnology,10055948.0,operating,USA,2,2167.0
ALTHIA,Biotechnology,3855000.0,operating,ESP,1,
Altogen Labs,Biotechnology,0.0,operating,USA,1,
Altor BioScience,Biotechnology,56276492.0,operating,USA,8,1940.0
AltraVax,Biotechnology,2000000.0,operating,USA,1,333.0
AltusCampus,Medical|Online Education,829234.0,operating,USA,3,427.0
ALung Technologies,Biotechnology,76241743.0,operating,USA,8,4656.0
Alvine Pharmaceuticals,Biotechnology,138012000.0,operating,USA,6,613.0
Alvo International Inc.,Medical,0.0,operating,USA,1,191.0
Alvos Therapeutic,Biotechnology,2000000.0,operating,USA,1,588.0
Alzheon,Biotechnology,19955000.0,operating,USA,3,738.0
AM Pharma,Biotechnology,59059340.5914244,operating,NLD,3,
AM Technology,Biotechnology,61399.0,operating,GBR,1,4858.0
Amadix,Biotechnology|Medical|Physicians,2674800.0,operating,ESP,1,
Amakem,Biotechnology,25378200.0,operating,BEL,1,
Amal Therapeutics,Biotechnology,0.0,operating,CHE,1,782.0
Amaranth Medical,Biotechnology,20000000.0,operating,USA,1,2837.0
Amarantus BioSciences,Biotechnology,4299327.0,operating,USA,2,2066.0
Amari Jade,Health Care|Medical,0.0,operating,USA,1,1200.0
Amarin,Biotechnology,70000000.0,ipo,IRL,1,6860.0
Amaxa Biosystems,Biotechnology,0.0,acquired,DEU,1,273.0
Ambient Clinical Analytics,Health Care,1762800.0,operating,USA,2,-86.0
Ambit Biosciences,Biotechnology,193727869.0,acquired,USA,7,1958.0
Ambria Dermatology,Biotechnology,706924.0,operating,SWE,1,
Ambronite,Health Care|Nutrition|Organic,702824.0,operating,FIN,2,458.0
Ambrx,Biotechnology,10000000.0,operating,USA,1,
amcure,Biotechnology,6747501.0,operating,DEU,1,1299.0
AMDL,Biotechnology,1327250.0,operating,USA,1,
Amedica,Biotechnology|Health Care,142825000.0,ipo,USA,6,-910.0
Amedrix,Biotechnology,989240.0,operating,DEU,1,
AMENDIA,Biotechnology,3730000.0,operating,USA,2,864.0
American Addiction Centers,Biotechnology,8877015.0,ipo,USA,4,
American Ambulance Company,Medical,0.0,operating,USA,1,520.0
American BioCare,Biotechnology,1805230.0,operating,USA,3,5103.0
American CareSource Holdings,Biotechnology,18121600.0,ipo,USA,5,7068.0
American Dental Partners,Business Intelligence|Medical|Services,0.0,ipo,USA,1,376.0
American Discount Pharmacy Crop,Medical,0.0,operating,USA,1,1896.0
American Esoteric Laboratories,Health Care|Healthcare Services|Hospitals,70000000.0,operating,USA,1,
American Family Pharmacy,Medical,0.0,operating,USA,1,858.0
American Gene Technologies International,Biotechnology,1664999.0,operating,USA,2,2450.0
American Health Supplies,Medical|Pharmaceuticals,0.0,operating,USA,1,7723.0
American Kidney Stone Management,Biotechnology,217708.0,operating,USA,2,9430.0
American Medical Supply,Medical,0.0,operating,USA,1,2112.0
American Pathology Partners,Biotechnology|Health Diagnostics,5999999.0,operating,USA,1,1705.0
American Pet Care Corporation,Medical|Pets,325000.0,operating,USA,1,11711.0
American Renal Associates Holdings,Biotechnology,14578729.0,operating,USA,3,5127.0
American Retail Alliance Corporation,Medical,100000.0,operating,USA,1,3250.0
American Science and Engineering,Health Care,4500000.0,ipo,USA,1,19248.0
American TeleCare,Biotechnology,1350000.0,operating,USA,1,5899.0
American Well,Biotechnology,133149345.0,operating,USA,4,1391.0
AmeriPath,Health Care,0.0,ipo,USA,1,-686.0
Ameritox,Medical|Medical Devices|Testing,0.0,operating,USA,1,
Amerstem,Health Care Information Technology,375000.0,operating,USA,1,
AMES Technology,Biotechnology,315000.0,operating,USA,1,3452.0
amfAR,Biotechnology,20000000.0,operating,USA,1,11290.0
Amgen,Biotechnology,175463420.0,ipo,USA,1,9932.0
Amgen Biotech Experience,Biotechnology,2500000.0,operating,,1,
Amicas,Biotechnology,9000000.0,acquired,USA,1,4705.0
Amicrobe,Biotechnology,999987.0,operating,USA,1,417.0
Amicus Therapeutics,Biotechnology|Health Care,105866943.0,ipo,USA,5,863.0
AmideBio,Biotechnology,1829284.0,operating,USA,5,399.0
Aminex Therapeutics,Biotechnology,6002697.0,operating,USA,3,2017.0
Amino,Health Care|Healthcare Services,26400000.0,operating,USA,3,462.0
Amira Pharmaceuticals,Biotechnology,25000000.0,acquired,USA,1,
Amity Manufacturing,Medical,0.0,operating,USA,1,8488.0
AML Superconductivity and Magnetics,Aerospace|Energy|Manufacturing|Medical Devices|Software|Technology,202125.0,operating,USA,1,5203.0
AmnioChor,Biotechnology,0.0,operating,USA,1,2770.0
AmnioLife,Biotechnology,833000.0,operating,USA,1,883.0
Amnis,Diagnostics|Manufacturing|Medical Devices,13037350.0,operating,USA,3,
AMO Pharma,Biotechnology,25000000.0,operating,GBR,1,
Amorcyte,Biotechnology,1025000.0,acquired,USA,2,
Amorfix Life Sciences,Biotechnology,1625039.0,operating,CAN,9,2624.0
AMP Interface,Health and Wellness|Health Care|Medical,300000.0,operating,,1,274.0
Ampere Life Sciences,Biotechnology,1367143.0,operating,USA,1,316.0
Amphivena Therapeutics,Biotechnology,14000000.0,operating,USA,1,561.0
Amphora Discovery,Biotechnology,43000000.0,acquired,USA,2,365.0
Amphora Medical,Biotechnology,13382106.0,operating,USA,2,886.0
Ampio Pharmaceuticals,Biotechnology,63885000.0,ipo,USA,2,
Ampla Pharmaceuticals,Biotechnology,7265271.0,operating,USA,3,339.0
Amplify Health,Health and Wellness|Health Care,0.0,operating,USA,2,882.0
Amplimmune,Biotechnology|Health and Wellness|Medical|Pharmaceuticals,20000000.0,acquired,USA,1,
Amplion Clinical Communications,Health Care,6706000.0,operating,USA,3,12297.0
Amplion Research,Biotechnology,1000000.0,operating,USA,1,736.0
AmpliPhi Biosciences,Biotechnology,43990999.0,ipo,USA,4,8821.0
AmpliSense,Child Care|Cloud Data Services|Hardware + Software|Medical Devices|Mobile Health,205032.0,operating,FRA,3,31.0
Amrit Advanced Biotech,Biotechnology,3242399.0,operating,GBR,3,29.0
Amulyte,Health Care,255000.0,operating,USA,2,425.0
Amura,Biotechnology,1840000.0,operating,GBR,1,
AmVac,Biotechnology,2800000.0,operating,CHE,1,1867.0
AMW Foundation,Medical,2500.0,operating,USA,1,4562.0
Amyris Biotechnologies,Biotechnology|Chemicals|Clean Technology|Renewable Energies,417040423.0,ipo,USA,10,1380.0
Anaconda Pharma,Biotechnology,3240000.0,operating,FRA,1,
Anacor Pharmaceutical,Biotechnology|Health Care,198500000.0,ipo,USA,8,1035.0
Anagnostics,Biotechnology|Health Diagnostics,3790000.0,operating,,1,
Analiza,Biotechnology|Diagnostics|Pharmaceuticals,600000.0,operating,USA,2,
Analyte Health,Health Care,38550000.0,operating,USA,5,669.0
Analyte Logic,Biotechnology,700000.0,operating,USA,1,1668.0
AnalytiCon Discovery,Biotechnology,3040000.0,operating,DEU,1,
Analytics For Life,Biotechnology,1846400.0,operating,CAN,1,
analyticsMD,Analytics|Big Data|Health Care|Optimization|Staffing Firms,120000.0,operating,USA,2,
Anapa Biotech,Biotechnology|Health Diagnostics,1000000.0,operating,DNK,1,
AnaptysBio,Biotechnology,85946511.0,operating,USA,5,576.0
Ancera,Biotechnology|Health Diagnostics,1277500.0,operating,USA,2,803.0
Anchor Therapeutics,Biotechnology,10000000.0,operating,USA,1,1692.0
Ancora Pharmaceuticals,Biotechnology,800000.0,operating,USA,2,2313.0
ANDalyze,Analytics|Biotechnology|Clean Technology|Water Purification,4313980.0,operating,USA,4,2586.0
Andaman7,Health Care|mHealth|Mobile Health,1430662.39668967,operating,,1,361.0
ANDbio,Biotechnology|Medical,0.0,operating,,1,1586.0
AndersonBrecon,Biotechnology,75000000.0,acquired,USA,1,2689.0
Andrew Technologies,Biotechnology,13261453.0,operating,USA,2,1543.0
Andro Diagnostics,Biotechnology|Health Diagnostics,1307000.0,operating,USA,1,1365.0
AndroBioSys,Biotechnology,500000.0,operating,USA,1,
Anergis,Biotechnology,35000000.0,operating,CHE,2,
Anesiva,Biotechnology,30000000.0,ipo,USA,3,3273.0
Anesthesia Medical Group,Health Care,0.0,operating,USA,1,
Aneumed,Biotechnology,1110000.0,operating,USA,1,155.0
Anew Oncology,Healthcare Services|Life Sciences|Medical,554970.0,operating,USA,1,
Anexon,Biotechnology,7500000.0,operating,,2,
Angel Eye Camera Systems,Medical,0.0,operating,USA,1,55.0
Angel Group Holding Company,Investment Management|Medical|Venture Capital,0.0,operating,CHN,1,
Angel Medical Systems,Health Care,27750000.0,operating,USA,2,4475.0
angelMD,Crowdfunding|Finance|Medical|Medical Devices|mHealth|Physicians|Venture Capital,1500000.0,operating,USA,2,305.0
AngioChem,Biotechnology,9807000.0,operating,CAN,3,
Angiocrine Bioscience,Biotechnology,3999999.0,operating,USA,1,437.0
AngioGenex,Medical,875000.0,operating,USA,1,
Angion Biomedica,Biotechnology,4356452.0,operating,USA,1,6259.0
AngioScore,Biotechnology,42000000.0,acquired,USA,2,1742.0
AngioSlide,Health Care,33150000.0,operating,USA,7,699.0
Anhui Anke Biotechnology (Group),Biotechnology,0.0,operating,CHN,1,4199.0
Anhui Jiufang Pharmaceutical,Medical,9787928.0,operating,,1,7183.0
Animal Cell Therapies,Health Care,4486000.0,operating,USA,3,608.0
Animated Dynamics,Biotechnology,150000.0,operating,USA,1,1340.0
Ankasa Regenerative Therapeutics,Biotechnology,8500000.0,operating,USA,1,
Ankh Genetics,Bioinformatics|Biotechnology|Genetic Testing|Medical,0.0,operating,USA,1,13.0
Annai Systems,Health Care,13593104.0,operating,USA,6,
Annexon,Biotechnology,34999999.0,operating,USA,2,233.0
Annovation BioPharma,Biotechnology,10375000.0,acquired,USA,3,866.0
Ansata Therapeutics,Biotechnology,2500000.0,operating,USA,1,456.0
AnSing Technology,Health Care Information Technology|Hi Tech|Medical Devices,0.0,operating,SGP,1,
Antegrin Therapeutics,Biotechnology,100000.0,operating,USA,2,457.0
Antelope Surgical Navigation,Medical,11313.0,operating,EST,1,
Antera Therapeutics,Biotechnology,265000.0,operating,USA,1,534.0
Anthera Pharmaceuticals,Biotechnology|Health Care,50500000.0,ipo,USA,2,1687.0
Anthill,Biotechnology,2564788.0,operating,USA,1,953.0
Anti-Microbial Solutions,Biotechnology,1600000.0,operating,USA,1,1884.0
Antibe Therapeutics,Biotechnology,3856398.0,ipo,CAN,3,1319.0
Antrad Medical,Health Care,3462380.0,operating,SWE,2,1337.0
Antria,Biotechnology,1440000.0,operating,USA,1,394.0
AntriaBio,Biotechnology,20366453.0,ipo,USA,6,958.0
Anulex,Biotechnology,52280000.0,operating,USA,4,
AOptix Technologies,Biometrics|Biotechnology|Security,89877849.0,operating,USA,4,2706.0
Aortica Corporation,Health and Wellness|Medical|Technology,7000000.0,operating,USA,1,
AorTx,Biotechnology,5800000.0,acquired,USA,1,
Aoxing Pharmaceutical,Biotechnology,5000000.0,ipo,USA,1,4787.0
Apama Medical,Biotechnology,21800000.0,operating,USA,3,375.0
Apellis Pharmaceuticals,Biotechnology,55509987.0,operating,USA,4,871.0
ApeniMED,Health Care|Medical|Service Providers,3853000.0,acquired,USA,2,1292.0
APEPTICO Forschung und Entwicklung,Biotechnology,3950000.0,operating,AUT,1,
"Aperiomics, Inc.",Bioinformatics|Biotechnology|Diagnostics,375000.0,operating,USA,1,547.0
Aperion Biologics,Biotechnology,5439942.0,operating,USA,2,
Apertus Pharmaceuticals,Biotechnology|Developer APIs|Manufacturing,0.0,operating,USA,1,-365.0
Apex Therapeutics,Biotechnology,2763899.0,operating,USA,3,2099.0
Apexigen,Biotechnology,20000000.0,operating,USA,1,1313.0
Aphios,Biotechnology,2400000.0,operating,USA,1,
ApiFix,Biotechnology|Medical Devices,0.0,operating,ISR,1,1025.0
APIM Therapeutics,Biotechnology,0.0,operating,NOR,1,
Apitope,Biotechnology,13456610.0,operating,GBR,1,5019.0
Apixio,Big Data Analytics|Health Care Information Technology,22579169.0,operating,,4,363.0
ApniCure,Medical Devices,5099000.0,operating,USA,1,2282.0
Apofore,Biotechnology,500000.0,operating,USA,1,212.0
Apogenix,Biotechnology,10000000.0,operating,DEU,1,
Apollo Endosurgery,Biotechnology|Health Care|Medical Devices,267827392.0,operating,USA,8,645.0
ApolloMed,Health Care,14155000.0,operating,USA,3,
apomio,Biotechnology|Health and Wellness,0.0,operating,DEU,1,190.0
Aponia Laboratories,Biotechnology,5682737.0,operating,USA,4,395.0
Aposense,Biotechnology,22300000.0,ipo,ISR,3,3965.0
Apos Therapy,Health Care,31000000.0,operating,USA,3,2891.0
Apothesource,Health Care,20000.0,operating,USA,1,
ApoVax,Biotechnology,375000.0,operating,USA,2,3992.0
Appian Medical,Health Care Information Technology|Medical,1080000.0,operating,USA,2,223.0
Applied BioCode,Biotechnology|Health Diagnostics,8250080.0,operating,USA,2,1791.0
Applied BioMath,Biotechnology,505200.0,operating,USA,1,870.0
Applied Biomimetic,Biotechnology,0.0,operating,DNK,1,
Applied Bioresearch,Biotechnology,250000.0,operating,USA,1,
Applied Cell Technology,Biotechnology,0.0,operating,HUN,1,
Applied Genetics Technologies Corporation,Biotechnology,78050000.0,ipo,USA,5,-1888.0
Applied Immune Technologies,Biotechnology,4000000.0,operating,ISR,1,1576.0
Applied Proteomics,Biotechnology|Health Diagnostics,72999993.0,operating,USA,3,2227.0
Applied StemCell,Biotechnology|Health Diagnostics,4520763.0,operating,USA,2,808.0
Applied X-rad Technology,Medical,0.0,operating,USA,1,3151.0
Aprecia Pharmaceuticals,Biotechnology,93423231.0,operating,USA,8,1598.0
Apricot Trees,Health Care,0.0,operating,CHN,1,
Aprima Medical Software,Medical Devices|Software,6800000.0,operating,USA,1,3283.0
AproMed Corp,Medical,0.0,operating,USA,1,276.0
Aproxi,Dental|Medical|Technology,607638.0,operating,DNK,1,
Apsara Therapeutics,Biotechnology|Health Care|Medical|Therapeutics,1000000.0,operating,USA,2,
Apse,Agriculture|Biotechnology,1117139.0,operating,USA,4,365.0
Apta Biosciences,Biotechnology|Health Diagnostics,4576452.80863892,operating,GBR,2,440.0
AptaCam,Biotechnology|Clinical Trials|Life Sciences,41250.0,operating,GBR,1,
Aptalis Pharma,Biotechnology,170466.0,acquired,USA,1,
AptamiR Therapeutics,Biotechnology|Medical|Therapeutics,3000000.0,operating,USA,1,
Aptible,Enterprise Software|Health and Insurance|Health Care|PaaS|Privacy|Security,120000.0,operating,USA,2,471.0
Aptimmune Biologics,Health Care|Health Diagnostics|Test and Measurement,2750000.0,operating,USA,1,
Aptiv Solutions,Biotechnology,5660000.0,acquired,USA,1,10712.0
Aptus Endosystems,Health Care,40000000.0,operating,USA,2,3163.0
Aqdot,Biotechnology|Chemicals|Nanotechnology,0.0,operating,GBR,2,597.0
Aqua-tools,Biotechnology,8899100.0,operating,FRA,1,
AquaBounty Technologies,Biotechnology,13000000.0,ipo,USA,2,
AquarisPLUS Int,Biotechnology|Medical,0.0,operating,USA,1,722.0
Aquarius Biotechnologies,Biotechnology,327260.0,operating,USA,1,287.0
Aquavit Pharmaceuticals,Biotechnology,329982.0,operating,USA,1,
Aqueduct Critical Care,Biotechnology,3712304.0,operating,USA,1,
Aqueous Biomedical,Biotechnology,200000.0,operating,USA,1,1697.0
AqueSys,Health Care|Medical Devices,99600000.0,acquired,USA,4,934.0
Aquinox Pharmaceuticals,Biotechnology|Health Care,74119365.0,ipo,CAN,7,1258.0
Aradigm,Biotechnology,4108777.0,operating,USA,1,
Aragon Pharmaceuticals,Biotechnology|Health and Wellness,122000000.0,acquired,USA,4,146.0
Aragon Surgical,Health Care,25000000.0,acquired,USA,1,1101.0
Araim Pharmaceuticals,Biotechnology,4000000.0,operating,USA,1,
Aranex Biotech,Biotechnology,0.0,operating,CAN,1,
Aratana Therapeutics,Biotechnology|Health Care,76750000.0,ipo,USA,4,371.0
Arbor Pharmaceuticals,Biotechnology,34800000.0,operating,USA,1,1775.0
ArborMetrix,Analytics|Health Care|Health Care Information Technology|SaaS,9737605.0,operating,USA,3,927.0
Arbovax,Health Care|Medical|Pharmaceuticals,3429917.0,operating,USA,2,
ARC Medical Devices,Health Care,666953.0,operating,CAN,7,319.0
ARCA biopharma,Biotechnology,91850846.0,ipo,USA,9,
Arcadia Biosciences,Biotechnology,101000000.0,ipo,USA,5,1261.0
Arcadia EcoEnergies,Biotechnology,200000.0,operating,CAN,1,2383.0
Arcadia Solutions,Health Care Information Technology,13000000.0,operating,USA,2,4335.0
Arcarios,Biotechnology,0.0,operating,NLD,1,
Arch Biopartners,Biotechnology,560519.0,ipo,CAN,3,
Arch Therapeutics,Biotechnology,7045397.0,operating,USA,5,1724.0
ArcheMedX,Medical,0.0,operating,USA,1,140.0
Archemix,Biotechnology,101750000.0,operating,USA,2,957.0
Archer Pharmaceuticals,Biotechnology,2700000.0,operating,USA,1,
Archimedes Pharma,Biotechnology,99000000.0,acquired,GBR,1,2286.0
Archus Orthopedics,Medical,28000000.0,acquired,USA,2,
Arcion Therapeutics,Biotechnology,17000000.0,operating,USA,5,346.0
ArcScan,Medical Devices,3672448.0,operating,USA,1,2971.0
Arcturus BioCloud,Biotechnology,162000.0,operating,USA,3,188.0
Arcxis Biotechnologies,Biotechnology,3440000.0,operating,USA,2,
Ardais Corporation,Biotechnology|Clinical Trials,14000000.0,operating,USA,1,
Ardelyx,Biotechnology,112785321.0,ipo,USA,3,1415.0
Ardian,Health Care,64080000.0,acquired,USA,3,731.0
Arena Pharmaceuticals,Biotechnology,220260000.0,ipo,USA,3,11855.0
arGEN-X,Biotechnology,63643889.0,ipo,NLD,4,
"ArgiNOx Phamaceuticals,Inc.",Health and Wellness|Health Care|Pharmaceuticals,25000000.0,operating,USA,1,
Rewalk Robotics,Medical|Medical Devices,18200000.0,ipo,,2,4550.0
Cutting Edge Information,Biotechnology,15800000.0,operating,USA,1,2001.0
Argos Therapeutics,Biotechnology|Health Care,128352074.0,ipo,USA,7,5011.0
ARI,Biotechnology|Health Diagnostics,0.0,operating,USA,1,3845.0
Aria Biosystems,Biotechnology|Innovation Management|Services,5500000.0,operating,USA,1,
Ariadne Diagnostics,Biotechnology|Health Diagnostics,100000.0,operating,USA,1,397.0
Aridhia Informatics,Analytics|Biotechnology|Medical,1632595.0,operating,GBR,2,
Aridis Pharmaceuticals,Biotechnology,3500000.0,operating,USA,1,
Ario Pharma,Biotechnology,3100000.0,operating,GBR,1,
"Ariosa Diagnostics, Inc.",Biotechnology|Health Diagnostics,67500000.0,acquired,USA,3,
Arisaph Pharmaceuticals,Biotechnology,10000000.0,operating,USA,1,5418.0
Arisone Home Health Care,Medical,200000.0,operating,USA,1,391.0
AristaMD,Health Care,4000000.0,operating,USA,1,
Ariste Medical,Biotechnology,5875000.0,operating,USA,2,2129.0
Arius Research,Biotechnology,23500000.0,acquired,CAN,2,2513.0
Ark Biosciences,Health Care|Life Sciences|Pharmaceuticals,0.0,operating,CHN,1,461.0
Arkansas Children's Hospital,Biotechnology,3500000.0,operating,USA,1,37153.0
Arkansas Genomics,Biotechnology,0.0,operating,USA,1,2078.0
Arlington HealthCare,Biotechnology,50000.0,operating,USA,1,
ArmaGen Technologies,Biotechnology,25492899.0,operating,USA,2,
"ARMGO,Pharma,Inc.",Biotechnology,1000000.0,operating,USA,1,2792.0
ARMO BioSciences,Biotechnology,50000000.0,operating,USA,2,
Armune BioScience,Biotechnology,5587582.0,operating,USA,5,1332.0
Arno Therapeutics,Biotechnology,46000000.0,operating,USA,2,
Aromyx,Agriculture|Biotechnology|Consumer Goods|Food Processing,1000000.0,operating,USA,1,750.0
Arpeggi Inc,Biotechnology,195000.0,acquired,USA,1,396.0
ArQule,Biotechnology,0.0,ipo,USA,1,
Arrail Dental Clinic,Dental|Health Care,110000000.0,operating,CHN,3,
Array BioPharma,Biotechnology,85000000.0,ipo,USA,1,6269.0
Array Bridge,Biotechnology|Pharmaceuticals,0.0,operating,USA,2,-273.0
Arrien Pharmaceuticals,Biotechnology,2000000.0,operating,USA,1,
Arrogene,Biotechnology|Health Diagnostics,3915350.0,operating,USA,5,1380.0
Arrow Therapeutics,Biotechnology|Medical,34898793.0,acquired,GBR,1,2099.0
Arrowhead Research,Biotechnology,65982896.0,ipo,USA,3,2051.0
Arsanis,Biotechnology,30400002.0,operating,AUT,3,264.0
Arsenal Vascular,Biotechnology,28000000.0,operating,USA,5,1839.0
Arsenal Medical,Biotechnology,63388808.0,operating,USA,10,1000.0
Arstasis,Health Care,53999998.0,operating,USA,3,1976.0
ARTA Bioscience,Biotechnology,0.0,operating,USA,1,730.0
Artax Biopharma,Biotechnology,13276082.0,operating,USA,3,268.0
Arteaus Therapeutics,Biotechnology,30000000.0,operating,USA,2,291.0
Artemis Health,Analytics|Health Care|Healthcare Services|Services|Visualization,1995000.0,operating,USA,3,268.0
Arterial Health International,Biotechnology,90000.0,operating,USA,1,543.0
Arterial Remodeling Technologies,Biotechnology,16550704.8026114,operating,FRA,2,
Arthritis Research Centre of Canada,Diagnostics|Health Diagnostics|Medical,3000000.0,operating,CAN,1,5365.0
Arthrosurface,Biotechnology,10500000.0,operating,USA,1,1137.0
Articulate Technologies,EdTech|Education|Health Care|Kids|Language Learning|Medical|Technology|Therapeutics,996000.0,operating,USA,2,407.0
Articulinx Inc.,Health and Wellness|Health Care|Medical,2200000.0,operating,USA,1,2100.0
Artielle ImmunoTherapeutics,Biotechnology,185740.0,operating,USA,2,
Artisan Pharma,Biotechnology,85381111.0,operating,USA,5,248.0
ArtVentive Medical Group,Health Care,500000.0,operating,USA,1,1639.0
Arvinas,Biotechnology,56000000.0,operating,USA,2,268.0
Arzeda,Biotechnology,12000000.0,operating,USA,1,
Asana Medical,Medical Devices,200000.0,operating,USA,1,
Asante Solutions,Diabetes|Health and Wellness|Medical Devices,0.0,operating,USA,2,1551.0
Ascalon International,Biotechnology,905300.0,operating,USA,2,489.0
Ascend Health,Health Care|Hospitals|Medical,20100000.0,acquired,USA,1,
Ascendant Dx,Biotechnology|Diagnostics|Health Diagnostics|Medical,2000000.0,operating,USA,1,
ASCENDANT MDX,Biotechnology,13500000.0,operating,USA,1,
Ascendx Spine,Health Care,6025000.0,operating,USA,3,
Asceneuron,Biotechnology,30693206.0,operating,CHE,1,1367.0
Ascension Orthopedics,Biotechnology|Diagnostics|Health Care,39664050.0,acquired,USA,2,4404.0
Ascent Therapeutics,Biotechnology,18999997.0,operating,USA,1,
Ascenta Therapeutics,Biotechnology,87800180.0,operating,USA,4,
Asclepius Farms,Medical,360000.0,operating,USA,1,47.0
Ash Access Technology,Biotechnology,453000.0,operating,USA,3,
Asl Analytical,Biotechnology,2373920.0,operating,USA,3,3113.0
ASLAN Pharmaceuticals,Biotechnology,34000000.0,operating,SGP,2,565.0
Asmacure Ltée,Biotechnology,16925741.0,operating,USA,3,1955.0
Aspen Park Pharmaceuticals,Health Care|Medical|Pharmaceuticals,0.0,operating,FRA,1,72662.0
Aspire Bariatrics,Biotechnology,17025000.0,operating,USA,2,3834.0
Assay Depot,Biotechnology|Life Sciences|Marketplaces|Outsourcing|Pharmaceuticals,7000000.0,operating,USA,3,280.0
AssayMetrics,Biotechnology,0.0,operating,GBR,1,
Assembly Pharma,Biotechnology,0.0,operating,USA,1,830.0
ASSURED PHARMACY,Biotechnology,2740000.0,operating,USA,5,
Assurex Health,Biotechnology,104680725.0,operating,USA,9,896.0
Asterand,Biotechnology,3000000.0,operating,GBR,1,1425.0
Asteres,Biotechnology,8000000.0,operating,USA,4,265.0
Asterias Biotherapeutics,Biotechnology,16500000.0,operating,USA,2,898.0
Asterion,Biotechnology,678000.0,operating,GBR,1,
AsthmaMD,Apps|Health Care|Medical,0.0,operating,,1,
Asthmatx,Health Care,50000000.0,acquired,USA,1,1596.0
Astute Medical,Biotechnology|Health Care|Health Diagnostics,126134082.0,operating,USA,7,486.0
Asuragen,Biotechnology|Health Diagnostics,80000000.0,operating,USA,4,151.0
Asymchem Laboratories (Tianjin),Medical,0.0,operating,USA,1,4960.0
Atara Biotherapeutics,Biotechnology,52000000.0,ipo,USA,2,
Ataxion,Biotechnology,17000000.0,operating,USA,1,
Atheer Labs,3D|Augmented Reality|Delivery|Hardware + Software|Health Care|Mobile|Software|Visualization,10631795.0,operating,USA,4,1093.0
Athena Feminine Technologies,Health Care,2000000.0,operating,USA,1,4993.0
Athenix,Biotechnology,43500000.0,acquired,USA,4,50656.0
Athera Medical,Medical,0.0,operating,,1,
AtheroMed,Health Care,37673932.0,acquired,USA,6,1440.0
AtheroNova,Biotechnology,2406500.0,operating,USA,2,
Atherotech Diagnostics Lab,Biotechnology,999131.0,operating,USA,1,5767.0
Athersys,Biotechnology,9000002.0,ipo,USA,1,6291.0
Athletes Recovery Club,Medical,0.0,operating,USA,1,14.0
Atia Medical,Health Care|Medical|Medical Devices,3000000.0,operating,USA,1,
Ativa Medical,Biotechnology|Health Diagnostics,26733013.0,operating,USA,4,1668.0
Atlantic Healthcare,Biotechnology|Health Care|Pharmaceuticals,0.0,operating,GBR,1,
Atlas Genetics,Biotechnology|Health Diagnostics,75583454.0,operating,GBR,3,2389.0
Atlas Health Technologies,Application Platforms|Health and Wellness|Health Care Information Technology|Information Technology,50000.0,operating,USA,1,11.0
Atlas Spine,Biotechnology,3500000.0,operating,USA,1,3728.0
Atomwise,Bio-Pharm|Medical|Pharmaceuticals,6570000.0,operating,USA,4,366.0
Aton Pharma,Biotechnology,13700000.0,acquired,USA,1,739.0
Atopix Therapeutics,Bio-Pharm|Medical|Pharmaceuticals,5073408.0,operating,GBR,2,1011.0
Atossa Genetics,Biotechnology,32600000.0,ipo,USA,3,907.0
Atox Bio,Biotechnology,26250000.0,operating,ISR,2,
Atreaon,Biotechnology,8000000.0,operating,USA,1,664.0
Atreca,Biotechnology,62860000.0,operating,USA,4,655.0
Atreo Medical,Health Care,410958.0,acquired,CAN,1,580.0
ATRI - Addiction Treatment Reviews & Information,Health and Wellness|Health Care Information Technology|Healthcare Services,0.0,operating,USA,1,652.0
AtriCure,Medical Devices,8500000.0,ipo,USA,2,-305.0
Atrin Pharmaceuticals,Bio-Pharm|Medical|Pharmaceuticals,100000.0,operating,USA,1,
Attention Point,Biotechnology,25000.0,operating,USA,1,317.0
Atterocor,Biotechnology,24522872.0,operating,USA,2,215.0
Attune Technologies,Diagnostics|Health and Wellness|Health Care Information Technology|Healthcare Services|Software,16000000.0,operating,SGP,2,1439.0
aTyr Pharma,Biotechnology,180500000.0,ipo,USA,6,837.0
Aubrey,Biotechnology,3877920.0,operating,USA,1,973.0
Audax Health Solutions,Health and Wellness|Health Care|Technology,55894778.0,operating,USA,3,609.0
Audentes Therapeutics,Biotechnology,137500000.0,operating,USA,3,198.0
Audigence,Biotechnology,9500000.0,operating,USA,1,1302.0
AudioCure Pharma,Biotechnology,0.0,operating,,1,
Audion Therapeutics,Biotechnology,9273777.0,operating,NLD,1,2807.0
Augmedix,Health and Wellness|Health Care|Hospitals|Medical,23000000.0,operating,USA,2,897.0
Augmenix,Health Care,20900000.0,operating,USA,4,569.0
Augmi Labs,Aerospace|Biotechnology,40000.0,operating,USA,1,410.0
Augustine Temperature Management,Biotechnology,6421353.0,operating,USA,4,668.0
AUM Cardiovascular,Biotechnology,5456000.0,operating,USA,2,917.0
Aura Biosciences,Biotechnology,33961728.0,operating,USA,6,1339.0
AuraLife,Health and Wellness|Health Care|Health Diagnostics,0.0,operating,USA,3,91.0
AuraSense Therapeutics,Biotechnology,40753400.0,operating,USA,6,334.0
Aurin Biotech,Biotechnology,0.0,operating,CAN,1,
Auris Medical,Health Care,60680000.0,ipo,CHE,2,1781.0
Auris Surgical Robotics,Biotechnology,184052388.0,operating,USA,3,885.0
Aurora Pharmaceutical,Biotechnology,7457000.0,operating,USA,2,1056.0
Aurora Spectral Technologies,Biotechnology,1132500.0,operating,USA,2,301.0
Aurora Spine,Fitness|Healthcare Services|Medical Devices,2104194.0,operating,USA,2,
AURSOS,Biotechnology,560000.0,operating,USA,1,
Aushon BioSystems,Biotechnology,29693645.0,operating,USA,6,
Auspex Pharmaceuticals,Biotechnology|Health Care,98817742.0,acquired,USA,10,3063.0
Auspherix,Health Care,11017736.0,operating,NOR,3,336.0
AutekBio,Biotechnology|Medical,2100000.0,operating,USA,2,
Autifony Therapeutics,Biotechnology,29769365.0,operating,GBR,4,233.0
AutoGenomics,Biotechnology,55153254.0,ipo,USA,5,1035.0
AutoMedx,Biotechnology,150000.0,operating,USA,1,1988.0
Autonomic Technologies,Health Care,136200000.0,operating,USA,5,378.0
Auxilium Pharmaceuticals,Biotechnology|Health Care|Innovation Management|Market Research,43000000.0,acquired,USA,1,1771.0
"Progyny, Inc.",Health Care,78349551.0,operating,USA,5,1493.0
Ava,Medical Devices,2600000.0,operating,CHE,1,431.0
Avacen,Medical,2000000.0,operating,USA,2,257.0
Avacta Group,Health Care,34200000.0,ipo,GBR,1,201.0
Avalanche Biotech,Biotechnology,70653885.0,ipo,USA,3,2886.0
Avalon Pharmaceuticals,Biotechnology|Clinical Trials|Health and Wellness,237338.0,ipo,USA,1,3587.0
Avancen MOD,Biotechnology|Health Care|Medical Devices|Services,1643849.0,operating,USA,1,2030.0
Avanir Pharmaceuticals,Biotechnology,30000000.0,acquired,USA,1,8943.0
Avant Healthcare Professionals,Biotechnology,125000.0,operating,USA,1,3863.0
AvantBio,Biotechnology,300000.0,operating,USA,1,
Avantis Medical Systems,Health Care,49761910.0,operating,USA,10,1035.0
AvaSure Holdings,Health Care,552300.0,operating,USA,1,1988.0
Avaxia Biologics,Biotechnology,27517913.0,operating,USA,13,2342.0
Avedro,Health Care,143493604.0,operating,USA,8,849.0
Avelas Biosciences,Biotechnology,21850000.0,operating,USA,3,
avelisbiotech.com,Biotechnology,250000.0,operating,USA,1,2041.0
Avenir Medical,Biotechnology,3938578.0,operating,CAN,2,844.0
AventaMed,Medical Devices,1463892.0,operating,IRL,1,993.0
AVEO Pharmaceuticals,Biotechnology|Health and Wellness|Health Care|Pharmaceuticals,208949997.0,ipo,USA,6,-3014.0
"Aver, Inc",Analytics|Cloud Computing|Data Mining|Health Care|Medical|Payments|SaaS|Software|Technology,10975000.0,operating,USA,4,145.0
Avera Pharmaceutical,Biotechnology,48000000.0,operating,USA,1,947.0
Avesthagen,Biotechnology,5530000.0,operating,IND,1,
FOOTBEAT & AVEX Health,Health Care|Pharmaceuticals,250000.0,operating,USA,1,2811.0
AveXis,Biotechnology|Life Sciences|Medical,75000000.0,operating,USA,4,
Avexxin,Biotechnology,0.0,operating,NOR,1,
Avhana Health,Health Care Information Technology,890000.0,operating,USA,3,16.0
AVIA,Health Care|Innovation Management,6000000.0,operating,USA,2,547.0
Aviacode,Enterprise Software|Health Care|Health Care Information Technology|Healthcare Services,33500000.0,operating,USA,4,5177.0
AviaraDx,Diagnostics|Health Care|Medical,8000000.0,operating,USA,1,
Avid Radiopharmaceuticals,Biotechnology,69900000.0,acquired,USA,4,24.0
AvidBiologics,Biotechnology|Health and Wellness|Health Care|Pharmaceuticals,0.0,operating,CAN,1,1367.0
AvidBiotics,Biotechnology,3694301.0,operating,USA,3,
Avidia,Biotechnology|Medical|Pharmaceuticals,72300000.0,acquired,USA,2,856.0
Avidity NanoMedicines,Biotechnology,15067850.0,operating,USA,2,779.0
Avila Therapeutics,Biotechnology|Pharmaceuticals,31500000.0,acquired,USA,4,596.0
Avillion,Health Care,0.0,operating,GBR,1,393.0
Avinger,Health Care,125796572.0,ipo,USA,5,1471.0
Avitide,Biotechnology,11035003.0,operating,USA,2,890.0
Avitus Orthopaedics,Health Care,600000.0,operating,USA,2,1174.0
Avizia,Communications Infrastructure|Health and Wellness|Health Care|Health Care Information Technology|Healthcare Services|Health Diagnostics|mHealth|Mobile Emergency&Health|Mobile Health|Telecommunications,5744992.0,operating,USA,2,505.0
Avraham Pharmaceuticals,Biotechnology,22200000.0,operating,ISR,4,
AVTherapeutics,Biotechnology,660000.0,operating,USA,1,
AWAK,Biotechnology|Medical Devices|Wearables,6000000.0,operating,SGP,1,1461.0
Axela,Biotechnology,2847766.53738711,operating,CAN,1,
AxelaCare,Biotechnology,66000000.0,operating,USA,1,
Axenic Dental,Health Care,3694598.0,operating,USA,3,
Axerion Therapeutics,Biotechnology,1150000.0,operating,USA,2,
AxialMED,Biotechnology,17408.0,operating,USA,1,221.0
Axikin Pharmaceuticals,Biotechnology,12500000.0,operating,USA,4,
AxioMed Spine,Health Care,43873143.0,operating,USA,8,770.0
AxioMx,Biotechnology,4000000.0,acquired,USA,2,340.0
Axion BioSystems,Biotechnology,6308960.0,operating,USA,3,
Axis Three,Health Care,4970000.0,operating,USA,2,1554.0
AxoGen,Biotechnology,69919779.0,ipo,USA,7,2176.0
Axolotl,Health Care|Health Care Information Technology|Web Tools,17700000.0,acquired,USA,1,
AXON Connected,Bioinformatics|Biotechnology|Nanotechnology,2100000.0,operating,USA,1,
AxonDx,Medical,0.0,operating,USA,1,551.0
Axonia Medical,Health Care,4000000.0,operating,USA,2,495.0
Axsome Therapeutics,Biotechnology,6985000.0,operating,USA,4,549.0
Axxess Pharma,Biotechnology,2000000.0,operating,CAN,1,6419.0
Axya Medical,Medical,2800000.0,operating,USA,1,
Ayogo Health,Health Care|Hospitals,2500000.0,operating,CAN,1,1557.0
AYOXXA Biosystems,Biotechnology,26226850.0,operating,DEU,3,993.0
AZ West Endoscopy Center,Biotechnology,500000.0,operating,USA,1,264.0
Azalea Health,Health Care|Information Technology|Software,3000000.0,operating,USA,2,2571.0
Azevan Pharmaceuticals,Biotechnology,2205000.0,operating,USA,1,5404.0
AZTherapies,Fitness|Health Care|Pharmaceuticals,6110000.0,operating,USA,1,1465.0
Azure Biotech,Health and Wellness|Health Care|Healthcare Services|Pharmaceuticals,355000.0,operating,,1,
B-Bridge International,Biotechnology,4200000.0,operating,USA,1,1914.0
b3 bio,Biotechnology,5701120.0,operating,USA,1,1396.0
Baby Bundle,Apps|Health Care|Parenting,3722877.0,operating,,2,793.0
Babybe,Babies|Health Care|Wearables,65000.0,operating,DEU,3,41.0
Bacchus Vascular,Electronics|Health and Wellness|Health Care|Medical,37200000.0,acquired,USA,3,882.0
Backjoy,Beauty|Health and Wellness|Health Care,8671127.0,operating,USA,2,3614.0
BackTrack,Health Care,479233.0,operating,CAN,1,
Bacterial Barcodes,Biotechnology,6250000.0,acquired,USA,2,
Bacterioscan,Biotechnology,18420305.0,operating,USA,4,3427.0
Bactest,Biotechnology|Water,1411754.0,operating,GBR,2,
Bactiguard,Medical Devices,14932985.3564848,operating,SWE,1,3965.0
Baebies,Medical Devices,13500000.0,operating,USA,3,710.0
Bairo Corporation,Health and Wellness|Health Care|SaaS,0.0,operating,USA,1,308.0
Balm Innovations,Health Care|New Product Development|Product Development Services,0.0,operating,USA,1,1461.0
BAM Labs,Biotechnology|Health and Wellness,16151237.0,operating,USA,7,-93.0
Banyan Biomarkers,Biotechnology,9808144.0,operating,USA,3,4188.0
Bar Harbor BioTechnology,Biotechnology,460000.0,operating,USA,2,1965.0
BaroFold,Biotechnology,17400000.0,operating,USA,4,1155.0
BAROnova,Health Care,77800000.0,operating,USA,4,0.0
Barosense,Biotechnology,33200000.0,acquired,USA,3,1438.0
BARRX Medical,Health Care|Medical|Technology,15000000.0,acquired,USA,1,2751.0
baseclick,Biotechnology,1710600.0,operating,DEU,1,
Basic Pharma,Bio-Pharm|Medical|Pharmaceuticals,0.0,operating,NLD,1,1049.0
Basisnote AG,Biotechnology,911000.0,operating,CHE,1,
Baton Rouge Vascular Access,Clinical Trials|Health Diagnostics|Medical,10864240.0,operating,USA,1,319.0
Batu Biologics,Biotechnology|Medical|Pharmaceuticals,1100000.0,operating,USA,2,596.0
Bauxy,Health Care|Insurance|Technology,0.0,operating,USA,1,89.0
Bavarian Nordic,Biotechnology|Health and Wellness|Medical,55874661.0,ipo,,1,7801.0
Baxano,Health Care,51200000.0,acquired,USA,3,1340.0
Baxano Surgical,Hardware + Software|Health Care|Medical,10000000.0,ipo,USA,1,4454.0
Bay State Surgical Services,Biotechnology,210000.0,operating,USA,2,2343.0
Bayhill Therapeutics,Biotechnology,9999999.0,operating,USA,1,3485.0
BaziFIT,Biometrics|Fitness|Medical Devices,25000.0,operating,USA,1,1127.0
BBB,Android|Medical Devices|Mobile,0.0,operating,USA,1,12.0
Beacon Endoscopic,Health Care,10335613.0,operating,USA,3,1308.0
Beacon Partners,Health and Wellness|Healthcare Services|Medical,58000000.0,acquired,USA,1,9643.0
Beactica AB,Health and Wellness|Medical|Pharmaceuticals,0.0,operating,SWE,1,3270.0
Beagle Bioinformatics,Biotechnology,40000.0,operating,CHL,1,226.0
Beagle Bioproducts,Biotechnology,380000.0,operating,USA,1,114.0
Beaker,Medical|Service Providers|Training,40000.0,operating,CHL,1,
Bear State Technologies,Medical,0.0,operating,USA,1,27.0
BEAT BioTherapeutics,Biotechnology,2500000.0,operating,USA,1,1932.0
Beautycounter,Beauty|Cosmetics|E-Commerce|Health Care,21269417.0,operating,USA,1,728.0
BeckerSmith Medical,Medical Devices,150000.0,operating,USA,2,426.0
BeckonCall,Health Care|Mobile|SaaS,300000.0,operating,USA,1,380.0
Bedi OralCare,Biotechnology,212135.0,operating,GBR,1,224.0
Beech Tree Labs,Biotechnology,8711583.0,operating,USA,4,1899.0
Beeken Biomedical,Biotechnology|Health Care|Medical Devices,687462.0,operating,USA,1,1915.0
BeiGene,Biotechnology,171600000.0,operating,CHN,2,1779.0
ACCB Biotech Ltd.,Biotechnology,770416.0,operating,CHN,3,
Health Guard Biotech,Biotechnology,2194051.0,operating,CHN,1,
Beijing Taishi Xinguang Technology,Biotechnology,30000000.0,operating,,1,
Viewhigh Technology,Health Care,0.0,operating,CHN,2,
Beijingyicheng,Health Care|Medical,10248901.0,operating,CHN,1,6299.0
Bell Biosystems,Biotechnology,5310250.0,operating,USA,2,1368.0
Bella Vita Consultants,Consulting|Healthcare Services|Medical|Tourism|Travel & Tourism,42000.0,operating,USA,1,0.0
Bellabeat,Hardware + Software|Health Care,4500000.0,operating,USA,1,142.0
Bellbrook Labs,Biotechnology,187291.0,operating,USA,1,1992.0
Bellco,Health Care,0.0,operating,ITA,1,
Belle 'a La Plage,Medical,0.0,operating,USA,1,0.0
Bellicum Pharmaceuticals,Biotechnology,145932588.0,ipo,USA,10,1195.0
Bellybaloo,Medical|Photography,105000.0,operating,USA,1,546.0
BeloorBayir Biotech,Biotechnology,12400000.0,operating,,1,12142.0
Benchling,Biotechnology,5900000.0,operating,USA,3,781.0
BeneChill,Health Care,35513893.0,operating,USA,4,2084.0
Benefit Defender,Collaborative Consumption|Health and Insurance|Health Care Information Technology|Legal|Virtual Workforces,0.0,operating,USA,1,231.0
beneSol,Biotechnology,95000.0,operating,USA,1,349.0
BeneStream,Health Care|Medical|SaaS|Services|Software,9590000.0,operating,USA,5,907.0
Benevir Biopharm,Biotechnology,2000000.0,operating,USA,1,1425.0
Benson Hill Biosystems,Biotechnology,8380971.0,operating,USA,7,369.0
Benten BioServices,Biotechnology,4259323.0,acquired,USA,2,
Benthic Labs,Biotechnology,0.0,operating,USA,1,
Benvenue Medical,Health Care,149465921.0,operating,USA,8,1467.0
Bergen Medical Products,Health Care|Medical Devices|Medical Professionals,1825000.0,operating,USA,1,
BerGenBio,Biotechnology,28272646.0,operating,USA,4,
Bernard Health,Advice|Consulting|Financial Services|Health and Insurance|Health Care|Hospitals,4000000.0,operating,USA,2,2468.0
Beryllium,Biotechnology,11500142.0,operating,USA,2,340.0
Bespoke Innovations,Health Care,2100000.0,operating,USA,2,581.0
Best Doctors,Health Care,65500000.0,operating,USA,2,8138.0
Besunyen (Beijing Outsell Health),Health Care|Tea|Therapeutics,0.0,ipo,CHN,1,
Beta Cat Pharmaceuticals,Biotechnology,1814561.0,operating,USA,3,371.0
Beta-O2 Technologies,Medical Devices,2000000.0,operating,ISR,2,67.0
Beth Israel Deaconess Medical Center,Health Care|Hospitals|Medical|Training,5300000.0,operating,USA,1,
Betta4u,Dietary Supplements|Medical|Nutrition,0.0,operating,USA,1,3833.0
Better Day Health,Health and Wellness|Health Care|Service Providers,3300000.0,operating,USA,1,1763.0
Better Walk,Health Care|Medical Devices|Mobility,600000.0,operating,USA,3,
BetterDoctor,Apps|Consumers|Doctors|Health and Wellness|Health Care|Internet|Marketplaces|Mobile|SaaS|Search,13125000.0,operating,USA,3,274.0
BettrLife,Employer Benefits Programs|Fitness|Health and Wellness|Health Care|Information Technology,550000.0,operating,USA,2,704.0
Beyond Lucid Technologies,B2B|Health and Wellness|Health Care|Mobile Emergency&Health|Software,1159500.0,operating,USA,5,548.0
Beyond Meat,Consumers|Health and Wellness|Health Care|Specialty Foods,17000000.0,operating,USA,2,2035.0
BFKW,Biotechnology,280000.0,operating,USA,1,3456.0
BG Medicine,Biotechnology|Health Care,96029290.0,ipo,USA,8,456.0
Bi02 Medical,Health Care,44271141.0,operating,USA,7,1229.0
BIA Separations,Biotechnology,1694742.0,operating,PHL,1,6472.0
Biametrics GmbH,Analytics|Biotechnology|Health Care,3572446.0,operating,DEU,2,1368.0
BiancaMed,Diagnostics|Health Care|Health Diagnostics,11988175.7201105,acquired,IRL,2,1449.0
Bicon Pharmaceutical,Biotechnology|Health Care|Medical,250000000.0,operating,CHN,2,4687.0
Bicycle Therapeutics,Biotechnology,38027784.0,operating,GBR,2,
Big Health,Health Care|iOS|Medical,3300000.0,operating,GBR,1,
BigDNA,Biotechnology,3027477.0,operating,GBR,2,
Bigelow Laboratory for Ocean Sciences,Biotechnology,9000000.0,operating,USA,1,
BigEvidence,Health Care|Medical|Software,0.0,operating,,1,
Bigfoot Biomedical,Healthcare Services|Medical Devices|Mobile Health,12350000.0,operating,USA,3,0.0
BIKAM Pharmaceuticals,Health and Wellness|Health Care|Pharmaceuticals,11000000.0,operating,,1,
Bikanta,Biotechnology|Health Diagnostics|Nanotechnology,120000.0,operating,USA,1,561.0
Bill-Ray Home Mobility,Biotechnology|Medical,400000.0,operating,USA,2,174.0
"Binary Fountain, Inc.",Analytics|Health Care|Reputation|Social Media Management,21700000.0,operating,USA,2,3674.0
BIND Therapeutics,Biotechnology|Health Care,137847684.0,ipo,USA,6,695.0
Binder Biomedical,Health Care,685000.0,operating,USA,1,1211.0
BIO,Biotechnology,0.0,operating,USA,1,1647.0
Bio Bureau Biotechnology,Biotechnology|New Product Development,449775.0,operating,BRA,1,1853.0
Bio-Intervention Specialists,Biotechnology,1047500.0,operating,USA,2,
BIO-IVT Group,Biotechnology|Medical|Pharmaceuticals,45000000.0,operating,,1,
Bio-Key International,Biotechnology,3697100.0,operating,,1,7619.0
Bio-Logic,Health Care|Medical|Pharmaceuticals,25000.0,operating,,1,
Bio-Matrix Scientific Group,Biotechnology,50000.0,operating,USA,1,
BIO-NEMS,Analytics|Biotechnology,925000.0,operating,USA,2,680.0
BIO-PATH HOLDINGS,Biotechnology,2317000.0,ipo,USA,4,-213.0
BIO Wellness,Biotechnology,1001000.0,operating,USA,7,25.0
Bio2 Technologies,Biotechnology,1100064.0,operating,USA,1,552.0
Bioabsorbable Therapeutics,Biotechnology,359705.0,operating,USA,1,1898.0
BioActor,Biotechnology,2882799.0,operating,,1,
BioAegis Therapeutics,Biotechnology,14732412.0,operating,USA,3,769.0
BioAmber,Biotechnology,135585460.0,ipo,USA,6,5236.0
BioAnalytical Systems,Biotechnology,127890.0,ipo,USA,1,14122.0
BioAnalytix,Biotechnology,4608000.0,operating,USA,2,229.0
Bioapter,Biotechnology,2033700.0,operating,ESP,1,
Bioarray Therapeutics,Biotechnology,1468163.0,operating,USA,1,2311.0
BioAssets Development,Biotechnology,3911759.0,operating,USA,1,1707.0
BioAtla,Biotechnology|Manufacturing|Pharmaceuticals,69000001.0,operating,USA,2,3083.0
BioAtlantis,Biotechnology,896000.0,operating,IRL,1,2714.0
Bioaxial,Biotechnology,2700000.0,operating,FRA,1,1426.0
BioAxone Therapeutic,Biotechnology,12150000.0,operating,CAN,1,1966.0
BioBehavioral Diagnostics,Biotechnology|Health Diagnostics,33213808.0,operating,USA,11,1128.0
BioBlast Pharma,Biotechnology,4750000.0,ipo,ISR,1,774.0
Biocartis,Biotechnology|Health Diagnostics,321184551.0,ipo,CHE,8,1018.0
BioCee,Biotechnology,557070.0,operating,USA,2,
Biocept,Biotechnology|Health Care,17102999.0,ipo,USA,5,
Bioceptive,Biotechnology,2485000.0,operating,USA,3,348.0
BioCeramic Therapeutics,Biotechnology,1900000.0,operating,GBR,1,1477.0
Bioceros,Biotechnology,2300000.0,acquired,,1,
BioCision,Biotechnology,8347600.0,operating,USA,2,
BioClin Therapeutics,Biotechnology,26000000.0,operating,USA,2,
BioClinica,Biotechnology|Enterprise Software,13714382.0,operating,USA,2,4185.0
Bioclones,Biotechnology,2850000.0,operating,ZAF,1,8579.0
BioConsortia,Biotechnology,15000000.0,operating,USA,1,96.0
Biocontrol,Biotechnology,1018959.43862128,acquired,GBR,1,
Biocrates Life Sciences,Biotechnology,7870000.0,operating,,2,1634.0
BioCryst Pharmaceuticals,Biotechnology,8399999.0,ipo,USA,3,
BIOCUREX,Biotechnology,2150000.0,operating,CAN,1,
BioCurity,Biotechnology,135000.0,operating,,1,439.0
Biocycle,Biotechnology,3900000.0,operating,USA,3,667.0
BioData,Biotechnology|Knowledge Management,0.0,operating,USA,1,1843.0
Biodel,Biotechnology|Health Care,48500002.0,ipo,USA,2,
BioDelivery Sciences International,Biotechnology,80700000.0,ipo,,3,5810.0
BioDerm,Biotechnology,603850.0,operating,USA,1,
Biodesix,Biotechnology|Health Diagnostics,96700000.0,operating,USA,10,1731.0
Biodesy,Biotechnology,15350009.0,operating,USA,2,-1111.0
BioDetego,Biotechnology,50000.0,operating,USA,1,815.0
BioDigital,Biotechnology,4450000.0,operating,USA,2,3139.0
Biodirection,Biotechnology,5637500.0,operating,USA,2,1326.0
BioDtech,Biotechnology|Nutraceutical|Therapeutics,575000.0,operating,USA,1,2793.0
BIOeCON,Biotechnology,1447000.0,operating,NLD,1,
BioElectronics,Biotechnology,50000.0,operating,USA,1,
BioExx Specialty Proteins,Biotechnology,9721294.0,operating,CAN,5,2352.0
BioFab,3D Printing|Biotechnology|Health and Wellness,100000.0,operating,PER,2,
BioFire Diagnostics,Biotechnology|Health Diagnostics,70000000.0,acquired,USA,2,8297.0
Sirrus,Biotechnology|Chemicals,13600000.0,operating,USA,3,1167.0
Biofortuna,Biotechnology|Health Diagnostics,6945919.0,operating,GBR,3,874.0
BioGaming,Fitness|Health and Wellness|Medical,3800000.0,operating,ISR,2,120.0
Biogazelle,Biotechnology,2500000.0,operating,BEL,1,2630.0
Biogen Waen,Biotechnology|Energy Management|Renewable Energies,11247268.0,operating,,1,
BioGenerics,Biotechnology,4660625.0,operating,USA,2,433.0
BiogeniQ,Big Data|Biotechnology|Health and Wellness|Health Care|Life Sciences|Personal Health,980000.0,operating,CAN,2,430.0
BioHealthonomics Inc.,Biotechnology|Health Care|Medical|Pharmaceuticals,0.0,operating,USA,1,827.0
Bioheart,Biotechnology,946520.0,ipo,USA,5,893.0
Biohorizons.com,Biotechnology|Dental,64058512.0,operating,USA,3,6389.0
BioImagene,Biotechnology|Health Diagnostics,26000000.0,acquired,USA,1,2057.0
BioInspire Technologies,Biotechnology,3124082.0,operating,USA,1,1007.0
BioIQ,Biotechnology|Health and Wellness|Mobile Health,928942.0,operating,USA,2,1712.0
Bioject Medical Technologies,Biotechnology,2876384.0,operating,USA,3,9121.0
BioKier,Biotechnology,2389999.0,operating,USA,4,584.0
Biolase,Biotechnology,49024004.0,ipo,USA,3,8957.0
BioLeap,Biotechnology,5000000.0,operating,USA,1,
Biolectrics,Medical Devices,1000000.0,operating,USA,1,2844.0
BioLight Israeli Life Sciences Investments Ltd,Biotechnology|Health Diagnostics,10200000.0,ipo,ISR,2,
BiolineRx,Biotechnology,63100000.0,ipo,ISR,4,489.0
Biolipox,Bio-Pharm|Medical|Pharmaceuticals,41000000.0,acquired,,1,
Biological Dynamics,Biotechnology,26800000.0,operating,USA,1,2865.0
Biologics Modular,Biotechnology,750000.0,operating,USA,1,925.0
Biologics,Biotechnology,29821889.0,operating,USA,2,5983.0
"BionX™ Medical Technologies, Inc.",Biotechnology,61100000.0,operating,USA,5,1024.0
BioMarCare Technologies,Biotechnology|Health Diagnostics,1000000.0,operating,ISR,1,
BioMarck Pharmaceuticals,Biotechnology,7766446.0,operating,USA,2,
BioMarker Strategies,Biotechnology|Health Diagnostics,5177199.0,operating,USA,5,
Biomatrica,Analytics|Biotechnology,9216231.0,operating,USA,3,
BioMCN,Biotechnology,45345600.0,operating,,1,
Biomeasure,Biotechnology,45000000.0,operating,USA,1,
BioMedFlex,Biotechnology,250000.0,operating,USA,1,309.0
BioMedical Enterprises,Biotechnology,862869.0,operating,USA,1,4176.0
Biomedical Innovation,Biotechnology,10400000.0,operating,USA,1,
"BioMedical Technologies Solutions, Inc.",Health Care|Medical|Technology,280000.0,ipo,USA,2,5921.0
Biomedix vascular solution,Biotechnology|Health Diagnostics,682236.0,operating,USA,1,5805.0
BioMedomics,Biotechnology,1188702.0,operating,USA,3,2927.0
Biomeme,Biotechnology|Mobile Health|Security,1292799.0,operating,USA,3,
Biomimedica,Health Care,12149999.0,operating,USA,2,
BioMimetic Laboratories Inc.,Beauty|Health Care|Medical,1201217.0,operating,,2,4.0
BioMimetic Therapeutics,Biotechnology,36618955.0,ipo,USA,3,2135.0
BioMimetix Pharmaceutical,Biotechnology,2000000.0,operating,USA,1,206.0
BioMimetx,Biotechnology|Environmental Innovation|Startups,242563.0,operating,,1,730.0
Biomoda,Biotechnology|Health Diagnostics,1000000.0,ipo,USA,1,-1345.0
Biomode - Biomolecular Determination,Biotechnology|Health Diagnostics,2106889.0,operating,PRT,2,0.0
Biomonde,Health and Wellness|Medical,11073775.0,operating,GBR,2,
Biomonitor,Biotechnology,4640000.0,operating,DNK,1,2007.0
Biomoti,Biotechnology|Medical|Therapeutics,116185.0,operating,GBR,1,1509.0
BioMotiv,Biotechnology,81406790.0,operating,USA,4,248.0
Biom'Up,Biotechnology,43867126.0,operating,FRA,2,
Bion Pharma,Health and Wellness|Medical Professionals|Pharmaceuticals,30000000.0,operating,,1,
BioNano Genomics,Biotechnology|Health Diagnostics|Maps,107182814.0,operating,USA,7,1911.0
Bionanoplus,Biotechnology,817620.0,operating,ESP,1,
BioNanovations,Health Care|Health Diagnostics,140000.0,operating,USA,2,94.0
Bionaturis,Biotechnology,0.0,operating,ESP,1,
Bionaut Pharmaceuticals,Bio-Pharm|Medical|Pharmaceuticals,6800000.0,operating,USA,1,1283.0
BiondVax,Bio-Pharm|Health Care|Health Care Information Technology,1300000.0,ipo,ISR,1,4269.0
BioNex Solutions,Biotechnology,1964996.0,operating,USA,2,419.0
Bionik Labaratories,Medical Devices,13100000.0,operating,CAN,1,2378.0
Bioniz,Biotechnology,599205.0,operating,USA,1,1687.0
Bionomics,Biotechnology|Health Diagnostics,20469183.0,operating,AUS,2,3898.0
Bionostra,Biotechnology|Cosmetics,2390000.0,operating,ESP,1,
BioNova,Health Care|Medical,1500000.0,operating,USA,1,
Bionovo,Biotechnology,600000.0,operating,USA,1,
BioNumerik Pharmaceuticals,Biotechnology,63320500.0,operating,USA,3,4664.0
Bioparaiso,Biotechnology,40000.0,operating,CHL,1,199.0
BioPharma Manufacturing Solutions,Biotechnology,400700.0,operating,USA,1,762.0
Biopharmacopae,Biotechnology,2000000.0,operating,CAN,2,
BioPharmX,Biotechnology,20369775.0,ipo,USA,3,1098.0
BioPheresis,Biotechnology,8000000.0,operating,DEU,1,863.0
BioPoly,Biotechnology,3065510.0,operating,USA,2,1261.0
BioPro Pharmaceutical,Biotechnology,5000000.0,operating,USA,1,
BioProcessors,Biotechnology|Media|Technology,16010000.0,acquired,USA,2,
BioProtect,Health Care|Medical Devices,1650000.0,operating,ISR,1,1624.0
Biopsych Health Systems,Biotechnology,375000.0,operating,USA,2,377.0
Bioptigen,Health Care,1500000.0,acquired,USA,1,2622.0
BiOptix Inc.,Biotechnology,4650000.0,operating,USA,3,449.0
BioQuiddity,Biotechnology,13737000.0,operating,USA,1,
Biorasis,Health Care,486000.0,operating,USA,1,1735.0
BioRegenerative Sciences,Biotechnology,0.0,operating,USA,1,-90.0
BioRelix,Biotechnology,40664199.0,operating,USA,7,891.0
BioRexis,Health Care|Insurance|Therapeutics,38000000.0,acquired,,2,
BioSante Pharmaceuticals,Biotechnology,18000000.0,ipo,USA,1,
BioSavita,Biotechnology,3000000.0,operating,USA,1,7443.0
Bioscale,Biotechnology|Health Diagnostics|Life Sciences,74639282.0,operating,USA,6,2190.0
Bioscan,Biotechnology,3307299.0,acquired,USA,4,
"BioscanR, INC",Health Care|mHealth,25000.0,operating,USA,2,-416.0
Biosceptre,Biotechnology|Diagnostics|Health Diagnostics|Medical,4692720.0,operating,AUS,1,
BioScience,Health Care|Health Diagnostics,0.0,operating,ARG,1,
Bioscience Vaccines,Biotechnology,150000.0,operating,USA,1,
BioSculpture Technology,Biotechnology|Health Care|Medical Devices,449300.0,operating,,1,
BioSeek,Biotechnology,10000000.0,acquired,USA,1,2699.0
Biosensia,Biotechnology|Health Diagnostics|Medical,4494680.0,operating,IRL,2,765.0
Bioservo Technologies,Biotechnology,216000.0,operating,SWE,1,598.0
BioSET,Biotechnology,11771486.0,operating,USA,2,1312.0
BioSig Technologies,Biotechnology,4612885.0,operating,USA,6,1866.0
BioSilta,Bio-Pharm|Biotechnology|Life Sciences,3392314.0,operating,FIN,1,
BioStable,Biotechnology,5500000.0,operating,USA,1,349.0
BioSTL,Biotechnology,30000000.0,operating,USA,1,1299.0
Biostorage Technologies,Biotechnology,8320000.0,operating,USA,2,1835.0
BioStratum,Biotechnology|Health and Wellness|Therapeutics,10099999.0,operating,USA,2,3520.0
BioSurplus,Biotechnology|Infrastructure|Life Sciences,3900000.0,operating,USA,2,3783.0
Biosyntia,Biotechnology,1870081.0,operating,DNK,1,
Biosystem Development,Biotechnology,3978000.0,acquired,USA,4,2130.0
Biosystems International,Biotechnology,11187700.0,acquired,FRA,3,456.0
Biota Holdings,Biotechnology,423000.0,ipo,AUS,1,
BioTeSys,Biotechnology,608000.0,operating,DEU,1,3051.0
Biothera,Biotechnology,5088130.0,operating,USA,2,4849.0
Biotherapeutics,Biotechnology,0.0,operating,USA,1,
BioTheryX,Biotechnology|Health and Wellness|Medical|Therapeutics,1650000.0,operating,USA,3,2717.0
Biotie Therapies,Biotechnology,151808176.0,ipo,TUR,3,
BioTime,Biotechnology,63630000.0,ipo,USA,7,6156.0
Biotix,Biotechnology,4195000.0,operating,USA,2,2281.0
BioTrace Medical,Biotechnology,5193705.0,operating,USA,2,420.0
Biotronics3D,3D|Cloud Computing|Medical Devices|SaaS|Software,2015106.0,operating,GBR,2,1461.0
BioTrove,Biotechnology,24213329.0,acquired,USA,2,
BioVascular,Biotechnology,10870000.0,operating,USA,1,
BioVentrix,Biotechnology,12400000.0,operating,USA,1,
Bioventus,Diagnostics|Health Care|Health Diagnostics|Medical Devices,12000000.0,operating,USA,1,1031.0
Biovest International,Biotechnology,7000000.0,operating,USA,1,10892.0
BioVex,Biotechnology|Medical|Pharmaceuticals,133314585.0,acquired,GBR,4,-818.0
BioVidria,Biotechnology,350000.0,operating,USA,2,975.0
BioVigilant Systems,Biotechnology,6700000.0,operating,USA,1,
Biovitrum,Biotechnology,0.0,acquired,SWE,1,322.0
BioViva USA,Biotechnology,0.0,operating,USA,1,191.0
Biowater Technology,Biotechnology,6513865.0,operating,USA,1,3103.0
BiOWiSH,Biotechnology,13949454.0,operating,USA,2,1929.0
BiOWiSH Technologies,Biotechnology,2999999.0,operating,USA,1,3157.0
Bioxiness Pharmaceuticals,Health Care,302568.0,operating,USA,1,
Bioxodes,Biotechnology,3345160.0,operating,BEL,1,
BiOxyDyn,Biotechnology,1933105.0,operating,GBR,1,1372.0
Biozone Pharmaceuticals,Biotechnology,9300000.0,operating,USA,4,1576.0
BiPar Sciences,Biotechnology|Health and Wellness,73000000.0,acquired,USA,4,1084.0
Birch Tree Medical,Health Care,225000.0,operating,USA,1,1099.0
Biscayne Pharmaceuticals,Biotechnology,7528000.0,operating,USA,3,390.0
Bivarus,Analytics|Health and Wellness|Health Care,2275000.0,operating,USA,2,1573.0
Blackbird Holdings,Medical,100.0,operating,USA,1,354.0
Bladder Health Ventures,Biotechnology,400000.0,operating,USA,2,90.0
Blaze Bioscience,Biotechnology|Health Care|Health Care Information Technology,32936998.0,operating,USA,5,
Blaze Medical Devices,Health Care,200000.0,operating,USA,2,2306.0
Blend Biosciences,Biotechnology,2800000.0,operating,,1,
Blend Therapeutics,Healthcare Services|Health Diagnostics|Medical|Nanotechnology|Therapeutics,45801164.0,operating,USA,4,5.0
Bliss Healthcare,Biotechnology,500000.0,operating,USA,1,412.0
Blitz X Performance Instruments,Medical,0.0,operating,USA,1,8.0
Blockade Medical,Health Care,9378646.0,operating,USA,3,814.0
Blood cell Storage,Biotechnology,2375000.0,operating,USA,1,
"Blood Monitoring Solutions, Inc.",Data Integration|Health Care Information Technology|Medical,50000.0,operating,USA,1,1.0
Bloom Health,Health and Insurance|Health and Wellness|Health Care|Health Care Information Technology,5000000.0,operating,USA,2,16.0
Bloomage BioTechnology Corporation Limited,Biotechnology,85000000.0,operating,CHN,1,
Blue Belt Technologies,Biotechnology,41431808.0,acquired,USA,2,2469.0
Blue Earth Diagnostics,Clinical Trials|Diagnostics|Medical,28040440.0,operating,GBR,1,509.0
Blue Heron Biotechnology,Biotechnology,3680000.0,operating,USA,1,
Blue Label Clinic,Health Care|Medical|Services,27000.0,operating,USA,1,426.0
Blue Marble Energy,Biotechnology|Recycling,4527125.0,operating,USA,2,2229.0
Blue Mount Technologies,Medical,0.0,operating,USA,1,65.0
Blue Sky Biotech,Biotechnology,0.0,operating,USA,1,
Blueacre Technologoy,Manufacturing|Medical Devices|Technology,4826548.16001258,operating,IRL,1,3601.0
bluebird bio,Biotechnology,150500000.0,ipo,USA,6,4663.0
BlueDot,Biotechnology,2500000.0,operating,CAN,1,
Bluegrass Vascular Technologies,Diabetes|Medical|Medical Devices,4500000.0,operating,USA,1,1671.0
Blueline,Health Care|Healthcare Services|Medical Professionals|Mobile Health,82629.6045347127,operating,GBR,1,184.0
BluePearl Veterinary Partners,Biotechnology,420000.0,operating,USA,1,7316.0
Blueprint Genetics,Biotechnology|Health Diagnostics,3900000.0,operating,FIN,1,883.0
Blueprint Medicines,Biotechnology|Health Care,115000000.0,ipo,USA,3,100.0
BlueTurtleBio Technologies,Health Care|Healthcare Services|Public Safety,50000.0,operating,USA,1,
BluFrog Path Lab Solutions,Biotechnology,1600000.0,operating,USA,1,647.0
BluPanda,Biotechnology,71798.0,operating,USA,1,165.0
BMEYE,Health Care,0.0,acquired,NLD,3,729.0
BMP Sunstone Corporation,Biotechnology,6350000.0,operating,USA,1,
boaconsulta.com,Dental|Doctors|Health and Wellness|Health Care,2000000.0,operating,BRA,2,190.0
BoardVitals,Health Care,1600000.0,operating,USA,3,634.0
Bobby Bear Fun & Fitness,Medical,0.0,operating,USA,1,1536.0
Bodshaperz,Dietary Supplements|Health Care|Nutrition,80000.0,operating,USA,1,-92.0
Bodyport,Fitness|Health and Wellness|Medical,120000.0,operating,USA,1,351.0
Bomedus,Medical,2656672.85376256,operating,USA,1,1789.0
Bon'App,Big Data Analytics|Health Care|Nutrition,0.0,operating,USA,1,823.0
Bone Biologics,Biotechnology|Health Care|Medical,2000000.0,operating,USA,1,4144.0
Bone Solutions,Medical Devices,215000.0,operating,USA,1,
Bone Therapeutics,Biotechnology,10351880.0,operating,BEL,1,
Bonegrafix,Health Care,0.0,operating,,1,
BONESUPPORT,Health Care,64074933.0,operating,SWE,5,2232.0
Bonovo Orthopedics,Biotechnology,10000000.0,operating,USA,1,
BonzerDarg,Biotechnology|E-Commerce|Social Media,150000.0,operating,USA,1,170.0
BookMEDS,E-Commerce|Fitness|Health and Wellness|Health Care,100000.0,operating,IND,1,
BookThatDoc,Health Care|Medical|Mobile Devices,5700000.0,operating,USA,3,-153.0
Boondoc,Health and Wellness|Health Care|Networking|Software,4000.0,operating,CAN,1,999.0
Boreal Genomics,Analytics|Biotechnology,24499999.0,operating,USA,2,1369.0
Borean Pharma,Biotechnology,5220000.0,operating,DNK,1,3003.0
Boston Biomedical,Biotechnology,2000000.0,acquired,USA,1,1262.0
Boston Heart Diagnostics,Biotechnology|Health and Wellness|Medical,10286000.0,acquired,USA,3,812.0
Boston Medical Center,Health and Wellness|Health Care|Hospitals|Medical,21000000.0,operating,USA,1,
Boston Out-Patient Surigal Suites,Biotechnology,160886.0,operating,USA,1,2337.0
Boston Therapeutics,Biotechnology,2000000.0,operating,USA,1,1679.0
Bostwick Laboratories,Biotechnology,0.0,operating,USA,1,
Botanic Innovations,Biotechnology,2290002.0,operating,USA,2,
BotanoCap,Agriculture|Biotechnology|Cosmetics|Organic Food|Water Purification,4200000.0,operating,ISR,1,3644.0
BoundaryMedical,Biotechnology,1250000.0,operating,USA,1,3067.0
Bourn Hall Clinic,Biotechnology,5303380.0,operating,GBR,1,12453.0
Bovie Medical,Health Care,10000002.0,ipo,USA,2,14736.0
Bragg Peak Systems,Biotechnology,2400000.0,operating,USA,1,574.0
BRAIN,Biotechnology,77766000.0,operating,DEU,1,
Brain Synergy Institute,Biotechnology,6575802.0,operating,USA,5,448.0
Brain Tunnelgenix Technologies,Biotechnology,2563168.0,operating,USA,3,1566.0
Brainceuticals,Biotechnology,249506.0,operating,USA,1,637.0
Brainomix,Medical Devices,1963489.0,operating,GBR,1,1727.0
BrainScope Company,Biotechnology,36113750.0,operating,USA,10,7127.0
Brainsgate,Health Care,60500000.0,operating,ISR,3,2050.0
BrainStorm Cell Therapeutics,Biotechnology,18139599.0,ipo,USA,5,3130.0
Branch2,Health Care|Health Care Information Technology|Software,436818.0,operating,USA,3,62.0
Branchpoint Technologies,Medical Devices,749998.0,operating,USA,1,
Breakthrough Behavioral,Health and Wellness|Health Care|Marketplaces|Medical|Therapeutics,5900000.0,operating,USA,2,1320.0
Breath of Life,Biotechnology,750000.0,operating,USA,1,
Breathometer,Hardware + Software|Health Care|Internet of Things|Mobile,4600000.0,operating,USA,2,411.0
Breethe,Biotechnology,575000.0,operating,USA,1,615.0
Brickell Bay Acquisition,Biotechnology,52411646.0,operating,USA,1,
Brickell Biotech,Biotechnology,25414587.0,operating,USA,4,
Bridge Pharmaceuticals,Biotechnology,37188388.0,operating,USA,2,
Bridgecrest Medical,Analytics|Health Care Information Technology|Mobile|Mobile Health,30000.0,operating,USA,2,351.0
BridgePoint Medical,Health Care,35301007.0,acquired,USA,5,752.0
Bright.md,Enterprise Software|Health Care Information Technology|Mobile Health|SaaS,4500000.0,operating,USA,2,300.0
Bright Willow,Medical,0.0,operating,USA,1,1246.0
Brighton Biotech,Biotechnology|Health Care|Medical,1600000.0,operating,USA,1,
Bristol-Myers Squibb,Biotechnology|Health and Wellness|Pharmaceuticals,15510000.0,ipo,USA,1,44515.0
Briteseed,Health Care,1000000.0,operating,USA,1,552.0
Broad Institute,Biotechnology,132500000.0,operating,USA,2,3312.0
Broadlane,Health and Wellness|Health Care|Medical|Services,50000000.0,operating,,1,
"Broncus Technologies, Inc.",Health Care,0.0,operating,USA,1,
BrownIT Holdings,Consulting|Medical,25000.0,operating,USA,1,72.0
Bruder Healthcare,Biotechnology,5000345.0,operating,USA,1,8562.0
Bruin Biometrics,Hardware + Software|Health Care Information Technology|Health Diagnostics|Medical Devices|Mobile Health,10000000.0,operating,USA,1,1882.0
Bswift,Health Care|Navigation|Software,51000000.0,acquired,USA,1,6666.0
BTG,Health Care|Medical|Pharmaceuticals,7859444.0,operating,GBR,2,
Bubbles and Beyond,Biotechnology,2401000.0,operating,DEU,2,
Buckeye Biomedical Services,Medical,0.0,operating,USA,1,2072.0
BulldogIT Corporation,Health Care Information Technology,1400000.0,operating,USA,1,1392.0
Bullet Biotechnology,Biotechnology,1835032.0,operating,USA,2,920.0
Butler Healthcare,Medical,0.0,operating,USA,1,356.0
Bwom,Health Care|Technology,65000.0,operating,,1,-29.0
Bykart Software,Health Care|Medical|Software,30000.0,operating,,1,
c-LEcta,Biotechnology,726000.0,operating,DEU,2,842.0
C2 Therapeutics,Biotechnology,20384582.0,operating,USA,5,897.0
C3 Jian,Biotechnology|Health Diagnostics,105000000.0,operating,USA,3,1830.0
C4X Discovery,Biotechnology,0.0,operating,GBR,1,1053.0
Caddy,Medical,0.0,operating,NZL,1,310.0
Cadence Biomedical,Biotechnology,3050000.0,operating,USA,3,1845.0
Cadence Pharmaceuticals,Biotechnology,0.0,acquired,USA,1,1492.0
Cagenix,Biotechnology,4592178.0,operating,USA,6,
Cahaba Pharmaceuticals,Biotechnology,1786959.0,operating,USA,4,514.0
Caisson Laboratories,Biotechnology,50000.0,operating,,1,3671.0
Cake Health,Health and Insurance|Health and Wellness|Health Care,150000.0,operating,USA,2,485.0
Cake Intake,Health and Wellness|Health Care|Health Care Information Technology|Medical|Software,0.0,operating,USA,1,-166.0
CAL - Quantum Therapeutics Div,Medical,0.0,operating,USA,1,8269.0
Calando Pharmaceuticals,Biotechnology,1000000.0,operating,USA,1,4035.0
Calcula Technologies,Healthcare Services|Medical|Medical Devices,100000.0,operating,USA,1,455.0
"Icagen, Inc.",Biotechnology,14672950.0,operating,USA,4,3060.0
Calhoun Vision,Health Care,95375917.0,operating,USA,5,4256.0
Caliber Infosolutions,Biotechnology,0.0,operating,USA,1,
Calibra Medical,Biotechnology,54800000.0,acquired,USA,5,1674.0
Calidora Skin Clinic,Medical,4000000.0,operating,,1,
California Stem Cell,Biotechnology,1950000.0,acquired,USA,2,1815.0
Calimmune,Health and Wellness|Health Care|Medical|Therapeutics,15000000.0,operating,USA,1,3433.0
Caliper Life Sciences,Biotechnology,10794877.0,acquired,USA,1,5842.0
Calistoga Pharmaceuticals,Biotechnology|Medical|Pharmaceuticals,97200000.0,acquired,USA,5,428.0
Calithera Biosciences,Biotechnology,104999998.0,ipo,USA,6,37.0
Calixar,Biotechnology,2240135.0,operating,,2,534.0
Callidus Biopharma,Biotechnology,6211154.0,acquired,USA,2,914.0
Calorics,Biotechnology,10231974.0,operating,USA,1,1370.0
Calosyn Pharma,Biotechnology,2173077.0,operating,USA,2,
Calporta Therapeutics,Health Care|Medical|Therapeutics,10000000.0,operating,USA,1,
Calypso Medical,Health Care,102569484.0,acquired,USA,4,
Calysta Energy,Biotechnology,18000000.0,operating,USA,3,142.0
Cam Med,Health Care|Medical|Medical Devices,50000.0,operating,USA,1,
Cambrian Genomics,Biotechnology,10000000.0,operating,USA,3,547.0
Cambridge Endoscopic Devices,Health Care,9105809.0,operating,USA,5,
Cambridge Epigenetix,Biotechnology|Health Diagnostics,5500000.0,operating,GBR,1,
Cambridge Heart,Health Care,7200000.0,ipo,USA,3,7301.0
Cambrooke Foods,Consumer Goods|Distribution|Fitness|Health Care|Nutrition,18025000.0,operating,USA,2,
Cameron Health,Health Care,158500000.0,acquired,USA,2,2724.0
CamPlex,Health and Wellness|Health Care|Medical,4298066.0,operating,USA,2,
Camras Vision,Medical Devices,175000.0,operating,USA,1,1957.0
CamStent,Health Care,1375752.0,operating,GBR,2,
Canadian Cannabis Corp,Medical|Medical Devices|Pharmaceuticals|Therapeutics,6870903.0,operating,CAN,2,
CANbridge Life Sciences,Biotechnology,20000000.0,operating,CHN,2,1066.0
Cancer Genetics,Biotechnology|Health and Wellness|Health Diagnostics,6618000.0,ipo,USA,1,4322.0
Cancer Prevention Pharmaceuticals,Biotechnology,6072500.0,operating,USA,3,594.0
Cancer Therapy and Research Center,Health Care|Health Care Information Technology|Medical,9000000.0,operating,USA,1,
Cancer Treatment Services International,Biotechnology,2000000.0,operating,USA,1,1185.0
CancerGuide Diagnostics,Biotechnology|Health Diagnostics,2749999.0,operating,USA,1,1544.0
CancerIQ,Analytics|Big Data|Information Technology|Medical,0.0,operating,USA,1,151.0
Candescent Healing,Clinical Trials|Health Care|Medical,21513913.0,acquired,USA,1,
CanDiag,Biotechnology,961000.0,operating,USA,2,710.0
CanFite BioPharma,Biotechnology,31000002.0,ipo,ISR,4,
Canines,Health and Wellness|Health Care|Pets,500000.0,operating,USA,1,20.0
CannTrust,Innovation Management|Medical|Services,2085627.0,operating,CAN,2,735.0
Cannuflow,Health Care|Medical|Medical Devices,1400000.0,operating,,1,
CanSurround,Biotechnology,845000.0,operating,USA,1,855.0
Cantab Biopharmaceuticals,Biotechnology,8100000.0,operating,GBR,1,
Cantargia,Biotechnology,1000000.0,operating,SWE,1,1281.0
Cantimer,Health Care,2000000.0,operating,USA,1,803.0
Capical,Biotechnology,0.0,operating,DEU,2,608.0
CAPNIA,Biotechnology|Gas|Health and Wellness|Health Care|Medical,22219087.0,operating,USA,4,1949.0
Cappella Medical Devices,Health Care,46889878.0,operating,IRL,4,795.0
Capricor,Biotechnology,53792001.0,operating,USA,8,1649.0
Caprotec Bioanalytics,Biotechnology,16000000.0,operating,,3,
Capsos Medical,Health and Wellness|Health Care Information Technology|Medical Devices,2492084.0,operating,IRL,1,
CapsoVision,Health Care,28216178.0,operating,USA,8,1677.0
Capsule Tech,Biotechnology,0.0,acquired,FRA,1,5668.0
CaptureProof,Health Care|Health Care Information Technology|Technology,1200000.0,operating,USA,2,482.0
Cara Health,Health Care Information Technology|Services|Software,0.0,operating,USA,1,216.0
Cara Therapeutics,Biotechnology|Health Care,56100003.0,ipo,USA,5,
Carbylan Therapeutics,Health Care,34999999.0,ipo,USA,4,1059.0
Cardax Pharma,Biotechnology,4973170.0,ipo,USA,6,1087.0
Cardeas Pharma,Biotechnology|Health Care|Pharmaceuticals,45035988.0,operating,USA,2,805.0
Cardia,Medical Devices,4527768.0,operating,USA,5,4957.0
Cardiac Dimensions,Biotechnology|Health Care|Medical Devices,110596923.0,operating,USA,10,1171.0
Cardiac Guard,Health Care,12500.0,operating,,1,181.0
Cardiac Insight,Biotechnology,10500249.0,operating,USA,6,1102.0
Cardiac Systemz,Medical,0.0,operating,USA,1,19.0
CardiaLen,Biotechnology,6905380.0,operating,USA,5,594.0
CardiAQ Valve Technologies,Biotechnology,45434000.0,acquired,USA,4,862.0
Cardica,Health Care|Manufacturing,13797958.0,ipo,USA,3,4656.0
Cardiio,Apps|Health and Wellness|Health Care,20000.0,operating,USA,1,
Cardinal Health,Health and Wellness|Health Care|Hospitals,1500000000.0,ipo,USA,1,13011.0
Cardinal Spine,Health Care,650000.0,operating,USA,1,2786.0
Cardio3 BioSciences,Biotechnology,68589111.0,ipo,BEL,4,1835.0
CardioCell,Biotechnology,1060000.0,operating,USA,1,875.0
CardioDiagnostics,Medical,540000.0,operating,USA,1,
CardioDx,Biotechnology|Health Diagnostics,268990356.0,operating,USA,9,932.0
CardioFocus,Biotechnology,86872388.0,operating,USA,6,7105.0
CardioGen Sciences,Biotechnology|Genetic Testing|Medical,526000.0,acquired,USA,1,
CardioGenics,Biotechnology,4630575.0,operating,TUR,2,4594.0
CardioInsight Technologies,Health Care,36050344.0,acquired,USA,7,786.0
Cardiokine,Biotechnology,37000000.0,acquired,USA,1,
CardioKinetix,Health and Wellness|Health Care|Medical Devices,135500000.0,operating,USA,5,2022.0
Cardiola,Biotechnology,6000000.0,operating,CHE,2,3386.0
CardioLogs,Health Care,300000.0,operating,FRA,2,-31.0
CardioMEMS,Health Care|Medical Devices,232601872.0,acquired,USA,10,181.0
CardioNet,Enterprise Software|Health Care,123000000.0,ipo,USA,2,1473.0
CardioPhotonics,Biotechnology,300000.0,operating,USA,1,405.0
Cardiorobotics,Health Care,27205437.0,operating,USA,5,1718.0
Cardiosolutions,Health Care,18300000.0,operating,USA,3,633.0
Cardiosonic,Health Care|Pets,6100000.0,operating,ESP,1,1436.0
Cardiostrong,Fitness|Health and Wellness|Health Care|Personal Health,0.0,operating,USA,1,-23.0
Cardiovascular Decisions,Biotechnology,800000.0,operating,USA,1,290.0
Cardiovascular Systems,Biotechnology|Medical Devices,15000000.0,ipo,USA,2,8016.0
Cardiovascular Systems,Medical Devices,11220000.0,ipo,USA,1,
CardioVIP,Biotechnology,5844999.0,operating,USA,1,
Cardiowise,Medical,0.0,operating,USA,1,136.0
CardiOx,Biotechnology,14511774.0,operating,USA,8,4694.0
Cardioxyl Pharmaceuticals,Biotechnology,66500000.0,acquired,USA,4,704.0
Cardium Therapeutics,Biotechnology|Pharmaceuticals,750000.0,ipo,USA,1,
Cardiva Medical,Health Care,32930335.0,operating,USA,3,3914.0
Cardo Medical,Biotechnology,6215250.0,ipo,USA,1,910.0
Cardoz,Biotechnology,17592449.0,operating,SWE,1,1719.0
Care 24/7,Health Care|Hospitals,250000.0,operating,USA,1,881.0
Care and Share Associates,Enterprise Software|Franchises|Health Care,324656.0,operating,GBR,1,
Care at Hand,Health and Wellness|Health Care Information Technology|Mobile Enterprise|Mobile Health,1910000.0,operating,USA,3,517.0
Care Thread,Health Care|Messaging,525000.0,operating,USA,1,578.0
Care1 Urgent Care,Medical,60000.0,operating,USA,1,284.0
Carebase,Health Care|Healthcare Services,8453342.0,operating,GBR,1,
CareFamily,Biotechnology,1325000.0,operating,USA,2,742.0
CareHubs,Collaboration|Health Care|Medical|Social Network Media,0.0,operating,USA,1,
CareKinesis,Health Care,7000000.0,operating,USA,3,283.0
CareLedger,Health Care,0.0,operating,,1,97.0
CareMessage,Health and Wellness|Health Care|Mobile Health,10700000.0,operating,,4,184.0
Caremondo,Health Care|Marketplaces|Travel & Tourism,0.0,operating,DEU,2,454.0
Carena,Health Care,33129450.0,operating,USA,5,3821.0
CareOne,Health Care,1300000.0,operating,USA,1,
CarePartners Plus,Health Care,1657428.0,operating,USA,2,
CarePayment,Finance|Health Care|Hospitals,60000000.0,ipo,USA,1,3785.0
Carepeutics,Biotechnology,500000.0,operating,USA,1,952.0
CarePoint Health,Health Care,375000.0,operating,USA,1,2793.0
CarePoint Partners,Biotechnology|Networking|Software|Therapeutics,27000000.0,acquired,USA,1,4342.0
CarePoint Solutions,Biotechnology,214448.0,operating,USA,1,194.0
CareShare,Health Care,64000.0,operating,,1,367.0
Carestream,Biotechnology,2400000000.0,operating,USA,1,2354.0
CareSync,Curated Web|Health and Wellness|Health Care Information Technology|Healthcare Services|mHealth,23000000.0,operating,USA,3,1116.0
Care Technology Systems,Health Care,980000.0,operating,USA,2,851.0
CareTree,Collaboration|Health Care,0.0,operating,USA,1,236.0
vindenmed,Health and Wellness|Health Care|Medical|Medical Devices,30000.0,operating,USA,1,1335.0
CareWire,Health and Wellness|Health Care|Hospitals|Messaging,0.0,operating,USA,1,459.0
CareXtend,Health and Wellness|Health Care|Marketplaces,2210332.0,operating,USA,2,233.0
Caribou Biosciences,Biotechnology,14464846.0,operating,USA,2,1371.0
Carigent Therapeutics,Biotechnology,2000000.0,operating,USA,1,
Cariloop,Biotechnology|Health Care|Health Care Information Technology|Healthcare Services,605000.0,operating,USA,3,439.0
Carmel Pharma,Biotechnology,0.0,acquired,SWE,1,
Carmell Therapeutics,Biotechnology,4381848.0,operating,USA,7,395.0
Carmenta Bioscience,Biotechnology,2000000.0,acquired,USA,1,485.0
Carmolex,Biotechnology|Early-Stage Technology|Medical,1600000.0,operating,USA,2,-13.0
Carmot Therapeutics,Biotechnology,2050158.0,operating,USA,2,843.0
CaroGen,Biotechnology,150000.0,operating,USA,1,617.0
Carrot Medical,Health Care,3035000.0,operating,USA,3,
CARsgen Therapeutics,Health Diagnostics|Life Sciences|Medical,0.0,operating,CHN,1,25.0
Cartela AB,Biotechnology,2670000.0,acquired,SWE,1,
Carticept Medical,Health Care,30000000.0,operating,USA,2,1894.0
CartiCure,Health Care,600000.0,operating,ISR,1,
CartiHeal,Health Care,20000000.0,operating,ISR,3,1126.0
Cartilix,Biotechnology,6350000.0,operating,USA,1,790.0
Cartiva,Biotechnology,15800000.0,operating,USA,4,926.0
CAS Medical Systems,Health Care,16925000.0,ipo,USA,2,
Cascade Prodrug,Biotechnology,1448932.0,operating,USA,2,1137.0
CaseReader,Biotechnology,2385262.0,operating,USA,1,2048.0
Castle Biosciences,Biotechnology,36412587.0,operating,USA,9,444.0
Castlewood Surgical,Biotechnology|Medical|Medical Devices,1408763.0,operating,USA,4,3621.0
Catabasis Pharmaceuticals,Biotechnology,119523736.0,ipo,USA,9,745.0
Catalia Health,Fitness|Health and Wellness|Health Care,1250000.0,operating,USA,1,315.0
Catalyst Biosciences,Biotechnology,105114496.0,operating,USA,9,1135.0
Catalyze,Cloud Infrastructure|Health and Wellness|Health Care Information Technology|mHealth|Mobile|Software,6044998.0,operating,USA,3,48.0
Catapult Genetics,Biotechnology,2000000.0,acquired,AUS,1,2631.0
CATASYS,Biotechnology,16701212.0,operating,USA,12,928.0
Caterna,Biotechnology,867685.0,operating,DEU,1,212.0
CatFi,Consumer Electronics|Health Care|Internet of Things|Pets,1000000.0,operating,,1,
Cathera,Health Care,2509000.0,operating,USA,1,953.0
Catheter Connections,Biotechnology,6361722.0,operating,USA,2,1315.0
Cayenne Medical,Health Care,40468738.0,operating,USA,7,714.0
CAYMUS MEDICAL,Manufacturing|Medical|Medical Devices,1000000.0,operating,USA,1,231.0
CB Biotechnologies,Biotechnology,2327600.0,operating,USA,1,
CBA PHARMA,Biotechnology,9328601.0,operating,USA,3,4109.0
CBLPath,Biotechnology,3200037.0,operating,USA,1,
cCAM Biotherapeutics,Biotechnology,0.0,acquired,ISR,1,1353.0
CCBR-SYNARC,Biotechnology,0.0,operating,USA,1,5577.0
CCRM,Doctors|Health Care|Medical,0.0,operating,USA,1,
CD Diagnostics,Biotechnology|Health Diagnostics,1610000.0,operating,USA,2,1126.0
CDI Bioscience,Biotechnology,3000000.0,operating,USA,1,284.0
CDx Life,Biotechnology,6917808.0,operating,USA,1,794.0
Cearna,Biotechnology,706388.0,operating,USA,1,740.0
Cebix,Biotechnology,96287638.0,operating,USA,5,668.0
Cedarburg Hauser Pharmaceuticals,Biotechnology,7000000.0,acquired,USA,1,2254.0
CEL-SCI,Biotechnology,4400000.0,ipo,USA,1,9728.0
Celator Pharmaceuticals,Biotechnology,96876867.0,ipo,USA,6,3136.0
Celcuity,Biotechnology,4000000.0,operating,USA,1,813.0
Celdara Medical,Biotechnology,1700000.0,operating,USA,1,2877.0
Celerus Diagnostics,Biotechnology|Health Diagnostics,3500000.0,operating,USA,1,2079.0
CellBiosciences,Biotechnology,85249999.0,acquired,USA,6,1826.0
Cell Cure Neurosciences,Biotechnology,4840000.0,operating,ISR,3,3057.0
Cell Genesys,Biotechnology|Health Care|Medical,310000.0,operating,USA,1,7768.0
Cell Guidance Systems,Biotechnology,390397.0,operating,GBR,1,1398.0
Cell Medica,Biotechnology,118001649.0,operating,GBR,5,453.0
Cell>Point,Biotechnology,23666405.0,operating,USA,3,
CellScope,Hardware + Software|Health Care Information Technology|Mobile Health|Telecommunications,5620000.0,operating,USA,3,485.0
Cell Source,Biotechnology|Pharmaceuticals,145000.0,operating,ISR,1,1669.0
Cell Therapeutics,Biotechnology|Health Care|Therapeutics,85060000.0,ipo,USA,5,6805.0
Cella Energy,Biotechnology,1150000.0,operating,GBR,1,817.0
Celladon,Biotechnology,172013496.0,ipo,USA,12,2167.0
CellAegis Devices,Health Care,23693.0,operating,CAN,1,
Cellara,Biotechnology,475000.0,operating,USA,1,
Cellartis,Biotechnology,9540000.0,operating,SWE,1,
Cellay,Biotechnology,1000000.0,operating,USA,1,180.0
Cellca,Biotechnology,11051860.0,operating,DEU,1,
CellCap Technologies,Biotechnology,115819.0,operating,GBR,1,193.0
CellCentric,Biotechnology,6515581.0,operating,GBR,1,3828.0
Cellceutix,Biotechnology,1000000.0,operating,USA,1,
Celldex Therapeutics,Biotechnology,2000000.0,ipo,USA,1,
Cellectar,Biotechnology|Pharmaceuticals,19638485.0,acquired,USA,5,
Cellectis,Biotechnology|Life Sciences|Pharmaceuticals,17367286.0,ipo,FRA,3,336.0
Cellectricon,Clean Technology|Medical|Services,7012307.0,operating,SWE,1,1241.0
Cellerant Therapeutics,Biotechnology,96244927.0,operating,USA,9,
Celleration,Health Care|Medical Devices,44424979.0,acquired,USA,3,3488.0
Cellmax,Health Care,5000000.0,operating,USA,1,151.0
CellNovo,Diabetes|Health Care,48268413.0,operating,GBR,1,3321.0
Cellomics Technology,Biotechnology,150000.0,operating,USA,1,467.0
CellPhire,Health Diagnostics|Medical,1000000.0,operating,USA,1,
CellPly,Biotechnology,2573200.0,operating,ITA,1,443.0
Cells Power,Medical,0.0,operating,JPN,1,758.0
CellScape,Biotechnology|Health Care|Health Diagnostics,12800000.0,operating,USA,6,486.0
Celltex Therapeutics,Biotechnology,34063000.0,operating,USA,1,552.0
CellTran,Biotechnology,7273407.0,acquired,GBR,3,1858.0
Cellular Biomedicine Group (CBMG),Biotechnology,9913001.0,operating,USA,2,1667.0
Cellular Dynamics International,Biotechnology,111641664.0,acquired,USA,4,2308.0
CELLutions Biosystems,Biotechnology|Medical|Therapeutics,7000000.0,operating,USA,1,
CellVir,Biotechnology,387000.0,operating,FRA,1,838.0
CellzDirect,Biotechnology,3400000.0,acquired,USA,1,248.0
CellZome,Medical|Pharmaceuticals|Therapeutics,63172041.0,operating,DEU,2,
Celmatix,Biotechnology,13500000.0,operating,USA,1,1147.0
Celnyx,Biotechnology|Health Care|Medical,3000000.0,operating,USA,1,
Celon Laboratories,Biotechnology,15800000.0,operating,IND,1,1376.0
CeloNova,Biotechnology,20841869.0,operating,USA,2,1155.0
Celsense,Biotechnology,2858200.0,operating,USA,7,
Celsion,Bio-Pharm|Biotechnology|Health Care,13789744.0,ipo,USA,3,
Akari Therapeutics,Biotechnology,87500000.0,ipo,GBR,2,3195.0
Celtaxsys,Biotechnology,46271386.0,operating,USA,3,857.0
Celtic Renewables,Biotechnology,2000000.0,operating,GBR,1,1120.0
Cempra,Biotechnology|Health Care,108119996.0,ipo,USA,5,90.0
Censis Technologies,Health Care|Medical|Tracking,0.0,operating,USA,1,5687.0
Centerline Biomedical,Biotechnology|Health and Wellness|Medical,1700000.0,operating,USA,1,602.0
Centice,Biotechnology,39475259.0,operating,USA,10,1783.0
Centrana Health,Doctors|Health Care Information Technology|Mobile Health|Personal Health,0.0,operating,USA,1,
Centre for Sight,Biotechnology,5000000.0,operating,IND,1,6393.0
Centrillion Biosciences,Biotechnology|Networking|Technology,24300000.0,operating,USA,4,273.0
centrose,Biotechnology,3900000.0,operating,USA,4,1709.0
Century Labs,Biotechnology,750000.0,operating,USA,1,1226.0
Cephasonics,Design|Hardware + Software|Manufacturing|Medical Devices,1438604.0,operating,USA,3,
Cephea Valve Technologies,Health and Wellness|Health Care|Medical|Therapeutics,21207979.0,operating,USA,2,1368.0
Ceptaris Therapeutics,Biotechnology,25000000.0,acquired,USA,2,3703.0
Ception Therapeutics,Biotechnology,77700000.0,acquired,USA,2,
Cequent Pharmaceuticals,Biotechnology,12400000.0,operating,USA,2,533.0
CeQur,Biotechnology|Diabetes,156600000.0,operating,,3,735.0
Ceram Hyd,Biotechnology,0.0,operating,FRA,1,1812.0
Cerapedics,Health Care,75790328.0,operating,USA,8,2615.0
Cerebrotech Medical Systems,Health Care Information Technology|Healthcare Services|Medical Devices,2712000.0,operating,USA,6,567.0
Cerecor,Biotechnology,60943184.0,ipo,USA,3,460.0
Ceregene,Biotechnology,71500000.0,acquired,USA,3,
Cerenis Therapeutics,Biotechnology,137757341.803352,ipo,,5,
Cerephex,Health Care,5924066.0,operating,USA,1,285.0
Ceres Nanosciences,Biotechnology,746000.0,operating,USA,1,2736.0
CereScan,Biotechnology|Health Diagnostics|Medical,6439787.0,operating,USA,3,1473.0
Cerevast Therapeutics,Biotechnology,23438812.0,operating,USA,6,377.0
Cerimon Pharmaceuticals,Biotechnology,2732960.0,operating,USA,3,2078.0
Cernostics,Biotechnology,6530638.0,operating,USA,6,656.0
CerRx,Biotechnology,2125557.0,operating,USA,1,1861.0
CertiRx,Biotechnology,790832.0,operating,USA,2,1213.0
Certus Group,Doctors|Hospitals|Medical|Software,0.0,operating,USA,1,40.0
Cerulean Pharma,Health Care,151700000.0,ipo,USA,11,334.0
Cerus Corporation,Health Care,30000000.0,ipo,USA,1,4199.0
Cerus Endovascular,Biotechnology,2272877.0,operating,GBR,1,887.0
Cervel Neurotech,Health Care,26899999.0,operating,USA,5,701.0
Cervilenz,Biotechnology,23300002.0,operating,USA,7,234.0
Ceterix Orthopaedics,Biotechnology,53000000.0,operating,USA,2,1593.0
CeutiCare,Health Care|Hospitals|Medical,0.0,operating,USA,2,2048.0
CEVEC Pharmaceuticals,Biotechnology,14028000.0,operating,DEU,2,3319.0
CGI Pharmaceuticals,Biotechnology,44300000.0,acquired,USA,2,1097.0
Chai,Biotechnology,1000000.0,operating,USA,1,686.0
Chalet Tech,Big Data Analytics|Business Intelligence|Databases|Data Security|Financial Services|FinTech|Hardware + Software|Health Care|Network Security,1500000.0,operating,USA,1,366.0
Chamelic,Biotechnology,1561320.0,operating,GBR,1,
Champions Oncology,Biotechnology,36800000.0,ipo,USA,5,9135.0
Change Healthcare,Education|Health Care|Healthcare Services|Hospitals,48000000.0,acquired,USA,6,243.0
"Channel (H), Inc",Business Productivity|Consumer Behavior|E-Commerce|Health Care Information Technology|Mobile Commerce|Mobile Payments|Personal Health|Predictive Analytics,25000.0,operating,USA,1,128.0
Channel Medsystems,Biotechnology,37787000.0,operating,USA,3,1582.0
Chantest,Biotechnology|Health and Wellness|Pharmaceuticals,0.0,acquired,USA,1,3505.0
ChargePoint Technology,Biotechnology,2462283.0,operating,GBR,1,1763.0
Charles River Advisors,Consulting|Health Care|Information Technology,41250.0,operating,USA,1,
Charles River Laboratories International,Biotechnology,34000000.0,ipo,USA,1,23647.0
Charleston Laboratories,Biotechnology,7415026.0,operating,USA,1,2101.0
"CharlestonPharma,LLC",Health Diagnostics|Medical|Therapeutics,1600000.0,operating,USA,1,
CHARMS PPEC,Medical,0.0,operating,USA,1,149.0
ChartITright,Biotechnology,600000.0,operating,USA,1,249.0
ChartSpan Medical Technologies,Doctors|Health Care|Mobile Health|Software,2950000.0,operating,USA,3,539.0
ChartWise Medical Systems,Biotechnology,5100000.0,operating,USA,2,242.0
Chase Medical,Health Care,8790112.0,operating,USA,2,5318.0
Chase Pharmaceuticals,Biotechnology,25200000.0,operating,USA,3,
Chatham Therapeutics,Biotechnology|Life Sciences|Medical,201000.0,acquired,USA,1,678.0
CHEC PR,Biotechnology|Medical,0.0,operating,USA,1,0.0
Check-Cap,Health Care,21877704.0,ipo,,2,
Checkmate Pharmaceuticals,Biotechnology,20000000.0,operating,USA,1,
Checkpoint Surgical,Health Care,8816166.0,operating,USA,3,
Cheetah Medical,Biotechnology|Medical Devices,53849535.0,operating,USA,3,3382.0
Chelexa BioSciences,Medical,0.0,operating,USA,1,972.0
Chelsea Therapeutics International,Biotechnology,39420000.0,acquired,USA,4,377.0
Chemclin,Biotechnology,21500000.0,operating,CHN,2,3048.0
ChemoCentryx,Biotechnology|Health Care,80540000.0,ipo,USA,3,2724.0
Chenguang Biotech,Biotechnology,7174231.0,operating,CHN,1,
Cherry Tree Dental,Medical Professionals,400000.0,operating,USA,1,
Chesapeake PERL,Biotechnology|Health Diagnostics,265000.0,operating,USA,1,3678.0
Chesson Laboratory Associates,Biotechnology,1960673.0,operating,USA,3,2474.0
Chestnut Medical,Health Care,7800000.0,operating,USA,1,
CHF Solutions,Manufacturing|Medical Devices,22900000.0,acquired,USA,1,
CHF Technologies,Health Care,360000.0,operating,USA,1,2465.0
Chi2gel,Biotechnology,658000.0,operating,ISR,1,257.0
Chia Vida,E-Commerce|Health and Wellness|Health Care,150000.0,operating,USA,1,457.0
Chiasma,Biotechnology,176000000.0,ipo,ISR,7,1715.0
Children's Healthcare Of Atlanta,Biotechnology,801631.0,operating,USA,2,
Children's Medical Center Dallas,Health Care,19000000.0,operating,USA,1,36860.0
Chimerix,Biotechnology|Health Care,256400000.0,ipo,USA,7,615.0
Chimeros,Biotechnology,3599809.0,operating,USA,6,2108.0
China Biologic Products,Life Sciences|Medical|Pharmaceuticals,9554140.0,ipo,,1,
China InterActive Corp,Health Care,43000000.0,operating,CHN,1,2282.0
China Medicine On-Line,Medical,8000000.0,operating,,1,4172.0
China PharmaHub,Biotechnology,492600.0,operating,USA,1,
Chino.io,Health Care Information Technology,49843.0,operating,ITA,1,-18.0
ChiScan,Medical Devices,250000.0,operating,USA,1,
Choice Therapeutics,Biotechnology,1954250.0,acquired,USA,2,
Chondrial Therapeutics,Biotechnology,1000000.0,operating,USA,1,451.0
Chorafarma,Diagnostics|Health Care|Physicians,567287.0,operating,USA,1,
Christ Salvation,Medical,1000.0,operating,USA,1,166.0
Chroma Therapeutics,Biotechnology,77500000.0,operating,GBR,2,
ChromaDex,Biotechnology,16124996.0,ipo,USA,5,4164.0
Chromatin,Biotechnology,72100000.0,operating,USA,5,
ChromoTek,Biotechnology,510000.0,operating,DEU,1,
Chronix Biomedical,Biotechnology,13183707.0,operating,USA,6,
Chrono Therapeutics,Biotechnology,34900000.0,operating,USA,4,3721.0
Chronos Therapeutics,Biotechnology,12122011.0,operating,GBR,1,1803.0
ChronoWake,Biotechnology|Health Care,10000.0,operating,USA,1,326.0
Chrysallis,Beauty|Fashion|Health Care,700000.0,operating,USA,1,3115.0
Cianna Medical,Health Care,49250003.0,operating,USA,6,421.0
Cibiem,Health Care,10000000.0,operating,USA,1,
Cidara Therapeutics,Biotechnology|Health Care|Therapeutics,104332199.0,ipo,USA,3,
Ciel Medical,Biotechnology,1057557.0,operating,USA,2,786.0
Cingulate Therapeutics,Biotechnology|Medical,75000.0,operating,USA,2,361.0
Cipher Surgical,Health Care,4475451.26288144,operating,GBR,5,
Circassia,Biotechnology,144630999.118737,operating,GBR,3,
Circle,Health Care|Hospitals|Medical|Services,0.0,operating,GBR,2,
Circle Biologics,Biotechnology,716666.0,operating,USA,2,
Circle Medical,Health Care,2900000.0,operating,USA,1,
Circle Pharma,Biotechnology|Clinical Trials|Therapeutics,0.0,operating,USA,1,
CircleLink Health,Health Care|Health Care Information Technology|Information Technology,555000.0,operating,USA,1,2406.0
CircuLite,Health Care,89200000.0,acquired,USA,5,
CirculoGene Diagnostics,Biotechnology,1230000.0,operating,GBR,1,181.0
Circulomics Inc,Biotechnology,4275000.0,operating,USA,7,1227.0
CirrusMD,Electronic Health Records|Health Care|Health Care Information Technology|mHealth,1503386.0,operating,USA,1,1018.0
Cirtemo,Biotechnology,0.0,operating,USA,1,706.0
CIS Biotech,Biotechnology|Testing,4000000.0,operating,USA,1,4825.0
CitalDoc,Health Care,50000.0,operating,,2,372.0
CITIC Pharmaceutical,Health Care,23100000.0,operating,CHN,3,
Civatech Oncology,Biotechnology,3136813.0,operating,,7,1251.0
Civitas Therapeutics,Biotechnology,122000000.0,acquired,USA,5,739.0
Cladoop,Education|Health Care|Wearables,1500000.0,operating,,2,437.0
ClaimReturn,Biotechnology,5000000.0,operating,USA,2,2.0
ClaimSync,Electronic Health Records|Health Care,119615.0,operating,GHA,2,100.0
Clarassance,Biotechnology,7745523.0,operating,USA,3,
Clarient,Biotechnology,50912000.0,acquired,USA,2,
Clarion Research Group,Biotechnology,825000.0,operating,USA,3,1319.0
Claritas Genomics,Biotechnology,15000000.0,operating,USA,2,338.0
Claro Scientific,Biotechnology|Health Diagnostics,125000.0,operating,USA,1,1551.0
Claros Diagnostics,Health Care|Health Diagnostics,11800000.0,acquired,USA,2,
Clarus Therapeutics,Biotechnology,39500000.0,operating,USA,2,
ClarVista Medical,Medical,14000000.0,operating,USA,1,1235.0
Clean TeQ,Biotechnology|Clean Technology,1300000.0,ipo,AUS,1,9026.0
Clear Advantage Collar,Biotechnology,360000.0,operating,USA,1,992.0
Clear-Cut Medical,Health Care|Hospitals|Medical,0.0,operating,ISR,1,1974.0
Clear Ear,Medical|Medical Devices,0.0,operating,USA,1,
Clear Guide Medical,Medical Devices,1500000.0,operating,USA,1,1931.0
Clear Image Technology,Biotechnology,500000.0,operating,USA,1,3884.0
Clear River Enviro,Hospitals|Medical Devices|Pharmaceuticals,342500.0,operating,,1,
Clear Vascular,Biotechnology,7082422.0,operating,USA,3,1705.0
Clear Water Revival,Biotechnology,310063.0,operating,GBR,1,2981.0
Clearbridge Biomedics,Biotechnology|Health Diagnostics,7200000.0,operating,SGP,1,1532.0
ClearCare,Health Care Information Technology|SaaS|Software,15500000.0,operating,USA,3,1004.0
ClearChoice Holdings,Health and Wellness|Medical Professionals,60829111.0,operating,USA,3,1575.0
ClearCount Medical Solutions,Electronics|Health Care,19560275.0,operating,USA,9,1735.0
ClearCycle,Fitness|Health Care|Medical,1213634.0,operating,USA,1,
ClearFlow,Health Care,23470587.0,operating,USA,8,1052.0
ClearKarma,Health Care|Restaurants|SaaS,64758.0,operating,FRA,1,153.0
ClearMedicare,Health Care,275000.0,operating,,1,
Clearside Biomedical,Biotechnology,53899987.0,operating,USA,5,369.0
ClearSpec,Health Care,250111.0,operating,USA,1,1614.0
Clearwater Clinical Limited,Health Care,2000000.0,operating,CAN,1,
Clearwave,Biotechnology,5295884.0,operating,USA,2,
Cleave Biosciences,Biotechnology,54000000.0,operating,USA,2,648.0
Clementia Pharmaceuticals,Biotechnology,92500000.0,operating,CAN,3,739.0
"Clerio Vision, Inc.",Biotechnology|Lasers|Medical,3725000.0,operating,USA,1,142.0
Cleveland BioLabs,Biotechnology,66426557.0,ipo,USA,6,-534.0
Cleveland Clinic,Health Care|Hospitals,2700000.0,operating,USA,2,34548.0
Cleveland Diagnostics,Diagnostics|Health and Wellness|Health Care,1980000.0,operating,USA,1,
Cleveland HeartLab,Biotechnology,35851203.0,operating,USA,3,4251.0
"Click Therapeutics, Inc.",Health Care Information Technology|Therapeutics,3732500.0,operating,USA,3,105.0
Clinect Healthcare,Health Care,150000.0,operating,USA,1,1285.0
CLINICAHEALTH,Health and Wellness|Medical,5064182.0,operating,USA,2,
Clinical Data,Biotechnology,259611.0,ipo,USA,2,
CliniCast,Big Data Analytics|Health Care|Software,100000.0,operating,USA,1,275.0
Clinician Therapeutics,Medical,25000.0,operating,USA,1,304.0
Clinicloud,Health Diagnostics|Internet of Things|Medical Devices|Mobile Health,5000000.0,operating,USA,1,630.0
Clinipace WorldWide,Biotechnology|Clinical Trials|Medical Devices,91754589.0,operating,USA,8,1839.0
cliniq.ly,Health and Insurance|Health and Wellness|Health Care|Hospitals,150000.0,operating,USA,1,6.0
Clinovo,Biotechnology|Life Sciences|Medical Devices|Pharmaceuticals,150000.0,operating,USA,1,4079.0
ClinTec International,Biotechnology,12514532.0,operating,GBR,1,
Clontech Laboratories Inc,Biotechnology|Medical|Pharmaceuticals,0.0,acquired,USA,1,
CloSys,Biotechnology,2302799.0,operating,USA,4,3708.0
Cloud 9,Health Care,250000.0,operating,USA,1,3.0
CloudMedx Inc,Big Data Analytics|Health Care|Health Care Information Technology|mHealth|Mobile Health|Personal Health,6300000.0,operating,USA,1,742.0
Cloudnine Hospitals,Health Care,42260000.0,operating,,2,2353.0
Clover Health,Health Care,100000000.0,operating,USA,1,413.0
Clovis Oncology,Biotechnology|Health Care,356962756.0,ipo,USA,3,145.0
CLUDOC - A Healthcare Network,Health Care,25000.0,operating,,2,198.0
Clue App,Consumers|Health and Wellness|Health Care,10302213.0,operating,,6,-92.0
Clumpling,Digital Media|Health Care Information Technology|Mobile Advertising,21250.0,operating,IND,1,698.0
Clyde Biosciences,Biotechnology,2929258.0,operating,GBR,1,5215.0
CM Tecnologia,Health and Wellness|Health Care|Online Scheduling|SaaS|Software,525000.0,operating,BRA,1,699.0
CMD Bioscience,Biotechnology,925000.0,operating,USA,2,
Cmed,Health Care,5000000.0,operating,GBR,1,3615.0
Cmxtwenty,Biotechnology,1910000.0,operating,USA,1,2388.0
CN Creative,Biotechnology,3137231.0,acquired,GBR,1,
Cnoga Medical,Health Care|Medical Devices,12500000.0,operating,ISR,1,3954.0
CNS Response,Biotechnology,16395534.0,ipo,USA,15,
CNS Therapeutics,Biotechnology,10050000.0,acquired,USA,2,
CO3 Ventures,Biotechnology,520000.0,operating,USA,1,560.0
Coapt Systems,Biotechnology,38520000.0,acquired,USA,3,1133.0
COARE Biotechnology,Biotechnology,220099.0,operating,USA,1,1334.0
CoAxia,Health Care,32500000.0,operating,USA,2,2827.0
Cobalt Technologies,Biotechnology|Clean Technology,55893000.0,operating,USA,5,695.0
Cocoon Biotech,Biotechnology|Life Sciences|Medical,1809946.0,operating,USA,1,1008.0
Cocrystal Discovery,Biotechnology,15177581.0,operating,USA,2,
CoDa Therapeutics,Biotechnology,68713546.0,operating,USA,6,647.0
"Codagenix, Inc.",Biotechnology,3800000.0,operating,USA,3,335.0
Code Blue,Health Care,2000000.0,operating,USA,1,
Codex Genetics,Genetic Testing|Life Sciences|Medical,41250.0,operating,HKG,1,365.0
Codexis,Biotechnology,37000000.0,ipo,USA,1,1686.0
Codon Devices,Biotechnology,33000000.0,operating,USA,2,515.0
Coeurative,Biotechnology,120000.0,operating,USA,1,505.0
Cofactor Genomics,Biotechnology|Clinical Trials|Genetic Testing|Life Sciences,320000.0,operating,USA,2,-2.0
COFCO,Agriculture|Animal Feed|Biotechnology,3200000000.0,operating,CHN,1,
Coferon,Biotechnology,28326700.0,operating,USA,7,735.0
Cogenics,Biotechnology,4500000.0,operating,USA,1,4859.0
Cogentus Pharmaceuticals,Biotechnology,77500000.0,operating,USA,2,457.0
Cogito Corporation,CRM|Health Care|Software|Technology,6500000.0,operating,USA,2,2913.0
Cognilab Technologies,Crowdsourcing|Health Care|Psychology|Universities,212381.0,operating,CAN,2,123.0
Cognition Health Partners,Biotechnology,1639000.0,operating,USA,1,991.0
Cognition Therapeutics,Biotechnology,36705863.0,operating,USA,10,330.0
"Cognoptix, Inc.",Biotechnology,19990000.0,operating,USA,3,
Cognuse,Health Care|Health Diagnostics|Medical Devices|Rehabilitation,117000.0,operating,USA,3,
COH,Biotechnology,7198601.0,operating,USA,2,423.0
CohBar,Biotechnology,450000.0,operating,USA,1,2607.0
Cohealo,Health and Wellness|Health Care|Software,18600000.0,operating,USA,7,790.0
Cohera Medical,Health Care,128310709.0,operating,USA,7,
Coherex Medical,Health Care,41525000.0,acquired,USA,3,1569.0
Coherus Biosciences,Biotechnology,249271980.0,ipo,USA,4,1109.0
Coimbra Genomics,Medical|Medical Devices|Service Providers,779595.0,operating,PRT,1,197.0
Cold Crate,Biotechnology|Logistics,0.0,operating,USA,1,337.0
Cold Genesys,Biotechnology,23570000.0,operating,USA,2,1670.0
Cold Plasma Medical Technologies,Health Care,4016163.0,operating,USA,8,-632.0
Coley Pharmaceutical Group,Bio-Pharm|Biotechnology|Health Care,40000000.0,acquired,USA,2,2431.0
Colibri Heart Valve,Health Care,5655000.0,operating,USA,2,
CollabRx,Health and Wellness|Medical|Personal Health,1564572.0,acquired,USA,1,1199.0
"CollabRx, Inc.",Bio-Pharm|Cloud Data Services|Health Care,585197.0,operating,USA,1,
Collective Health,Analytics|Business Intelligence|Health and Wellness|Health Care|Health Care Information Technology|Healthcare Services|Insurance|Software,125000000.0,operating,USA,3,395.0
Collegium Pharmaceutical,Biotechnology,103000002.0,ipo,USA,6,1767.0
Collplant,Health Care,17300000.0,operating,ISR,5,
ColonaryConcepts,Biotechnology,4349640.0,operating,USA,2,775.0
Color Genomics,Biotechnology|Genetic Testing,15000000.0,operating,USA,1,840.0
Coloraderdam®,Bitcoin|Consumers|Medical Professionals|Retail,0.0,operating,USA,1,6.0
CoLucid Pharmaceuticals,Biotechnology,80799981.0,ipo,USA,5,1277.0
Column Health,Medical,2300000.0,operating,USA,1,209.0
Combat Medical,Health Care|Medical|Medical Professionals,227975.0,operating,GBR,2,
CombiMatrix,Biotechnology|Health Diagnostics,56952124.0,ipo,USA,6,
Combinature Biopharm,Biotechnology,5110000.0,operating,,1,2319.0
Combinent Biomedical Systems,Biotechnology,6350000.0,operating,USA,6,
Comecer,Biotechnology,10567500.0,operating,BRA,1,
CoMentis,Biotechnology,82000000.0,operating,USA,3,1001.0
Comet Biorefining,Biotechnology,0.0,operating,CAN,1,
Comfort Line,Medical,0.0,operating,USA,1,147.0
Community Medical Centers,Health Care,700000.0,operating,USA,1,42679.0
Community Pharmacy,Biotechnology,0.0,operating,USA,1,
Community Ventures,Health Care|Parenting|Services,730000.0,operating,GBR,1,
Community Veterinary Partners,Biotechnology,1631134.0,operating,USA,2,336.0
Compact Particle Acceleration,Fitness|Health and Wellness|Medical Devices,6500100.0,operating,USA,1,
Companion Medical,Medical,3000000.0,operating,USA,1,
Companion Pharma,Biotechnology|Medical,110000.0,operating,USA,3,0.0
Compass Therapeutics,Biotechnology,5075000.0,operating,USA,2,513.0
CompassMD,Health and Wellness|Health Care|SaaS,270000.0,operating,USA,1,27.0
Compendia Bioscience,Biotechnology|Health Diagnostics,0.0,acquired,USA,1,
Complete Genomics,Biotechnology|Life Sciences,104490061.0,ipo,USA,4,-279.0
Complexa,Biotechnology,24183205.0,operating,USA,7,1604.0
Compliance Innovations,Electric Vehicles|Electronics|Health Care|Software,0.0,operating,USA,1,3091.0
Complix,Biotechnology,24399800.0,operating,BEL,3,891.0
Comprehensive Care,Biotechnology,1800000.0,ipo,USA,1,15596.0
Compression Kinetics,Health Care|Medical,50000.0,operating,USA,1,1.0
Compressus,Biotechnology,8147860.0,operating,USA,1,3449.0
CompuMed,Health and Wellness|Health Care|Hospitals|Medical,120000.0,operating,USA,1,
Quire,Biotechnology|Enterprise Software|Health Care Information Technology,5355250.0,operating,USA,5,722.0
Computomics GmbH,Biotechnology,0.0,operating,DEU,1,1395.0
"COMS Interactive, LLC",Biotechnology,25900501.0,operating,USA,2,
Conatus Pharmaceuticals,Biotechnology|Health Care,62101551.0,ipo,USA,6,
Conceivex,Health Care,2550000.0,operating,USA,1,4984.0
Concepta Diagnostics,Health Care,3922003.0,operating,GBR,1,
ConceptoMed,Health Care,4268593.0,operating,NOR,4,345.0
Concert Pharmaceuticals,Biotechnology|Health Care,99500000.0,ipo,USA,4,197.0
Concerto Healthcare,Health Care,15249996.0,operating,USA,1,4220.0
Cone Health,Health Care,97000.0,operating,USA,1,22867.0
Conelum,Biotechnology,257320.0,operating,LVA,1,619.0
Conex Med,Biotechnology,200000.0,operating,USA,1,
Confirma,Biotechnology,20500000.0,acquired,USA,2,2163.0
Confluence Discovery Technologies,Biotechnology,75000.0,operating,USA,1,
Confluence Life Sciences,Biotechnology,8870000.0,operating,USA,6,455.0
Confluent Surgical,Health and Wellness|Health Care|Medical Devices,43000000.0,operating,,2,
ConforMIS,Biotechnology|Health Care,219100000.0,ipo,USA,3,2048.0
Congenica,Biotechnology|Health Care|Medical,4800252.0,operating,GBR,2,703.0
Conisus,Health Care,46500000.0,operating,USA,1,6582.0
ConjuChem,Biotechnology,8500000.0,operating,USA,1,
ConjuGon,Biotechnology,5820000.0,operating,USA,3,2172.0
Conkwest,Biotechnology,142004397.0,operating,USA,4,
uGO Health,Consumers|Doctors|Medical,40000.0,operating,GBR,1,369.0
ConnectYourCare,Health and Wellness|Health Care|Service Providers,5100000.0,operating,USA,1,4773.0
Connectyx Technologies,Beauty|Health Care|Information Services|Information Technology,247500.0,operating,USA,1,
Consano,Biotechnology,3900000.0,operating,USA,1,
Consano Medical Inc.,Health Care|Medical|Medical Devices,3900000.0,operating,USA,1,639.0
Consensus Orthopedics,Biotechnology,12000000.0,operating,USA,2,6950.0
ConsortiEX,Hospitals|Medical|Pharmaceuticals,1360010.0,operating,USA,3,
Constant Therapy,Education|Health and Wellness|iPad|Medical,0.0,operating,USA,1,419.0
Constella Group,Health Care|Healthcare Services|Technology,61000000.0,acquired,USA,1,8056.0
Constellation Pharmaceuticals,Biotechnology,154450000.0,operating,USA,5,590.0
Consumable Science,Health Care,925000.0,operating,USA,1,1172.0
Contego Medical,Medical Devices,5600000.0,operating,USA,1,3758.0
Continuum Healthcare,Biotechnology,25450000.0,operating,USA,2,
ContinuumRx,Biotechnology,20500000.0,operating,USA,2,
Continuus Pharmaceuticals,Biotechnology,2728659.0,operating,USA,2,507.0
ContraFect,Biotechnology,48793158.0,operating,USA,4,965.0
ContraVir Pharmaceuticals,Biotechnology,16967648.0,ipo,USA,3,409.0
Control de Pacientes,Health Care,39745.0,operating,VEN,1,1795.0
Control Medical Technology,Health Care,3000000.0,operating,USA,1,
ControlRad Systems,Biotechnology,9854082.0,operating,USA,2,622.0
Conventus Orthopaedics,Biotechnology,74328566.0,operating,USA,5,1523.0
Convergence Pharmaceuticals,Biotechnology,35400000.0,acquired,GBR,1,
Convergent Dental,Biotechnology,32035151.0,operating,USA,5,258.0
Convergent Radiotherapy,Biotechnology,1200000.0,operating,USA,1,350.0
Conversa Health,Health Care,2500000.0,operating,USA,1,806.0
Conversant Bio,Biotechnology,50000.0,operating,USA,1,3004.0
convoy therapeutics,Biotechnology,2000000.0,operating,USA,1,
CoolSystems,Health Care,11250000.0,operating,USA,4,
Coordi-Care’s,Health Care|Information Technology|Software,30000.0,operating,,1,
Coordinated Care Systems,Medical,0.0,operating,USA,1,
CoPatient,Enterprise Software|Health Care,4653679.0,operating,,2,694.0
CorAssist,Health Care|Medical|Medical Devices,9.0,operating,ISR,2,2251.0
CorCardia,Health Care,255000.0,operating,USA,2,1175.0
Corcept Therapeutics,Biotechnology|Pharmaceuticals,36289479.0,ipo,,4,
Corceuticals,Health Care,1060000.0,operating,USA,1,791.0
Cord Blood America,Health Care|Medical|Services,724000.0,ipo,USA,1,4500.0
Cord Blood Registry,Clinical Trials|Health Care|Medical,18000000.0,acquired,USA,1,3765.0
CORDANT HEALTH SOLUTIONS,Health Care,12800000.0,operating,USA,1,1213.0
Cordata Healthcare Innovations,Health Care|SaaS,1000000.0,operating,USA,1,9.0
Cordium Links,Diagnostics|Health Diagnostics|Medical,0.0,operating,USA,1,1012.0
Core Diagnostics,Biotechnology|Health Diagnostics,5000000.0,operating,IND,1,
Core Dynamics,Biotechnology,17900000.0,operating,USA,1,
Core Oncology,Health and Wellness|Health Care|Medical Devices,780000.0,operating,USA,1,852.0
Corgenix,Biotechnology,1250000.0,acquired,USA,1,
Corhythm,Biotechnology,3812835.0,operating,USA,2,1386.0
Coridon,Biotechnology,3000000.0,operating,AUT,1,
Corimmun,Biotechnology|Health Diagnostics,8067308.0,acquired,DEU,2,
Corinthian Ophthalmic,Biotechnology,12247680.0,operating,USA,6,727.0
Corium International,Health Care,40000000.0,ipo,USA,1,
CorMatrix,Biotechnology,25860032.0,operating,USA,3,4336.0
Cormedics,Health Care,1000000.0,operating,USA,2,
CorMedix,Biotechnology|Health Care|Health Diagnostics,6469973.0,ipo,USA,3,1412.0
Cornerstone Pharmaceuticals,Biotechnology,19179100.0,operating,USA,4,3271.0
Cornerstone Therapeutics,Biotechnology,30000000.0,ipo,USA,1,
CorNova,Biotechnology,10885000.0,operating,USA,4,553.0
Coronado Biosciences,Biotechnology|Health Care|Pharmaceuticals,62758534.0,ipo,USA,5,1311.0
Correctional Healthcare Companies,Biotechnology,10653722.0,operating,USA,2,1633.0
Correx,Health Care,6550000.0,operating,USA,3,
Corridor Pharmaceuticals,Biotechnology,27620904.0,operating,USA,4,661.0
CorTec,Biotechnology,7122120.0,operating,DEU,2,404.0
CorTechs Labs,Biotechnology,0.0,operating,USA,1,4824.0
Strongbridge Biopharma,Biotechnology,71724981.0,ipo,SWE,3,
Cortex Pharmaceuticals,Biotechnology,8378011.0,operating,USA,4,7895.0
Corthera,Biotechnology,23000000.0,acquired,USA,1,
Cortria Corporation,Biotechnology,1841000.0,operating,USA,1,1641.0
Cortrium,Health Care|Health Care Information Technology|Sensors,1674801.38667086,operating,DNK,2,237.0
Corventis,Health and Wellness|Health Care|Health Care Information Technology|Medical Devices,10000006.0,acquired,USA,1,
Cosmederm Bioscience,Biotechnology|Pharmaceuticals|Product Development Services,50000000.0,operating,USA,1,
CosmosID,Biotechnology|Clinical Trials|Software,0.0,operating,USA,2,1691.0
COTA (Cancer Outcomes Tracking and Analysis),Health Care,7000000.0,operating,,1,-8.0
Cotera,Health Care|Medical|Medical Devices,14382422.0,operating,USA,3,639.0
Counsyl,Biotechnology|Technology,103795000.0,operating,USA,6,805.0
Counterpoint Health Solutions,Biotechnology,2350479.0,operating,USA,1,1291.0
Countrywide Healthcare Supplies,Health Care|Hospitals|Medical Devices,4566441.72712974,operating,GBR,1,6703.0
Cour Pharmaceuticals Development,Biotechnology,516977.0,operating,USA,2,478.0
Courtagen Life Sciences,Biotechnology,34272598.0,operating,USA,5,4018.0
Covagen,Biotechnology,90505207.0,acquired,CHE,5,1008.0
"CovalentCareers, Inc.",Health Care,200000.0,operating,USA,1,106.0
Covalys Biosciences,Biotechnology,2590000.0,operating,CHE,2,1127.0
Covenant Surgical Partners,Biotechnology,76336992.0,operating,USA,14,451.0
CoverMyMeds,Health Care Information Technology|Pharmaceuticals|Software,250000.0,operating,USA,2,1043.0
Cozmik Body,Medical,7000.0,operating,USA,1,-4.0
CPAP TotalCare,Medical|Medical Devices|Therapeutics,0.0,operating,USA,1,203.0
Craneware,Biotechnology,6000000.0,operating,USA,1,4561.0
Creabilis,Biotechnology,51145047.6778772,operating,GBR,2,
CreatiVasc Medical,Health Care Information Technology|Health Diagnostics|Medical,5000000.0,operating,USA,1,3492.0
CredSimple,Health Care Information Technology|Medical|Medical Professionals|SaaS,1500000.0,operating,USA,2,268.0
Creo Medical,Developer Tools|Medical|Medical Devices,13940339.0,operating,GBR,2,4346.0
Crescendo Biologics,Biotechnology,36847402.0,operating,GBR,4,
Crescendo Bioscience,Biotechnology,161600003.0,acquired,USA,5,2369.0
Crescent Diagnostics,Health Care|Health Diagnostics|Medical,2159550.0,operating,IRL,1,
Crest Optics,Biotechnology,514640.0,operating,ITA,1,1627.0
CrestHire,Medical,0.0,operating,USA,1,1929.0
Crinetics Pharmaceuticals,Biotechnology,41500000.0,operating,USA,2,2586.0
CRISPR THERAPEUTICS,Biotechnology,89000000.0,operating,GBR,2,478.0
Sephure,Medical Devices,3200022.0,operating,USA,1,2732.0
Critical Biologics Corporation,Biotechnology|Health Diagnostics,500000.0,operating,USA,1,2031.0
Critical Diagnostics,Biotechnology|Health Diagnostics,2566676.0,operating,USA,1,3372.0
Critical Outcome Technologies,Biotechnology,1690312.0,ipo,GBR,5,5360.0
Critical Pharmaceuticals,Biotechnology,2577585.0,operating,GBR,2,1126.0
Critical Signal Technologies,Biotechnology,10800000.0,operating,USA,1,1356.0
"Critical Therapeutics,Inc.",Bio-Pharm|Clinical Trials|Health Care,56000000.0,acquired,USA,1,
CritiSense,Biotechnology,2200000.0,operating,ISR,2,524.0
CritiTech,Biotechnology,5233000.0,operating,USA,3,
CrossCoat Medical,Medical,100000.0,operating,USA,1,3263.0
CrossRoads Extremity Systems,Biotechnology,1777900.0,operating,USA,1,524.0
CrowdMed,Crowdsourcing|Health and Wellness|Health Care|Software,2380000.0,operating,USA,4,-78.0
Crown Bioscience,Biotechnology,82950000.0,operating,USA,5,730.0
Crucell,Biotechnology|Health Care,443000000.0,acquired,NLD,1,6114.0
Crux Biomedical,Biotechnology,8000000.0,acquired,USA,1,
CryoCor,Medical Devices,39500000.0,acquired,USA,2,758.0
CryoMedix,Health Care|Healthcare Services|Medical Devices,500000.0,operating,USA,1,
CryoTherapeutics,Biotechnology,8731646.0,operating,DEU,2,
"Cryothermic Systems, Inc.",Health Care,250000.0,operating,USA,2,1555.0
CryoXtract Instruments,Biotechnology,3800000.0,operating,USA,2,1261.0
Crysalin,Biotechnology,2400000.0,operating,GBR,1,1314.0
Crystal Clear Vision,Health Care|Hospitals|Medical,1333300.0,operating,CAN,1,
CrystalGenomics,Biotechnology,15400000.0,operating,USA,2,
Crystalplex,Biotechnology,2894000.0,operating,USA,6,2137.0
Crystax Pharmaceuticals,Biotechnology,0.0,operating,ESP,1,
CSA Medical,Health Care,49427303.0,operating,USA,4,6598.0
CSATS,Biotechnology,2500000.0,operating,USA,1,
CT Atlantic,Biotechnology,8970000.0,operating,CHE,1,
CTD Holdings,Biotechnology|Health Diagnostics,2375000.0,operating,USA,2,8969.0
CTI Science,Biotechnology,3973210.0,operating,USA,2,1687.0
CTMG,Biotechnology,4474684.0,operating,USA,3,2030.0
Cube Biotech,Biotechnology,0.0,operating,DEU,1,335.0
Cubresa,Biotechnology,500000.0,operating,CAN,1,912.0
Cuídate,Diabetes|Health and Wellness|Health Care,200000.0,operating,MEX,1,-92.0
Cue,Biotechnology,7500000.0,operating,USA,1,1782.0
Cuedd,Innovation Engineering|Medical Professionals|Robotics,20000.0,operating,USA,1,
Cuff-Protect,Health and Wellness|Health Care,50000.0,operating,USA,1,
Cumed,Biotechnology,4000000.0,operating,USA,1,
CURA Healthcare,Health and Wellness|Hospitals|Manufacturing|Medical Devices,15000000.0,operating,IND,2,3836.0
Curatio,Health Care|Mobile|Technology,0.0,operating,CAN,1,
Curatio Healthcare,Health and Wellness|Health Care|Medical,16200000.0,operating,IND,1,
Cureatr,Health Care|Health Care Information Technology|Software,19125000.0,operating,USA,3,299.0
CureDiva,Communities|Health and Wellness|Medical,2000000.0,operating,,1,1065.0
CureDM,Biotechnology,4600000.0,operating,USA,2,
CureLauncher,Health Care|Healthcare Services|Medical|Pharmaceuticals,2050000.0,operating,USA,5,366.0
Curemark,Biotechnology,80014466.0,operating,USA,7,2100.0
Cureseq,Bioinformatics|Biotechnology|Technology,700000.0,operating,USA,1,
CureSquare,Electronic Health Records|Health and Wellness|Health Care,375000.0,operating,USA,1,0.0
CureTech,Biotechnology,4000000.0,operating,ISR,1,4642.0
Curetis,Biotechnology|Health Diagnostics,67751146.0,operating,DEU,5,1067.0
CureVac,Biotechnology,328007000.0,operating,DEU,5,2209.0
Curexo Technology,Health Care,13200000.0,operating,USA,1,
Curis,Biotechnology,22964000.0,ipo,USA,4,3695.0
CUROFY,Health Care,0.0,operating,IND,1,645.0
Custopharm,Biotechnology|Health and Wellness|Medical|Pharmaceuticals,0.0,operating,USA,1,3685.0
Cutanea Life Sciences,Biotechnology,450000.0,operating,USA,1,2442.0
CVRx,Biotechnology,205600000.0,operating,USA,5,2320.0
CXR Biosciences,Biotechnology,2555672.0,acquired,GBR,1,2277.0
CyberHeart,Health Care,24765989.0,operating,USA,4,
Cyberkinetics,Health Care|Medical Devices|Technology,4300000.0,operating,,1,
Cyclacel Pharmaceuticals,Biotechnology,132188186.0,ipo,USA,7,
Cyclops MedTech Private Limited,Diagnostics|Medical|Startups|Technology,52000.0,operating,,1,67.0
Cydan,Biotechnology,26000000.0,operating,USA,2,466.0
Cyfuse Biomedical,Biotechnology,12000000.0,operating,JPN,1,
Cylex,Biotechnology|Health Diagnostics,23800000.0,operating,USA,2,5544.0
CymaBay Therapeutics,Biotechnology,171505694.0,ipo,USA,8,4623.0
CyMedica Orthopedics,Health Care|Medical Devices|Therapeutics,11500000.0,operating,USA,1,896.0
CymoGen Dx,Biotechnology,350161.0,operating,USA,1,187.0
Cynapsus Therapeutics,Biotechnology,36713046.0,ipo,CAN,5,3009.0
Cynvec,Biotechnology,500000.0,operating,USA,1,
Cynvenio Biosystems,Biotechnology|Health Diagnostics,45825885.0,operating,USA,10,1079.0
CYP Design,Biotechnology,0.0,operating,GBR,1,660.0
Cyprotex,Biotechnology,2675263.0,ipo,GBR,1,4246.0
Cyrus Biotechnology,Biotechnology|Software,850000.0,operating,USA,1,490.0
Cyteir Therapeutics,Biotechnology,5500000.0,operating,USA,1,
Cytena,Biotechnology|Health Care|Medical,1208791.0,operating,DEU,1,332.0
Cyterix Pharmaceuticals,Biotechnology,16490000.0,operating,USA,2,
CYTIMMUNE SCIENCES,Biotechnology,8247656.0,operating,USA,5,
Cytocentrics,Biotechnology,10984320.0,operating,DEU,3,2563.0
Cytochroma,Biotechnology,68470098.0075415,acquired,USA,4,
Cytodyn,Biotechnology,36467860.0,ipo,USA,10,
Cytogel Pharma,Biotechnology,5131190.0,operating,USA,3,3789.0
Cytoguide,Biotechnology,0.0,operating,DNK,1,
CytoLogic,Health Care,978637.0,operating,USA,2,4729.0
Nuo Therapeutics,Biotechnology,104775000.0,ipo,USA,8,
CytomX Therapeutics,Biotechnology,133500000.0,ipo,USA,5,792.0
Cytonics,Biotechnology,3304760.0,operating,USA,2,1233.0
Cytoo,Biotechnology,14700000.0,operating,FRA,2,
CytoPherx,Health Care,47686876.0,operating,USA,3,
Cytori Therapeutics,Biotechnology,54751700.0,ipo,USA,4,4929.0
CytoSolv,Biotechnology,500000.0,acquired,USA,1,404.0
Cytosorbents,Biotechnology,1843000.0,operating,USA,2,6063.0
CytoVale,Biotechnology,4300000.0,operating,USA,2,318.0
Cytovance Biologics,Biotechnology,42500000.0,acquired,USA,2,
CytoViva,Assisitive Technology|Biotechnology|Systems,685000.0,operating,USA,1,1579.0
Cytox,Biotechnology,2272877.0,operating,GBR,1,457.0
Cytrellis Biosystems,Biotechnology|Medical|Medical Devices,7139937.0,operating,USA,1,
CytRx,Bio-Pharm|Health Diagnostics|Medical,86000000.0,ipo,USA,1,
CyVek,Biotechnology|Clinical Trials|Life Sciences,22304410.0,acquired,USA,5,773.0
Cyvenio Biosystems,Biotechnology,1968783.0,operating,USA,1,741.0
Dabo Health,Health Care Information Technology|Healthcare Services,0.0,operating,USA,1,1049.0
Daktari Diagnostics,Biotechnology|Health Diagnostics,52119995.0,operating,USA,7,665.0
Dallen Medical,Health Care,3344715.0,operating,USA,1,
Dance Biopharm,Bio-Pharm|Health and Wellness|Health Care|Medical,14578000.0,operating,USA,2,1823.0
DaoCloud,Health and Wellness|Health Care Information Technology|Mobile Health|Personal Health,94000.0,operating,USA,3,245.0
DARA BioSciences,Biotechnology,7397000.0,acquired,USA,2,
Darma Inc.,Hardware + Software|Health and Wellness|Health Care,65000.0,operating,USA,3,9.0
Akashi Therapeutics,Biotechnology,1500000.0,operating,USA,1,
Dartfish,Curated Web|Education|Health Care|Internet|Sports|Video,3500000.0,operating,CHE,1,3226.0
Data Minded Solutions,Health Care|Health Care Information Technology|Medical Devices,100000.0,operating,,2,502.0
DaVinci Home Health Services,Medical,0.0,operating,USA,1,0.0
DaVincian Healthcare.,Health Care,50000000.0,operating,USA,1,
Davis Medical Holdings,Medical,35000.0,operating,USA,1,162.0
Daylight Solutions,Biotechnology|Health Diagnostics,31000000.0,operating,USA,4,574.0
dBMEDx,Health Care,3163267.0,operating,USA,4,979.0
DBV Technologies,Biotechnology,309700000.0,ipo,FRA,3,3272.0
Corvia Medical,Health Care,44736836.0,operating,USA,2,1520.0
DeCell Technologies,Manufacturing|Medical Devices|Technology,533980.0,operating,CAN,1,
Decibel Therapeutics,Biotechnology,52000000.0,operating,,1,287.0
DecImmune Therapeutics,Biotechnology,8450000.0,operating,USA,3,3556.0
Decision Diagnostics,Biotechnology|Health Diagnostics,12500000.0,operating,USA,1,
Dedalus Group,Biotechnology,64330000.0,operating,ITA,1,8787.0
Deenty,Advertising|Dental|Health and Wellness|Health Care,120000.0,operating,CHL,1,16.0
Deep Genomics,Biotechnology|Machine Learning|Software,3700000.0,operating,CAN,1,686.0
Definicare,Biotechnology,3000000.0,operating,USA,1,
Definiens,Analytics|Data Mining|Health Care|Health Diagnostics|Image Recognition,33272398.0,acquired,DEU,2,6848.0
Definigen,Biotechnology,5951016.0,operating,GBR,2,
Definitive Healthcare,Health Care|Hospitals|Physicians,0.0,operating,USA,1,
Degania Medical,Health and Wellness|Medical Devices|Pharmaceuticals,27000000.0,operating,ISR,1,9801.0
Deitek Systems,Electronic Health Records|Electronics|Medical|Software,250000.0,operating,COL,1,-4.0
Dekalb Surgical Alliance,Biotechnology,35000.0,operating,USA,1,4551.0
Dekkun,Biotechnology,10000000.0,operating,USA,1,9.0
Del Mar Pharmaceuticals,Biotechnology,13100000.0,ipo,CAN,2,1161.0
Delenex Therapeutics,Biotechnology,41300000.0,operating,CHE,3,680.0
DeliverCareRx,Biotechnology,10679399.0,operating,USA,2,827.0
Delos,Health and Wellness|Health Care Information Technology|Technology,108000000.0,operating,USA,1,3215.0
Delphi Optics GmbH,Computer Vision|Eyewear|Medical,1010128.0,operating,,1,454.0
Delphinus Medical Technologies,Health Care,58500000.0,operating,USA,3,201.0
Delpor,Biotechnology,1370492.0,operating,USA,2,531.0
Deltagen,Biotechnology,1500000.0,operating,USA,1,4737.0
DemeRx,Health Care|Health Diagnostics|Services,289569.0,operating,,1,1953.0
Denali Medical,Health and Wellness|Medical Devices|Therapeutics,6000000.0,operating,USA,2,
Denali Therapeutics,Biotechnology|Health Diagnostics|Therapeutics,217000000.0,operating,USA,1,
Denator,Biotechnology,8324204.0,operating,SWE,4,
DeNovo Sciences,Biotechnology,4595000.0,operating,USA,5,822.0
Densitas,Medical Devices|Software,250000.0,operating,CAN,1,1754.0
Dental Corp,Dental|Health Care|Medical,121000000.0,operating,CAN,1,1061.0
Dental Fix RX,Medical,0.0,operating,USA,1,
Dental Kidz,Biotechnology,200000.0,operating,USA,1,1784.0
DentalFran Mid-Atlantic Partnership,Medical,0.0,operating,USA,1,119.0
Denteractive,Dental|Health Care|Hospitals,320000.0,operating,,1,328.0
Denty's,Dental|Health Care|Technology,4500000.0,operating,IND,1,
DEONTICS,Artificial Intelligence|Big Data|Health and Wellness|Health Care|SaaS,1159132.0,operating,GBR,1,2065.0
DermaMedics,Health Care,1500000.0,operating,USA,1,
Dermata Therapeutics,Biotechnology,651305.0,operating,USA,1,527.0
Dermira,Biotechnology,128000000.0,ipo,,3,657.0
DermTech International,Biotechnology,23514640.0,operating,USA,4,4466.0
DesignMedix,Biotechnology,12731053.0,operating,USA,4,1628.0
Desktop Genetics,Biotechnology|Life Sciences|Software,3223444.0,operating,GBR,7,-56.0
DestinationRX,Health Care|Information Technology|Services,18500000.0,acquired,USA,1,3309.0
Destiny Pharma,Biotechnology,4709879.0,operating,GBR,1,6790.0
"DeuteRx,LLC",Biotechnology,2800000.0,operating,USA,1,1368.0
Device Innovation Group,Biotechnology,4000000.0,operating,USA,1,-321.0
DEVICOR MEDICAL PRODUCTS GROUP,Health Care|Medical|Medical Devices,151500204.0,acquired,USA,1,
Dexcom,Hardware + Software|Health Care,26464019.0,ipo,USA,2,2197.0
DFine,Health Care|Medical Devices,127342000.0,operating,USA,7,713.0
dfusion,Health Care|Innovation Management|Technology,1100000.0,operating,USA,1,461.0
Dgimed Ortho,Health Care,8130645.0,operating,USA,6,657.0
DiaCarta,Biotechnology,8000000.0,operating,USA,1,
DiaDerma BV,Health Care|Hospitals|Medical,19299.0,operating,,1,
diaDexus,Biotechnology,68700000.0,ipo,USA,4,3663.0
Diagnoplex,Biotechnology,9700000.0,operating,CHE,2,1442.0
Diagnose.me,Health and Wellness|Health Care Information Technology|Medical,639401.0,operating,NLD,2,61.0
Diagnosia,Databases|Doctors|Health and Wellness|Information Technology|Internet|Medical|Pharmaceuticals|Remediation|Search,1700000.0,operating,AUT,2,273.0
Diagnosoft,Biotechnology,4000000.0,operating,USA,1,
Diagnostic Biochips,Biotechnology|Health Diagnostics,150000.0,operating,USA,1,
Diagnostic BioSystems,Biotechnology,0.0,operating,USA,1,7800.0
Diagnostic Healthcare,Biotechnology,1503411.0,operating,GBR,1,3347.0
Diagnostic Hybrids,Biotechnology|Health Diagnostics,0.0,acquired,USA,1,7886.0
Diagnostic Imaging International,Biotechnology,2226136.0,operating,USA,2,
Diagnostic Photonics,Biotechnology,1621510.0,operating,USA,3,1319.0
"Diagnotes, Inc.",Health Care Information Technology|Mobile Health,1700000.0,operating,USA,1,1127.0
Diagnovus,Health Diagnostics|Medical,2010000.0,acquired,USA,6,275.0
Dialectica,Biotechnology,1780000.0,operating,ITA,1,731.0
Diandao,Health Care|Medical|Services,5000000.0,operating,CHN,1,235.0
Diartis Pharmaceuticals,Biotechnology,0.0,operating,USA,1,
Diasome,Biotechnology,12900000.0,operating,USA,1,1929.0
Diassess,Diagnostics|Medical Devices|Personal Health|Testing,120000.0,operating,USA,2,365.0
DiaTech Oncology,Biotechnology,18000000.0,operating,USA,1,3656.0
Diatherix Laboratories,Biotechnology|Health Diagnostics,1620030.0,acquired,USA,2,1232.0
DIBS,Biotechnology|Health Care Information Technology|Software,0.0,operating,USA,1,432.0
DiCE Molecules,Biotechnology,3999990.0,operating,USA,1,898.0
Dicerna Pharmaceuticals,Biotechnology|Health Care,225450628.0,ipo,USA,5,561.0
DICOM Grid,Cloud Infrastructure|Health Care,33884138.0,operating,USA,6,1528.0
Dictate IT,Health Care Information Technology,430930.0,operating,GBR,1,699.0
Diffinity Genomics,Biotechnology,1358459.0,operating,USA,2,2231.0
Diffusion Pharmaceuticals,Biotechnology,32458447.0,operating,USA,9,1305.0
Digestive Disease Associates,Biotechnology,1132416.0,operating,USA,1,13780.0
DigiPath,Biotechnology,10399999.0,ipo,USA,2,
DigiSight Technologies,Health Care|mHealth|Software,7800000.0,operating,USA,1,
Digital Clipboard,Health Care|Health Care Information Technology|Mobile Health,250000.0,operating,GBR,1,534.0
Digital Solid State Propulsion,Biotechnology|Design|Manufacturing|Product Design,0.0,operating,USA,1,2038.0
Digna Biotech,Biotechnology,0.0,operating,ESP,1,
Dignify Therapeutics,Biotechnology,3209000.0,operating,USA,3,400.0
Dilon Technologies,Biotechnology,8827200.0,operating,USA,3,4037.0
Dimension Therapeutics,Biotechnology,124500000.0,operating,USA,4,321.0
Dimerix Biosciences Pty Ltd,Biotechnology,768887.727014101,operating,AUS,1,
DiObex,Biotechnology,31080000.0,operating,USA,2,989.0
DioGenix,Biotechnology,3200000.0,operating,USA,1,2530.0
Diomics,Biotechnology,1554000.0,operating,USA,3,
Dipexium Pharmaceuticals,Biotechnology|Health Care,6927500.0,ipo,USA,4,203.0
Vivid Vision,3D|Health Care|Health Care Information Technology|Software|Video Games|Virtual Worlds,0.0,operating,USA,2,19.0
DIRAmed,Biotechnology,295134.0,operating,USA,1,4044.0
Direct Dermatology,Health Care,240000.0,operating,USA,1,1069.0
Direct Flow Medical,Health Care,134347607.0,operating,USA,5,1387.0
Direct Spinal Therapeutics,Biotechnology,1000000.0,operating,USA,1,252.0
DIREVO Industrial Biotechnology,Biotechnology,43747800.0,acquired,DEU,4,1070.0
Disability Care Givers,Medical,0.0,operating,USA,1,2.0
DiscGenics,Biotechnology,1839000.0,operating,USA,1,1754.0
DiscountDoc,Medical,0.0,operating,USA,1,173.0
DiscoveRX,Biotechnology,13400000.0,operating,USA,2,3516.0
DiscoveryBioMed,Biotechnology,1610000.0,operating,USA,1,3019.0
Disease Diagnostic Group,Batteries|Databases|Diagnostics|Health Diagnostics|Medical Devices,500000.0,operating,USA,2,865.0
DispatchHealth,Health Care|Medical,3600000.0,operating,USA,1,953.0
Dispersol Technologies,Biotechnology,14275217.0,operating,USA,4,1849.0
DisputeBills.com,Billing|Debt Collecting|Health Care|Healthcare Services|Health Services Industry|Medical|Personal Health|Senior Health,0.0,operating,USA,1,270.0
DistalMotion,Medical Devices,0.0,operating,CHE,1,598.0
Diurnal,Biotechnology,11615514.0,operating,GBR,3,
Divergence,Agriculture|Biotechnology,11800000.0,acquired,USA,1,3694.0
DiversityDoctor,Medical,0.0,operating,USA,1,1915.0
Divine Cosmetics,Medical,600.0,operating,ROM,1,-3.0
DJ HealthUnion Systems Corp,Health and Wellness|Health Care|Hospitals,12500000.0,operating,,1,
DJO Global,Medical Devices|Software,1000000.0,operating,USA,1,13058.0
DLC Distributors,Medical,0.0,operating,USA,1,92.0
DLVR Therapeutics,Biotechnology,0.0,operating,CAN,1,
dMetrics,Ad Targeting|Big Data Analytics|Consumer Behavior|Data Mining|Electronic Health Records|Health and Insurance|Health and Wellness|Health Care Information Technology|Interest Graph|Natural Language Processing|Personal Health|Pharmaceuticals|Predictive Analytics|Public Relations|Reviews and Recommendations|Semantic Search|Social Media Advertising|Social Media Monitoring|Text Analytics,3600000.0,operating,USA,2,0.0
"DMI Life Sciences, Inc.",Health Care Information Technology|Healthcare Services|Life Sciences|Medical,1209994.0,operating,USA,1,
DNA Direct,Biotechnology,1000000.0,operating,USA,1,1777.0
DNA Guide,Big Data|Biometrics|Data Privacy|Enterprise Software|Health Care Information Technology|Maps,250000.0,operating,USA,1,983.0
DNA SEQ,Biotechnology|Genetic Testing,1000000.0,operating,USA,1,0.0
DNage,Biotechnology,1940000.0,operating,NLD,1,468.0
DNAnexus,Biotechnology,46550000.0,operating,USA,4,214.0
DNAtriX,Biotechnology,39554718.0,operating,USA,10,492.0
Doc-Quick,Medical,25000.0,operating,USA,1,52.0
DocbookMD,Health Care Information Technology|Messaging,4300000.0,operating,USA,2,1279.0
DocDoc,Doctors|Health Care|Internet|Portals|Startups,8600000.0,operating,SGP,1,1119.0
DocForYou,Apps|Health Care|Medical,270191.0,operating,FRA,1,
DocMeIn,Doctors|Events|Health and Wellness|Health Care|Medical|Online Scheduling|Software,0.0,operating,USA,2,1369.0
Docphin,Doctors|Health Care|Marketplaces|Mobile|News,1000000.0,operating,USA,2,549.0
Docplexus,Health Care,700000.0,operating,IND,1,622.0
DocSpera,Collaboration|Health and Wellness|Medical Professionals,0.0,operating,USA,1,396.0
Doctible,Health and Wellness|Health Care,700000.0,operating,USA,1,513.0
Doctor At Work,Health Care,5800000.0,operating,RUS,3,1247.0
Doctor.com,Curated Web|Doctors|Electronic Health Records|Health Care|Hospitals|Medical|Physicians|Search|Service Providers,105000.0,operating,USA,1,642.0
Doctor Direct,Medical,250000.0,operating,USA,1,520.0
Doctor Evidence,Health Care,1500000.0,operating,USA,1,2652.0
Doctor Fun,Gamification|Health and Wellness|Health Care|Mobile|Startups|Tablets|Weddings,155033.0,operating,BRA,1,212.0
Doctor Insta,E-Commerce|Health and Wellness|Health Care|Medical|Mobile Health,0.0,operating,IND,1,-209.0
Doctor kinetic,Medical|Real Time|Training,324713.0,operating,NLD,2,
Doctor on Demand,Health Care,86749919.0,operating,USA,3,435.0
DoctorAtWork.com,Email Marketing|Health Care|Medical|Networking,4800000.0,operating,RUS,4,260.0
DoctorBase,Health Care|Marketing Automation|Mobile|SaaS,1000000.0,acquired,USA,1,1216.0
DoctorC,Diagnostics|Doctors|Health and Wellness|Health Care,410000.0,operating,IND,1,350.0
DoctorCom,Health and Wellness|Medical|Services,1200000.0,operating,,1,609.0
Doctors Together,Biotechnology,2525000.0,operating,USA,1,
DocTree,Health Care,0.0,operating,IND,2,
DocuTAP,Health Care,28301362.0,operating,USA,4,4442.0
DohJe,Health Care|Internet|Software,0.0,operating,USA,1,1216.0
Doktuz,Health Care|Health Care Information Technology|Personal Health,141461.0,operating,PER,3,789.0
Dolosys,Health Care,0.0,operating,,1,
Domain Surgical,Biotechnology,45373444.0,operating,USA,5,1116.0
DOMAIN Therapeutics,Biotechnology,37586346.0,operating,FRA,6,
Domainex,Biotechnology,5485431.0,operating,GBR,3,2669.0
Dominion Diagnostics,Biotechnology|Health Diagnostics,8317643.0,operating,USA,1,5111.0
Domobios,Furniture|Health Care,473664.0,operating,BEL,1,
Donald Danforth Plant Science Center,Biotechnology,1000000.0,operating,USA,1,5828.0
Dormir,Biotechnology,11500000.0,operating,USA,3,1614.0
DorsaVI,Biotechnology,5000000.0,operating,AUS,1,1277.0
DoseMe,Health Care,500000.0,operating,,1,928.0
Dosesystem,Fitness|Healthcare Services|Medical,365109.0,operating,,1,
Dot Medical,Health Care,861815.0,operating,GBR,1,5690.0
Dovme Kosmetics,Medical,0.0,operating,USA,1,851.0
Doximity,Health Care,81800000.0,operating,USA,3,15.0
Dr Lal PathLabs,Biotechnology,0.0,operating,IND,1,
Dr. Scribbles,Medical,20000.0,operating,USA,1,
Dr. Z,Dental|Doctors|Health Care,0.0,operating,DEU,1,
Drais Pharmaceuticals,Biotechnology,20000000.0,operating,USA,1,1146.0
DrAvailable,Doctors|Fitness|Health and Wellness|Health Care|Physicians,100000.0,operating,USA,1,35.0
DrBridge,Health Care,0.0,operating,EGY,1,
drchrono,Apps|App Stores|Developer APIs|Doctors|Electronic Health Records|Health and Wellness|Health Care|Medical|Physicians,6725000.0,operating,USA,8,733.0
DreaMed Diabetes,Diabetes|Medical Devices,2000000.0,operating,,1,461.0
Dreamerz Foods,Biotechnology,10000000.0,operating,USA,1,521.0
DrEd Online Doctor,Curated Web|Health Care,1700683.0,operating,GBR,2,236.0
Drik,Biotechnology|Health Diagnostics|Pharmaceuticals,500000.0,operating,USA,1,
DripDrop,Health Care|Medical,8600000.0,operating,USA,3,2019.0
DrNaturalHealing,Medical,0.0,operating,USA,1,1867.0
DRO Biosystems,Biotechnology,237000.0,operating,,1,
DRS Health,Biotechnology,281500.0,operating,USA,1,2263.0
Drug Abuse Sciences,Biotechnology,48038886.0,operating,USA,2,
Drug Response Dx,Biotechnology,0.0,operating,DEU,1,342.0
Drug123.com,Medical|Pharmaceuticals|Retail,5000.0,operating,USA,1,905.0
Dualsystems Biotech,Biotechnology,0.0,operating,CHE,1,5021.0
Dune Medical Devices,Health Care,26500000.0,operating,ISR,2,1639.0
DuraFizz,Biotechnology,250000.0,operating,USA,1,
Durata Therapeutics,Biotechnology|Health Care|Pharmaceuticals,70000000.0,acquired,USA,1,1771.0
Durect Corp.,Biotechnology,20000000.0,ipo,USA,1,6020.0
dVisit,Doctors|Health and Wellness|Health Care|Medical,15000.0,operating,USA,1,
DX Urgent Care,Biotechnology,1950000.0,operating,USA,1,226.0
DxNA,Biotechnology,2773471.0,operating,USA,2,2868.0
DxNow,Medical Devices|Social Innovation,172500.0,operating,USA,2,452.0
DxTerity,Biotechnology|Health Diagnostics,3541250.0,operating,USA,4,1382.0
DxUpClose,Biotechnology,1000000.0,operating,USA,1,1322.0
DXY,Health Care|Medical|Networking|Physicians,82000000.0,operating,CHN,3,3508.0
Dyadic International,Biotechnology,2000000.0,ipo,USA,1,13216.0
Dynapix Intelligence Imaging,Health Care,500000.0,operating,CAN,1,1124.0
Dynatronics Corporation,Medical,4000000.0,ipo,USA,1,13272.0
Dynogen Pharmaceuticals,Health and Wellness|Medical|Pharmaceuticals,63250000.0,operating,USA,2,
"Dynova Laboratories,Inc.",Dietary Supplements|Health and Wellness|Health Care|Medical,15000000.0,operating,USA,1,1433.0
DySISmedical,Health Care,11556988.0,operating,GBR,3,4122.0
DZZOM,Biotechnology,0.0,operating,USA,1,24.0
e-Kare,Health and Wellness|Health Care|Healthcare Services,0.0,operating,USA,1,855.0
E-scape Bio,Biotechnology,20002700.0,operating,USA,1,
e(ye)BRAIN,Biotechnology,6570000.0,operating,FRA,3,687.0
Eagle Genomics,Biotechnology,2136504.0,operating,GBR,2,2151.0
Eagle Pharmaceuticals,Health Care,12348194.0,ipo,USA,1,
Eagle Test Systems,Health Care,95000000.0,acquired,USA,1,10144.0
EaglEyeMed,Biotechnology,600000.0,operating,USA,1,950.0
EarLens,Manufacturing|Medical|Medical Devices,42935019.0,operating,USA,4,1949.0
EarlySense,Biotechnology,53000000.0,operating,ISR,4,2395.0
Earth Med,Medical,0.0,operating,USA,1,186.0
East Side Endoscopy,Health Care|Hospitals|Medical,287655.0,operating,USA,1,
Eastside Endoscopy Center,Health and Wellness|Health Care|Medical,696104.0,operating,USA,1,
EasyCopay,Health Care,0.0,operating,USA,1,242.0
Easydiagnosis,Medical Professionals,0.0,operating,,1,
EasyG,Medical Devices,200000.0,operating,USA,1,1439.0
Eating Recovery Center,Health Care,5493124.0,operating,USA,1,877.0
EB Holdings,Biotechnology,107676692.0,operating,USA,1,237.0
eBioscience,Biotechnology|Health Diagnostics,55000000.0,operating,USA,1,636.0
EBR Systems,Biotechnology|Medical,81000026.0,operating,USA,4,1004.0
EBS Technologies,Biotechnology,5563925.0,operating,DEU,2,
eCardio,Health Care|Health Diagnostics,0.0,operating,USA,1,2008.0
eCaring,Health Care|Health Care Information Technology|Hospitals|mHealth|Senior Citizens|Software|Telecommunications,3500000.0,operating,USA,1,5219.0
Eccrine Systems,Biotechnology,2360000.0,operating,USA,2,785.0
Echo Therapeutics,Biotechnology,42914126.0,ipo,USA,9,
Echometrix,Medical Devices,542421.0,operating,USA,3,
EchoPixel,Biotechnology|Medical Devices,4099999.0,operating,USA,2,543.0
Echosens,Diagnostics|Manufacturing|Medical Devices,33000000.0,operating,FRA,1,5232.0
ECOSURG,Health and Wellness|Healthcare Services|Manufacturing|Medical Devices,540000.0,operating,USA,5,20.0
Eddingpharm (Cayman),Biotechnology,24000000.0,operating,HKG,1,
Eden Therapeutics,Biotechnology,1000000.0,operating,USA,1,1794.0
EdeniQ,Biotechnology,111670000.0,operating,USA,7,111.0
Edge Therapeutics,Biotechnology,101472500.0,ipo,USA,7,676.0
Edgemont Pharmaceuticals,Biotechnology,4845795.0,operating,USA,2,1803.0
Edico Genome,Biotechnology,10000000.0,operating,USA,1,562.0
Edimer Pharmaceuticals,Biotechnology,18000000.0,operating,USA,1,1671.0
Edison Pharmaceuticals,Biotechnology,84378582.0,operating,USA,7,912.0
Editas Medicine,Biotechnology|Health Care,210000000.0,operating,USA,3,328.0
EDP Biotech,Biotechnology,2706000.0,operating,USA,4,1839.0
Edumedics,Biotechnology,1352713.0,operating,USA,2,884.0
Effcon MXR,Biotechnology,721566.0,operating,USA,1,909.0
Effector Therapeutics,Biotechnology,45000000.0,operating,USA,1,505.0
Efficas,Biotechnology,7884325.0,operating,USA,2,475.0
Efflorus,Biotechnology,0.0,operating,CAN,1,
EffRx Pharmaceuticals,Biotechnology,9859475.0,operating,,2,5752.0
Efranat,Health and Wellness|Medical|Pharmaceuticals,4500000.0,operating,ISR,1,
Egalet,Biotechnology|Health Care,27600000.0,ipo,DNK,3,4474.0
EGEN,Biotechnology,23417332.0,operating,USA,3,2407.0
Egoscue,Biotechnology,12550.0,operating,USA,2,-263.0
eHealthDirect,E-Commerce|Health Care,43800000.0,operating,USA,1,
ehealthtracker,Health and Wellness|Health Care,10176.0,operating,GBR,1,0.0
EHR.Works,Data Integration|Health Care Information Technology|Productivity Software,0.0,operating,USA,1,649.0
ehumanlife,Doctors|Health Care|Medical|mHealth|Mobile Health,1500000.0,operating,USA,1,460.0
Eido Innova,Health Care,100000.0,operating,,1,
Eiger BioPharmaceuticals,Biotechnology,23040630.0,acquired,USA,4,421.0
EiRx Therapeutics,Biotechnology,180000.0,operating,IRL,1,
Ekincare,Medical,300000.0,operating,IND,1,
Eko Devices,Health Care|mHealth|Mobile|Mobile Health,2800000.0,operating,USA,3,229.0
EKOS Corporation,Health Care,49000000.0,acquired,USA,3,3701.0
EKR Therapeutics,Biotechnology,13000000.0,acquired,USA,1,
ELARA Pharmaceuticals,Biotechnology,6910000.0,operating,,1,1425.0
Elastagen,Biotechnology,2000000.0,operating,USA,1,3855.0
ElationEMR,Health Care,0.0,operating,USA,1,
Elcelyx Therapeutics,Biotechnology,96845109.0,operating,USA,6,75.0
ElectroCore,Health Care,50500000.0,operating,USA,2,2886.0
Electronic Compliance Solutions,Biotechnology,1541854.0,operating,USA,3,580.0
ReferralMD,Electronic Health Records|Enterprise Software|Health Care|Medical|SaaS|Software,520000.0,operating,USA,2,580.0
Eleme Medical,Biotechnology,6500000.0,acquired,USA,1,1261.0
ELENZA,Health Care,27329746.0,operating,USA,2,1134.0
Elevate Medical,Medical,0.0,operating,USA,1,54.0
Elevation Pharmaceuticals,Biotechnology,89400001.0,acquired,USA,4,1116.0
Eleven Biotherapeutics,Biotechnology|Health Care,75000000.0,ipo,USA,3,67.0
Elica Health Centers,Health and Wellness|Health Care|Healthcare Services,700000.0,operating,USA,1,13279.0
Eligo Bioscience,Biotechnology,2209342.0,operating,FRA,1,554.0
Elite Meetings International,Health Care,202049.0,operating,USA,1,2973.0
Elite Pharmaceuticals,Biotechnology,2005038.0,ipo,USA,3,4911.0
Elixir Bio-Tech,Biotechnology,250000.0,operating,USA,1,1398.0
Elixir Medical,Health Care,5299700.0,operating,USA,1,442.0
Elli Health,Health Care|Hospitals|Medical,974217.0,operating,USA,2,
Elloria Medical Technologies,Beauty|Health Care|Personal Health,1200000.0,operating,ISR,1,608.0
Eloquence Communications,Health Care|Hospitals,1686275.0,operating,USA,2,1551.0
Eloxx,Biotechnology|Pharmaceuticals,0.0,operating,ISR,1,324.0
Elpas,Electronics|Health and Wellness|Medical Devices,25000.0,operating,USA,1,
ElsaLys Biotech,Biotechnology,2702490.0,operating,FRA,1,136.0
Elucent Medical,Health Care|Medical,400000.0,operating,USA,1,
Elucid Bioimaging,Biotechnology,375000.0,operating,USA,1,
eLux Medical,Medical|Nanotechnology|Technology,250000.0,operating,USA,1,
Elysia,Health Care|Medical|Pharmaceuticals,0.0,operating,BEL,1,
eMagin,Displays|Entertainment|Law Enforcement|Medical|Technology|Video,5733000.0,operating,USA,1,4754.0
EMBA Medical,Medical,2308463.0,operating,USA,1,1272.0
Ember Therapeutics,Biotechnology,34000000.0,operating,USA,1,
Embera NeuroTherapeutics,Biotechnology,6990000.0,operating,USA,4,1894.0
Embo Medical,Health Care|Medical Devices|Physicians,3753730.0,operating,IRL,1,
Embrace Innovations,Health Care,0.0,operating,USA,1,943.0
EmbraceHer Innovations,Health Care|Health Care Information Technology|Mobile Health|Women,250000.0,operating,,1,457.0
EmbryoTrans Biotech,Biotechnology,0.0,operating,,1,
Emerald Therapeutics,Biotechnology,34000000.0,operating,,3,0.0
Emerge Diagnostics,Diagnostics|Health Care|Medical Devices,5889954.0,operating,USA,3,
Emergency Service Partners,Biotechnology|Health Care|Health Care Information Technology,10296959.0,operating,USA,1,9328.0
Emergent BioSolutions,Biotechnology|Health Care,2000000.0,ipo,USA,1,6242.0
Emerus Hospital Partners,Biotechnology,30000000.0,operating,USA,2,
Emiliem,Biotechnology|Medical|Technology,0.0,operating,USA,1,
EMKinetics,Health Care,2982624.0,operating,USA,2,
Emmaus Medical,Health Care,11215079.0,operating,USA,2,4308.0
emocha Mobile Health,Health and Wellness|Health Care Information Technology|Mobile Health,150000.0,operating,USA,2,
Emphasys Medical,Medical|Medical Devices|Therapeutics,49000000.0,operating,USA,2,
Empire Genomics,Biotechnology|Health Care,1000000.0,operating,USA,1,3104.0
Empirical Bioscience,Biotechnology|Health Diagnostics,0.0,operating,USA,2,545.0
Employee Benefit Solutions,Health and Wellness|Health Care|Hospitality,15500000.0,acquired,USA,1,
Emulate,Agriculture|Chemicals|Medical,12000000.0,operating,,1,
Emunamedica,Biotechnology,2100000.0,operating,USA,1,193.0
Enable Injections,Health Care,2000000.0,operating,USA,2,0.0
Enable Quality Health,Consulting|Medical,0.0,operating,USA,1,3558.0
Enanta Pharmaceuticals,Biotechnology|Health Care,21200000.0,ipo,USA,2,2204.0
ENB Therapeutics,Biotechnology|Medical,30000.0,operating,USA,1,12.0
Encapson,Health Care|Medical Devices|New Technologies,0.0,operating,NLD,1,
Encapsule Medical,Health Diagnostics|Medical|Women,30000000.0,operating,USA,1,
EnCare Biotech,Biotechnology|Medical|Services,5500000.0,operating,NLD,1,
EnChroma,Hardware + Software|Medical Devices,2043272.0,operating,USA,4,-2738.0
Enclara Health,Biotechnology,4066083.0,operating,,2,
Enclarity,Health and Wellness|Health Care|Information Technology,15500000.0,acquired,USA,2,708.0
Encoded Genomics,Bio-Pharm|Biotechnology|Pharmaceuticals,120000.0,operating,USA,1,
Encore Vision Inc.,Biotechnology,7500000.0,operating,USA,2,
Encycle Therapeutics,Biotechnology,4630156.28620331,operating,CAN,2,1045.0
Encysive Pharmaceuticals,Biotechnology,88950000.0,acquired,USA,2,6500.0
EndGenitor Technologies,Biotechnology,2450000.0,operating,USA,1,1665.0
Endo Tools Therapeutics,Health Care,3216500.0,operating,BEL,1,1806.0
EndoBiologics International,Biotechnology,1350000.0,operating,USA,2,4863.0
EndoChoice,Biotechnology|Health Care|Health Diagnostics,115489918.0,operating,USA,6,139.0
Endoclear,Biotechnology,5632786.0,operating,USA,4,
Endocrine Technology,Medical,0.0,operating,USA,1,4403.0
Endocyte,Biotechnology|Health Care,94100000.0,ipo,USA,5,3969.0
EndoEvolution,Health Care,8300000.0,operating,USA,2,1021.0
EndoGastric Solutions,Health Care,247545839.0,operating,USA,17,519.0
ENDOGENX,Health Care|Medical|Pharmaceuticals,1361300.0,operating,USA,1,
EndoInSight,Health and Wellness|Health Care|Medical|Medical Devices,150000.0,operating,,1,164.0
Endologix,Biotechnology,15000000.0,ipo,USA,1,
Endoluminal Sciences,Biotechnology,2500000.0,operating,AUS,1,2394.0
Endomagnetics,Health Care|Health Care Information Technology|Innovation Management,3133502.0,operating,GBR,1,2880.0
Endomedix,Health Care|Medical|Medical Devices,300000.0,operating,USA,1,2536.0
Endonovo Therapeutics,Biotechnology,483000.0,operating,USA,1,1321.0
Endosee,Bioinformatics|Biotechnology,3572737.0,acquired,USA,3,303.0
Endosense,Biotechnology|Health Care,80600000.0,acquired,CHE,3,2491.0
EndoSpan,Biotechnology,10000000.0,operating,ISR,1,2489.0
EndoStim,Biotechnology,44972579.0,operating,USA,8,193.0
Endotis,Bio-Pharm|Biotechnology|Pharmaceuticals,36395929.479247,operating,,1,
ENDOTRONIX,Biotechnology,7535473.0,operating,USA,6,1376.0
ENDOVALVE,Health Care|Medical Devices|Services,8000000.0,operating,USA,1,
EndoVantage,Health Care,450000.0,operating,USA,1,931.0
Endovention,Biotechnology,1500000.0,operating,USA,1,894.0
EnduraCare AcuteCare,Biotechnology,7646823.0,operating,USA,2,10487.0
Endurance Biotech,Biotechnology,5081110.0,operating,USA,1,
Endymed,Biotechnology|Medical Devices,7000000.0,ipo,ISR,1,3867.0
EnerGenetics Energies,Biotechnology,0.0,operating,USA,1,
Energesis Pharmaceuticals,Bio-Pharm|Biotechnology|Life Sciences,50000.0,operating,USA,1,
Enerplant,Biotechnology,0.0,operating,USA,1,367.0
eNeura Therapeutics,Biotechnology,28477235.0,operating,USA,6,4980.0
enEvolv,Biotechnology,1794845.0,operating,USA,1,1167.0
EngagePoint,Enterprise Software|Information Technology|Medical,20000000.0,operating,USA,1,2954.0
enGene,Biotechnology,31150000.0,operating,CAN,3,3363.0
EnGeneIC,Biotechnology,20927691.0,operating,AUS,4,4225.0
Enhance Biotech,Biotechnology,2000000.0,operating,USA,1,
Enhanced Surface Dynamics,Health Care|Manufacturing|Medical Devices,4985250.0,operating,USA,2,
enhancedcareMD,Doctors|Healthcare Services|Medical Professionals,505000.0,operating,USA,1,
Enject,Biotechnology,1000000.0,operating,USA,1,
Enlivex Therapeutics,Health Care Information Technology|Medical Devices|Therapeutics,7000000.0,operating,ISR,1,3151.0
Enobia Pharma,Biotechnology|Health Care|Medical|Pharmaceuticals,158261598.746082,acquired,CAN,5,2939.0
Ensemble Discovery,Biotechnology,30000000.0,operating,USA,2,
EnSolve Biosystems,Biotechnology,300000.0,operating,USA,1,5448.0
ENT Biotech Solutions,Biotechnology|Health Care|Medical Devices|Venture Capital,1440000.0,operating,USA,2,
Entegrion,Biotechnology,2583702.0,operating,USA,4,2847.0
Entellus Medical,Health Care,92000000.0,operating,USA,5,0.0
Entelos,Biotechnology,0.0,ipo,USA,2,2070.0
ENTEROME Bioscience,Health Care|Health Diagnostics,20494987.0,operating,FRA,2,82.0
EnteroMedics,Biotechnology,31896351.0,ipo,USA,3,912.0
Entia Biosciences,Biotechnology,1705000.0,operating,USA,2,2509.0
Entomed,Health Services Industry|Manufacturing|Medical Devices,17915742.0,operating,SWE,1,
EntomoPharm,Biotechnology,2459654.0,operating,,4,
Entopsis,Biotechnology,1375000.0,operating,USA,2,1508.0
Entourage Medical Technologies,Biotechnology,4751000.0,operating,USA,2,
EntreMed,Biotechnology,10000000.0,operating,USA,1,
ENTrigue Surgical,Biotechnology,24350007.0,acquired,USA,4,
ENTvantageDX,Medical Devices,1024999.0,operating,USA,1,841.0
Enumeral Biomedical,Biotechnology,29941703.0,ipo,USA,6,872.0
EnviroGene,Biotechnology,2941893.0,operating,GBR,1,
Envisia Therapeutics,Biotechnology,29600000.0,operating,USA,2,315.0
Envision Pharmaceutical,Delivery|Medical|Pharmaceuticals,140992280.0,acquired,USA,1,4692.0
Envoy Medical,Health Care,19378591.0,operating,USA,3,5246.0
Envoy Therapeutics,Biotechnology,1200000.0,operating,USA,1,
EnzymeRx,Biotechnology,14000000.0,operating,USA,1,
Enzymotec,Biotechnology,11000000.0,ipo,ISR,1,4050.0
EnzySurge,Biotechnology,4100000.0,operating,ISR,1,3297.0
EO2 Concepts,Biotechnology,8298202.0,operating,USA,5,821.0
EOS Imaging,Medical Devices,18000000.0,operating,FRA,1,
Eoscene,Enterprise Software|Health Care|SaaS,293925.0,operating,USA,1,3491.0
EpiBiome,Biotechnology,120000.0,operating,USA,1,372.0
EpiBone,Biotechnology|Health Services Industry|Hospitals|Medical,0.0,operating,USA,1,527.0
EPIC Research & Diagnostics,Biotechnology|Health Diagnostics,3319997.0,operating,USA,2,1320.0
Epic Sciences,Biotechnology|Health Diagnostics,58000000.0,operating,USA,3,1778.0
Epicrisis,Health Care|Hospitals|Virtualization,92420.0,operating,ARG,2,334.0
EPINEX DIAGNOSTICS,Biotechnology|Health Diagnostics,2494353.0,operating,USA,5,4124.0
EPIOMED THERAPEUTICS,Biotechnology,2249999.0,operating,USA,1,1216.0
Epion Health,Cloud Data Services|Medical|Mobile Commerce,6813355.0,operating,USA,2,822.0
Epiphany,Biotechnology,36000000.0,operating,USA,1,
Epirus Biopharmaceuticals,Biotechnology,49083000.0,operating,USA,3,
Episona,Biotechnology,25000.0,operating,USA,1,0.0
Epistates,Health and Wellness|Health Care|Medical,25000.0,operating,,1,
Epivios,Biotechnology,0.0,operating,DEU,1,
Epizyme,Biotechnology|Health and Wellness,61500000.0,ipo,USA,5,1010.0
Epocrates,Health and Wellness|Health Care|Mobile|Software,35000000.0,acquired,USA,3,959.0
Epsilon Imaging,Analytics|Medical|Services,0.0,operating,USA,1,
Eqalix,Health Care,75000.0,operating,USA,2,227.0
eQOL,Health Care|Hospitals,435475.0,operating,CAN,1,
Equanimity,Health and Wellness|Medical,0.0,operating,USA,1,-109.0
Equilume,Health Care|Medical Devices|Pharmaceuticals,685166.0,operating,IRL,1,1425.0
Equipe Zorgbedrijven,Health Care,12500000.0,operating,NLD,1,
"EquipNet, Inc.",Biotechnology|Business Services|Industrial|Pharmaceuticals,3600000.0,operating,USA,1,
ERA Biotech,Biotechnology,13326421.678749,operating,ESP,3,1794.0
EraGen Biosciences,Biotechnology,12000000.0,acquired,USA,1,4391.0
ERC Eye Care,Biotechnology,0.0,operating,IND,1,1082.0
Erydel,Biotechnology,3152000.0,operating,,1,669.0
ERYtech Pharma,Biotechnology,85919109.0,ipo,FRA,6,
Esanex,Biotechnology,15500000.0,operating,USA,1,
ESBATech,Biotechnology,63000000.0,acquired,GBR,2,3135.0
eSNF,Biotechnology,2250000.0,operating,USA,1,
eSolutions,Health Care,0.0,operating,USA,1,
ESP Pharma,Bio-Pharm|Health and Wellness|Health Care|Pharmaceuticals,20000000.0,acquired,USA,1,
Esperance Pharmaceuticals,Biotechnology,20200245.0,operating,USA,3,
Esperion Therapeutics,Biotechnology|Health and Wellness|Health Care|Medical|Pharmaceuticals,245650000.0,ipo,USA,3,121.0
Essent Healthcare,Health and Wellness|Health Care|Hospitals,80000000.0,operating,USA,1,1831.0
Essentia Biosystems,Health Care|Pharmaceuticals|Therapeutics,13000000.0,operating,,1,
Essential Medical,Health Care Information Technology|Medical|Medical Devices,325000.0,operating,USA,2,10676.0
Essential Testing,Biotechnology,2000000.0,operating,USA,1,167.0
Essia Health,Biotechnology,9050000.0,operating,USA,3,543.0
EST corporation,Electronics|Health Care Information Technology|Information Technology,4155039.0,operating,JPN,1,2794.0
Establishment Labs,Manufacturing|Medical Devices|Women,20000000.0,operating,USA,1,
Estech,Health Care,39122000.0,acquired,USA,4,4734.0
Estrogen Gene Test,Medical,0.0,operating,USA,1,455.0
eTect,Health Care|Intelligent Systems|Medical|Real Time,0.0,operating,USA,2,1681.0
EternoGen,Biotechnology|Healthcare Services|Medical,9485427.0,operating,USA,5,1095.0
eTherapeutics,Biotechnology,66796294.0,operating,,2,
eTobb,Doctors|Health and Wellness|Health Care|Health Care Information Technology|Medical|Social Network Media,326500.0,operating,LBN,3,3.0
ETrials Worldwide,Biotechnology|Information Technology|Pharmaceuticals|Services,5000000.0,acquired,USA,1,1839.0
Etubics,Bio-Pharm|Biotechnology|Health and Wellness|Health Care,4400000.0,operating,USA,1,4137.0
Eubios Therapeutica Private Limited,Biotechnology|Health Care|Medical|Pharmaceuticals,600000.0,operating,,3,
Euclises Pharmaceuticals,Biotechnology,4026248.0,operating,USA,4,213.0
Eupraxia Pharmaceuticals,Biotechnology|Pharmaceuticals,0.0,operating,CAN,1,355.0
Eureka Genomics,Biotechnology,3700000.0,operating,USA,1,
Eureka Therapeutics,Biotechnology,21000000.0,operating,USA,1,3187.0
EUSA Pharma,Biotechnology,54200000.0,acquired,GBR,4,-166.0
Euthymics Bioscience,Biotechnology,38500543.0,ipo,USA,3,567.0
"ev3, Inc",Biotechnology,34650000.0,ipo,USA,1,3447.0
Evalve,Health Care,95000000.0,acquired,USA,2,1971.0
Evariant,Business Services|Health Care|Hospitals|Medical,70035167.0,operating,USA,5,1118.0
Eve Biomedical,Biotechnology,7669424.0,operating,USA,2,
Evelo Therapeutics,Biotechnology,35000000.0,operating,USA,1,
Event Cardio Group,Medical Devices,110000.0,operating,USA,1,
Eventus Diagnostics,Biotechnology|Health Diagnostics,2720000.0,operating,USA,1,1565.0
Evera Medical,Health Care,319943.0,operating,USA,1,1950.0
Everist Health,Biotechnology|Health Diagnostics,12541765.0,operating,USA,2,
"eVeritas, Inc.",Health Care,150000.0,operating,USA,1,1420.0
Evermind,Hardware + Software|Health Care,8815114.0,operating,USA,4,-117.0
Everseat,Health Care|Internet|Mobile|SaaS,3080000.0,operating,USA,2,27.0
Evestra,Biotechnology,1800000.0,operating,USA,1,1078.0
Evgen,Biotechnology,712671.0,operating,GBR,2,
EVIAGENICS,Biotechnology,1764230.0,operating,FRA,1,
Evidence Prime,Health Care Information Technology|Knowledge Management,400000.0,operating,CAN,1,0.0
Evident Health,Biotechnology,100000.0,operating,USA,1,270.0
Evinance Innovation,Health and Wellness|Health Care|Personal Health,19615.0,operating,CAN,1,422.0
eVisit,Health Care|Health Care Information Technology|Mobile Health|SaaS,1075000.0,operating,USA,2,736.0
evocatal,Biotechnology,7018900.0,operating,DEU,4,396.0
Evodental,Biotechnology,613106.0,operating,GBR,1,
Evoke Pharma,Biotechnology|Health Care,13790001.0,ipo,USA,3,172.0
Evolutionary Genomics,Biotechnology,0.0,operating,USA,1,2902.0
Evolva,Biotechnology,27500000.0,operating,CHE,1,2171.0
Evolve Biosystems,Biotechnology,9000000.0,operating,USA,1,
EvolveMol,Biotechnology,40000.0,operating,USA,1,
Evotec,Biotechnology,40759840.0,operating,DEU,3,4017.0
Evozym Biologics,Biotechnology,600000.0,operating,USA,1,1072.0
EVS Glaucoma Therapeutics,Biotechnology,0.0,operating,USA,1,
eWellness Corporation,Medical,385500.0,operating,USA,2,320.0
Exact Sciences,Biotechnology|Health Diagnostics,8200000.0,ipo,USA,1,5279.0
Exagen Diagnostics,Biotechnology|Health Diagnostics,138845088.0,operating,USA,18,743.0
Excaliard Pharmaceuticals,Biotechnology,15500000.0,operating,USA,1,
Excel PharmaStudies,Biotechnology|Hospitality,1000000.0,acquired,CHN,1,2891.0
ExceleraRx,Biotechnology,300000.0,operating,USA,1,276.0
Excelimmune,Biotechnology,34000000.0,operating,USA,5,
Excellerx,Medical,37000000.0,operating,,1,
Exco InTouch,Biotechnology,9691322.0,operating,GBR,3,2828.0
Exerscrip,Biotechnology,50000.0,operating,USA,1,1182.0
Exiii Inc.,Health Care|Robotics,30293.0,operating,JPN,1,325.0
Eximias Pharmaceutical Corporation,Healthcare Services|Medical|Pharmaceuticals,0.0,acquired,,1,
Eximo Medical,Health Care,1600000.0,operating,ISR,1,1305.0
Exiqon,Biotechnology|Life Sciences|Medical,20000000.0,operating,DNK,1,
Exmovere,Biotechnology,1339831.0,operating,USA,3,1514.0
Exodos Life Science Partners,Biotechnology,2448799.0,operating,USA,3,579.0
Exogenesis,Biotechnology,7753929.0,operating,USA,2,
Exogenus Therapeutics,Biotechnology|Medical|Therapeutics,113106.0,operating,PRT,1,105.0
Exos,Biotechnology,1125000.0,acquired,USA,2,541.0
Exosect,Biotechnology,22162918.0,operating,GBR,8,2607.0
Exosome Diagnostics,Biotechnology|Health Diagnostics,66083973.0,operating,USA,4,861.0
Exostat Medical,Health Care,2430200.0,operating,USA,2,1227.0
Exovite,3D Printing|Biotechnology|mHealth,0.0,operating,ESP,1,174.0
ExoYou,Medical,0.0,operating,USA,1,1.0
Expedite HealthCare,Health Care,349992.0,operating,USA,1,
Expert Medical Navigation,Health and Wellness|Health Care,0.0,operating,USA,1,61.0
Explain My Surgery,Biotechnology,972000.0,operating,USA,1,
ExploraMed,Health Care,55499998.0,operating,USA,4,4867.0
Explorys,Analytics|Enterprise Software|Health Care,14050000.0,acquired,USA,2,578.0
Express Med Pharmacy Services,Medical,0.0,operating,USA,1,5731.0
Express Medical Transporters,Hospitality|Medical|Mobile Emergency&Health|Services|Transportation,0.0,operating,USA,1,
exsulin,Biotechnology,6562656.0,operating,USA,5,
Extem,Biotechnology,50000.0,operating,USA,2,370.0
Extend Labs,Biotechnology,3125000.0,operating,USA,2,228.0
Extended Care Information Network,Enterprises|Health Care,16000000.0,acquired,USA,3,1856.0
Externautics,Biotechnology,3890000.0,operating,ITA,1,521.0
ExThera Medical,Medical|Medical Devices,3750000.0,operating,USA,1,
ExtraOrtho,Biotechnology,3620185.0,operating,USA,1,1449.0
ExVivo Labs,Diagnostics|Medical|Medical Devices,30000.0,operating,,1,
Eye-Pharma,Biotechnology,145500.0,operating,USA,1,400.0
Eye Surgery Center of the Carolinas,Health Care|Medical Devices|Technology,280000.0,operating,USA,1,
EyeCyte,Biotechnology,3000000.0,operating,USA,1,
EyeFormatics,Health Care,275000.0,operating,USA,1,2633.0
EyeGate Pharmaceuticals,Biotechnology,58443814.0,ipo,USA,9,3227.0
EyeIC,Health Care,797439.0,operating,USA,3,
EyeNetra,Biotechnology|Health Diagnostics,7000000.0,operating,USA,3,573.0
iScribes,Health Care|Hospitals,400000.0,operating,USA,2,262.0
EyeTechCare,Health Care,13053000.0,operating,,1,2627.0
Eyetel Imaging,Medical,10670000.0,acquired,USA,1,3003.0
EyeYon,Health Care|Life Sciences|Pharmaceuticals,6600000.0,operating,ISR,3,-134.0
Eykona Technologies,Biotechnology,1870089.0,operating,GBR,1,
EZDOCTOR,Consumer Internet|Health and Wellness|Health Care|Health Care Information Technology|Healthcare Services|Medical|Software,2500000.0,operating,USA,1,-83.0
eZono,Health Care,10000000.0,operating,DEU,1,3290.0
Ezra Innovations,Biotechnology,6280600.0,operating,USA,2,1574.0
F-star Biotechnology Limited,Biotechnology|Pharmaceuticals,57247405.7105523,operating,GBR,6,372.0
F2G,Biotechnology,41741755.9205785,operating,GBR,2,3882.0
FAAH Pharma,Life Sciences|Medical|Pharmaceuticals,0.0,operating,,1,
Fab'entech,Health Care|Medical|Public Safety,4128628.0,operating,FRA,1,1961.0
FABPulous,Health Care,2048418.0,operating,NLD,2,
Fabrus,Biotechnology,2000000.0,operating,USA,1,
Fabulyzer,Health and Wellness|Health Care|Health Care Information Technology|Internet of Things,80952.0,operating,ESP,2,56.0
Facet Solutions,Health Care,26321710.0,operating,USA,5,
Factor 14,Health Care,0.0,operating,USA,1,4.0
Fairway Medical Technologies,Medical Devices,185000.0,operating,USA,1,
Faraday Pharmaceuticals,Biotechnology,0.0,operating,USA,1,203.0
Farallon Biosciences,Biotechnology,4000000.0,operating,USA,1,
Farmacias Inteligentes 24,Medical,50000.0,operating,MEX,1,239.0
Farman,Biotechnology,514640.0,operating,ITA,1,2148.0
Fast PCR Diagnostics,Diagnostics|Healthcare Services|Medical Devices,25000.0,operating,,1,
FastHealth,Biotechnology,48000.0,operating,USA,1,32339.0
Fate Therapeutics,Biotechnology,86188360.0,ipo,USA,6,332.0
FBC Device,Medical Devices,0.0,operating,DNK,1,3438.0
Fe3 Medical,Biotechnology,8209458.0,operating,USA,3,1001.0
Fedora Pharmaceuticals,Biotechnology,200100.0,operating,CAN,1,499.0
FEops,Computers|Medical Devices|Simulation,1505457.0,operating,BEL,1,
Fermentalg,Biotechnology,25501830.0,operating,FRA,3,1520.0
FerroKin Biosciences,Biotechnology,30000000.0,operating,USA,3,
FERTILE EARTH SYSTEMS,Biotechnology|Clean Technology|Manufacturing,1895337.0,operating,USA,1,
FertilityAuthority,Health and Wellness|Health Care|Social Network Media,1700000.0,operating,USA,2,114.0
Fiberstar,Biotechnology,11210000.0,operating,USA,3,5677.0
Fibroblast,Doctors|Enterprise Software|Health Care|Health Care Information Technology|Medical|Online Scheduling|Startups,875000.0,operating,USA,2,882.0
Fibrocell Science,Biotechnology,86835593.0,operating,USA,6,
FibroGen,Biotechnology,126023000.0,operating,USA,3,4430.0
FIGS,Health Care|Retail|Technology,2000000.0,operating,,1,151.0
Figure 1,Health Care|Health Care Information Technology|Mobile Health|Photography,13150006.0,operating,TUR,4,
Figure 8 Surgical,Health and Wellness|Health Care|Medical Devices,3159998.0,operating,USA,3,552.0
Patient IO,Big Data|Enterprise Software|Health Care|Mobile Health,4471751.0,operating,USA,5,157.0
Finatus,Health Care,2400000.0,operating,USA,1,956.0
Fio,Biotechnology,455781.0,operating,CAN,3,631.0
Firalis,Biotechnology,1922561.0,operating,FRA,1,
FIRE1,Biotechnology,0.0,operating,IRL,1,
Firefly BioWorks,Biotechnology,3395000.0,acquired,USA,4,658.0
FIRM OF JOHN DICKINSON SCHNEIDER,Distributors|Manufacturing|Medical Devices,2621250.0,operating,USA,1,
First Aid Shot Therapy,Biotechnology,24000000.0,operating,USA,3,1203.0
First China Pharma Group,Biotechnology,3829000.0,operating,,1,3388.0
First Choice Emergency Room,Health Care,0.0,operating,USA,1,
First Rate Medical Transportation,Medical,0.0,operating,USA,1,-2.0
First Sense Medical,Medical,3000000.0,operating,USA,2,1513.0
Cyrcadia Health,Biotechnology|Predictive Analytics|SaaS,5585000.0,operating,USA,5,1680.0
First Wave,Biotechnology,130000.0,operating,USA,1,1897.0
First Wearable,Medical|Wearables,0.0,operating,USA,1,237.0
FirstString Research,Biotechnology,3237500.0,operating,USA,1,
Fischer Medical Technologies,Health Care,3767162.0,operating,USA,2,
FIT Biotech,Health Care,6013920.0,operating,FIN,1,
"Fit Body Club, Co.",Fitness|Health and Wellness|Health Care|Nutrition,0.0,operating,USA,1,256.0
Fit Fugitives,Medical,0.0,operating,USA,1,124.0
Fit4D,Health Care,2803022.0,operating,USA,1,
FitBionic,Biotechnology,2200000.0,operating,USA,1,2776.0
Fitly,Health and Wellness|Health Care|Technology,585000.0,operating,USA,4,542.0
Fitmo,Active Lifestyle|Health and Wellness|Health Care|Marketplaces|Nutrition|Personal Health|Sports|Training,1500000.0,operating,,1,20.0
FitnessCubed,Fitness|Health and Insurance|Health and Wellness|Health Care,643000.0,operating,USA,2,634.0
Five Prime Therapeutics,Biotechnology|Health and Wellness|Health Care,145540487.0,ipo,USA,6,1134.0
Fixes 4 Kids,Biotechnology,1675926.0,operating,USA,2,1218.0
Flashback Technologies,Medical Devices,2086376.0,operating,USA,1,2148.0
Flatiron Health,Health and Wellness|Health Care,139443000.0,operating,USA,3,382.0
Fleet Entertainment Group,Health Care|Mobile,55800000.0,operating,CHN,2,3013.0
Flex Biomedical,Biotechnology,3253769.0,operating,USA,4,896.0
FlexDex,Medical Devices,825825.0,operating,USA,1,1802.0
FlexGen,Biotechnology,0.0,operating,NLD,1,
Flexible Medical Systems,Health Care|Health Diagnostics,4062155.0,operating,USA,5,993.0
FlexiCath,Medical Devices,754000.0,operating,ISR,1,1119.0
Flexion Therapeutics,Biotechnology|Health Care,107000000.0,ipo,USA,3,1004.0
FlexMinder,Finance|FinTech|Health and Wellness|Health Care,2570000.0,operating,USA,4,304.0
Flexus Biosciences,Bio-Pharm|Biotechnology|Medical,53200000.0,acquired,USA,2,715.0
Flexuspine,Biotechnology,3200001.0,operating,USA,2,3243.0
Float: Milwaukee,Medical,0.0,operating,USA,1,0.0
Florida Biomed,Biotechnology,1550000.0,operating,USA,1,
Flossonic,Biotechnology,193679.0,operating,GBR,1,
FlossTime,Health Care|Medical Devices,13339.0,operating,USA,1,300.0
Flourish Prenatal,Medical,0.0,operating,USA,1,782.0
Flow Forward Medical,Medical Devices,5700000.0,operating,USA,1,1963.0
FlowCardia,Health Care,30000000.0,acquired,USA,1,2067.0
FlowCo,Biotechnology,3000000.0,operating,USA,2,1038.0
Flower Orthopedics,Biotechnology,9200000.0,operating,USA,3,822.0
FlowMedica,Health Care,20600000.0,acquired,USA,2,1014.0
FlowMetric,Biotechnology,1501478.0,operating,USA,1,409.0
Flowonix,Health Care,65000000.0,operating,USA,3,
Flowsion,Medical Devices,46182.0,operating,DNK,1,
FluGen,Biotechnology,18505332.0,operating,USA,3,1739.0
Fluidic Analytics,Biotechnology|Life Sciences,2443430.0,operating,GBR,1,716.0
Fluidigm,Biotechnology,98203214.0,ipo,USA,6,1831.0
Fluidinova - Engenharia de Fluidos,Health Care,1550000.0,operating,PRT,1,
Fluidnet,Health Care,35772451.0,operating,USA,3,3016.0
FluorO2 Therapeutics,Biotechnology|Medical,0.0,operating,USA,1,75.0
Fluorofinder,Biotechnology|Internet|Software,1000000.0,operating,USA,1,
FluoroPharma,Biotechnology,11051192.0,operating,USA,8,3073.0
FluTrends International,Biotechnology,300000.0,operating,USA,1,897.0
FluxBand,Consumer Electronics|Health Care|Personal Health|Wearables,0.0,operating,USA,1,228.0
Fluxion Biosciences,Biotechnology,9000000.0,operating,USA,2,1022.0
Flywheel Healthcare,Biotechnology,1500000.0,operating,USA,1,
FMP Products,Biotechnology,480000.0,operating,USA,1,
FMS Hauppauge,Biotechnology,9031006.0,operating,USA,1,368.0
FMS Midwest Dialysis Centers,Biotechnology,10523411.0,operating,USA,2,171.0
Focal Point Pharmaceuticals,Health and Wellness|Medical Devices|Pharmaceuticals,150000.0,operating,USA,1,
Focal Therapeutics,Medical|Medical Devices|Therapeutics,3500000.0,operating,USA,1,
Foldrx Pharmaceuticals,Biotechnology,29000000.0,acquired,USA,1,2722.0
Follica,Biotechnology,24134998.0,operating,USA,4,
Follicum,Biotechnology,649650.0,operating,SWE,1,
FOLUP,Health Care|mHealth|Mobile Health,500000.0,operating,JOR,1,92.0
for[MD],Curated Web|Health Care|Medical|Physicians,0.0,operating,USA,1,235.0
For-Robin,Biotechnology,2000000.0,operating,USA,1,1219.0
ForeLight,Biotechnology,150000.0,operating,USA,1,1932.0
Foresight Biotherapeutics,Biotechnology,17000290.0,acquired,USA,2,1305.0
Forest Chemical Group,Biotechnology|Chemicals,2573200.0,operating,ESP,1,1710.0
Forge Life Science,Biotechnology,200000.0,operating,USA,1,
Forhealth Technologies,Health Care|Medical Devices|Technology,9000000.0,acquired,USA,1,3623.0
FORMA Therapeutics,Biotechnology,42500000.0,operating,USA,4,104.0
ForMune,Health Care,5720880.0,operating,ESP,1,
ForSight Labs,Biotechnology,67000510.0,operating,USA,10,-1004.0
Fort Sanders West,Biotechnology,100000.0,operating,USA,1,
Fortimedix,Manufacturing|Medical|Medical Devices,0.0,operating,NLD,1,1987.0
FortuneRock (China),Biotechnology,24000000.0,operating,CHN,1,
Fortus Medical,Fitness|Health Care|Medical,1400000.0,operating,,1,
Forus Health,Health Care,13400000.0,operating,IND,2,
Forward Health Group,Health Care,6028000.0,operating,USA,3,286.0
Foundation Medicine,Health Care,96500000.0,acquired,USA,4,104.0
Foundation Radiology Group,Biotechnology,18500000.0,operating,USA,3,1198.0
FoundHealth.com,Health and Wellness|Medical|Social Network Media,100000.0,operating,USA,1,212.0
Foundry Newco XII,Biotechnology,3000000.0,operating,USA,1,386.0
Four Guardians Life Sciences,Medical,17000000.0,operating,AUS,1,0.0
Fovea Pharmaceuticals,Bio-Pharm|Medical|Pharmaceuticals,82690509.1220444,acquired,FRA,2,
Fractyl Laboratories,Health Care|Medical Devices,91112449.0,operating,USA,3,810.0
Freedom Homes Recovery Center,Medical,0.0,operating,USA,1,500.0
Freedom Meditech,Health Care,14710004.0,operating,USA,5,1213.0
FreeWavz,Fitness|Health and Wellness|Medical Devices,100000.0,operating,USA,1,925.0
Fresenius Medical Care,Biotechnology|Health and Wellness|Medical Devices|Technology,106185472.0,ipo,DEU,16,5422.0
Fresh Coast Lithotripsy,Biotechnology,211691.0,operating,USA,3,
Frontier Toxicology,Health Care,655000.0,operating,USA,1,431.0
Fruit Street Health,Health Care Information Technology|Healthcare Services|Mobile Health|Personal Health,3700000.0,operating,,4,94.0
FST Life Sciences,Biotechnology,1082192.0,operating,USA,1,1718.0
FTL Global Solutions,Communications Infrastructure|Medical|Systems,0.0,operating,USA,1,3096.0
Fulcrum Pharmaceuticals,Health Care|Medical|Pharmaceuticals,8000000.0,operating,USA,1,905.0
SP Nano Ltd.,Biotechnology,6500000.0,operating,,3,1978.0
Full Genomes Corporation,Biotechnology,250000.0,operating,USA,1,625.0
Functional Family Medicine,Medical,20000.0,operating,USA,1,293.0
Functional Neuromodulation,Health Care,10400000.0,operating,CAN,1,654.0
Funxional Therapeutics,Biotechnology,12200000.0,operating,GBR,1,1972.0
Furiex Pharmaceuticals,Biotechnology,15000000.0,acquired,USA,1,5752.0
Fusion Antibodies,Biotechnology,2500000.0,operating,GBR,1,2397.0
Fusionone Electronic Healthcare,Health Care,200000.0,operating,USA,1,4266.0
Future Healthcare of America,Biotechnology,1010000.0,operating,USA,1,8288.0
Future Medical Technologies,Biotechnology,81837.0,operating,,1,
Future Path Medical Holding Company,Health Care,2056092.0,operating,USA,2,3351.0
G and A Innovative Solutions,Biotechnology|Intellectual Property|Organic,3000.0,operating,,1,781.0
G-CON,Biotechnology|Manufacturing|Pharmaceuticals,5000000.0,operating,USA,1,
G.I. Windows,Biotechnology|Medical Devices,2393500.0,operating,USA,1,787.0
g-Nostics,Diagnostics|Health Care|Health Diagnostics,4167323.0,operating,GBR,5,
G&R Management,Medical|Senior Citizens,0.0,operating,,1,9561.0
G-Tech Medical,Clinical Trials|Diagnostics|Health Diagnostics|Medical Devices,600000.0,operating,USA,2,
G-Zero Therapeutics,Biotechnology,1220786.0,operating,USA,2,
"G1 Therapeutics, Inc.",Biotechnology,45500000.0,operating,USA,2,2115.0
G2B Pharma,Biotechnology,235000.0,operating,USA,1,1988.0
Gada Group,Health Care,0.0,operating,GBR,1,
Gaia Herbs,Biotechnology,1700000.0,operating,USA,2,8860.0
Galantos Pharma,Biotechnology,5700000.0,operating,DEU,1,1955.0
Galapagos,Biotechnology,8858230.0,ipo,BEL,3,-1095.0
Galaxy Diagnostics,Biotechnology,550814.0,operating,USA,1,2056.0
Galecto Biotech,Biotechnology|Health Care|New Technologies,0.0,acquired,DNK,1,1035.0
Galenea,Biotechnology,13500000.0,operating,USA,3,2478.0
Galera Therapeutics,Biotechnology,58610000.0,operating,USA,6,730.0
Galgo Medical,Cloud Computing|Developer Tools|Health Care|Information Technology|Life Sciences,1152531.81030545,operating,ESP,2,348.0
Galil Medical,Health Care,52000000.0,operating,USA,1,3997.0
Galleon Pharmaceuticals,Biotechnology,17500000.0,operating,USA,3,
Gallus BioPharmaceuticals,Biotechnology,0.0,operating,USA,1,
GamaMabs Pharma,Biotechnology,3988460.0,operating,FRA,1,272.0
Gamida Cell,Biotechnology,49793964.0,operating,ISR,6,851.0
Gamma Basics,Health Care|Medical|Software,125000.0,operating,USA,1,761.0
Gamma Medica,Biotechnology,34000000.0,operating,USA,3,6040.0
Gammastar Medical Group,Health Care,10000000.0,operating,CHN,1,
Gan & Lee Pharmaceutical,Biotechnology,46462082.0,operating,CHN,3,4503.0
Ganeden Biotech,Biotechnology|Fitness|Manufacturing,12000000.0,operating,USA,1,3960.0
GANTEC,Biotechnology,777338.0,operating,USA,1,2686.0
Ganymed Pharmaceuticals,Biotechnology,91597000.0,operating,DEU,2,2298.0
Gateway EDI,Financial Services|Health and Insurance|Health Care,2842000.0,acquired,USA,1,
Gauss Surgical,Biotechnology|Computer Vision|Medical|Mobile|Wireless,16626989.0,operating,USA,3,974.0
GC Aesthetics,Health and Wellness|Health Care|Medical Devices,90000000.0,operating,IRL,2,
GC-Rise Pharmaceutical,Health Care|Medical Devices|Pharmaceuticals,15000000.0,operating,CHN,1,2436.0
GE Global Research,Health Care,4000000.0,operating,USA,1,
Gecko Biomedical,Biotechnology,12505971.0,operating,FRA,2,342.0
Gecko Health Innovations Inc. (formerly GeckoCap),Games|Health and Wellness|Health Care Information Technology|Internet of Things|Mobile Health,2100000.0,acquired,USA,3,227.0
Gelesis,Biotechnology,56200000.0,ipo,USA,5,
Gelexir Healthcare,Health and Wellness|Health Care,353102.0,operating,GBR,1,
Gem Pharmaceuticals,Biotechnology,4500000.0,operating,USA,1,
Gema,Biotechnology|Health Diagnostics,2665127.0,operating,USA,1,3007.0
Gemin X Pharmaceuticals,Biotechnology,71259078.0,acquired,CAN,4,3836.0
Gemphire Therapeutics,Biotechnology,2801000.0,operating,USA,1,576.0
Gemstone Biotherapeutics,Biotechnology,2450000.0,operating,USA,1,895.0
Gen3 Partners,Consumer Goods|Innovation Management|Manufacturing|Medical Devices,0.0,operating,USA,1,578.0
Gen9,Biotechnology,50095000.0,operating,USA,6,165.0
Genable Technologies Ltd.,Bio-Pharm|Biotechnology|Health and Wellness|Pharmaceuticals,7483000.0,operating,IRL,1,3235.0
Genalyte,Biotechnology,55800000.0,operating,USA,2,1915.0
Genapsys,Biotechnology,45500000.0,operating,USA,3,868.0
GenCell Biosystems,Biotechnology|Clinical Trials|Genetic Testing|Health Care,3473820.0,acquired,,1,1122.0
Gendel,Biotechnology,3262631.0,operating,GBR,2,
Gene Solutions,Biotechnology,646800.0,operating,USA,2,2612.0
GeneAssess,Biotechnology,500000.0,operating,USA,1,
GeneCapture,Biotechnology|Genetic Testing|Medical Devices,142000.0,operating,USA,1,
GeneCentric Diagnostics,Biotechnology|Health Diagnostics,25000000.0,operating,USA,3,384.0
Genecure,Biotechnology,2000000.0,operating,USA,1,
GeneExcel,Biotechnology,700000.0,operating,USA,1,1169.0
Geneius,Biotechnology,3062984.0,operating,USA,1,
Geneix,Health Care,28437.0,operating,GBR,1,1155.0
Genelabs Technologies,Biotechnology,17300000.0,acquired,USA,2,8578.0
GENELINK,Biotechnology,1133000.0,operating,USA,5,
Genelux,Biotechnology,481268.0,operating,USA,1,
GeneNews,Biotechnology|Health Diagnostics,19904010.0,ipo,CAN,6,3476.0
Genenta Science,Biotechnology|Clinical Trials|Startups,11000000.0,operating,KAZ,2,
GenePeeks,Biotechnology,8250000.0,operating,USA,2,1385.0
HemaVista,Biotechnology|Health Care Information Technology|Supply Chain Management,650000.0,operating,USA,1,563.0
GenerationOne,Biotechnology,537710.0,operating,USA,1,1782.0
Generex Biotechnology,Biotechnology,9350000.0,ipo,CAN,4,10251.0
GeneriCo,Biotechnology,4194532.0,operating,USA,2,134.0
GeneriMed,Medical,0.0,operating,USA,1,-4.0
GeneTex,Biotechnology,4300000.0,operating,TWN,1,5552.0
Genetic Technologies,Biotechnology,20374046.0,ipo,AUS,2,9736.0
Genetic Technologies inc,Biotechnology,0.0,operating,USA,1,5717.0
Genetics Squared,Health and Wellness|Life Sciences|Medical,1821000.0,operating,USA,2,1220.0
Geneva Healthcare,Health and Wellness|Health Care|Hospitals|Medical Devices,1830000.0,operating,USA,1,1320.0
Genevolve Vision Diagnostics,Biotechnology|Health Diagnostics,49000.0,operating,USA,1,487.0
GeneWEAVE,Biotechnology,24999998.0,acquired,USA,3,45.0
GeneYouIn,Health Care Information Technology,150000.0,operating,CAN,1,931.0
Genia Technologies,Biotechnology,10438672.0,acquired,USA,1,1550.0
Genicon,Medical Devices,4000000.0,operating,USA,1,6318.0
Genisphere Inc,Biotechnology|Health Diagnostics|Pharmaceuticals|Technology,6000000.0,operating,USA,2,6467.0
Genius Blends,Consumer Goods|Enterprise Software|Health Care,0.0,operating,USA,1,508.0
Genkyotex,Biotechnology,72770000.0,operating,CHE,5,29.0
Genmab,Biotechnology,157000000.0,operating,DNK,2,
Genmedica Therapeutics,Biotechnology,19464900.0,operating,ESP,2,
Gennius,Biotechnology,250000.0,acquired,USA,1,3639.0
Geno,Biotechnology,24697455.0,operating,USA,3,1352.0
Genoa Pharmaceuticals,Biotechnology,2179480.0,operating,USA,1,1685.0
Genocea Biosciences,Biotechnology,206525461.0,ipo,USA,8,1430.0
GenoLogics,Biotechnology,21988000.0,acquired,CAN,7,1129.0
Genomas,Biotechnology,3000000.0,operating,USA,2,1752.0
Made of Genes,Big Data|Biotechnology,211227.0,operating,ESP,2,12.0
Genome,Biotechnology,11250000.0,operating,USA,2,-1847.0
Genome Compiler,Biotechnology|Collaboration|Design,5750000.0,operating,USA,2,
Genomed,Biotechnology|Health Diagnostics,389000.0,operating,POL,1,
GenoMed,Medical,21000000.0,operating,USA,1,
GenomeDx Biosciences,Biotechnology,0.0,operating,CAN,3,1469.0
Genomera,Clinical Trials|Health and Wellness|Health Care Information Technology|Medical|Pharmaceuticals|Social Media,20000.0,operating,USA,1,485.0
Genometry,Biotechnology,3000000.0,operating,USA,1,51.0
Genomic Expression,Biotechnology|Healthcare Services|Medical,200000.0,operating,USA,1,
Genomic Vision,Biotechnology,8674903.52335833,operating,FRA,2,
Genomics,Big Data Analytics|Health and Wellness|Health Care,16200000.0,operating,,1,329.0
Genomics USA,Biotechnology,837405.0,operating,USA,1,3449.0
Genomind,Biotechnology,11000000.0,operating,USA,2,1924.0
Genoox,Health Care,0.0,operating,,1,236.0
BaseHealth,Biotechnology|Fitness|Health and Wellness|Medical Professionals,9059271.0,operating,USA,4,1218.0
Genprex,Biotechnology,2160000.0,operating,USA,3,1820.0
GenPrime,Biotechnology,160000.0,operating,USA,1,
GenQual Corporation,Biotechnology|Health Diagnostics,122000.0,operating,USA,1,1054.0
Genscript Technology,Biotechnology,15000000.0,operating,,1,
GenSight Biologics,Biotechnology,77673600.0,operating,FRA,2,828.0
GenSpera,Biotechnology,22804222.0,operating,USA,10,2371.0
Genterpret,Data Integration|Health and Wellness|Medical|Personalization,0.0,operating,USA,1,268.0
Genticel,Biotechnology,41370920.0,operating,FRA,2,3381.0
Gentis,Biotechnology,10548260.0,operating,USA,2,
Gentris,Biotechnology,5000000.0,acquired,USA,1,1577.0
Gentronix,Biotechnology,1917766.0,operating,GBR,1,
Genus Oncology,Biotechnology,0.0,operating,USA,1,1581.0
GenVault,Biotechnology|Health Care|Medical|Storage|Transportation,39803794.0,acquired,USA,4,
GenVec Inc.,Biotechnology,1999999.0,ipo,USA,1,6603.0
GenZum Life Sciences,Biotechnology,20000000.0,operating,USA,1,
GeoVax,Biotechnology,11791210.0,ipo,USA,5,6482.0
GeriJoy,Health Care|Senior Health,0.0,operating,USA,1,200.0
Geron,Biotechnology,96700000.0,ipo,USA,1,8561.0
GestSure,Health Care,500000.0,operating,CAN,2,366.0
getbetter!,Email Marketing|Health and Wellness|Health Care|Medical|Networking,50000.0,operating,USA,1,-12.0
GetMyRx Inc.,Apps|Cloud Computing|Health and Wellness|Health Care|iPhone|Mobility|Pharmaceuticals,600000.0,operating,USA,1,132.0
GI Track,Biotechnology,15000.0,operating,USA,1,987.0
gIcare Pharma,Biotechnology,7403435.0,operating,CAN,1,
GID Group,Biotechnology,7326830.0,operating,USA,3,870.0
GigaGen,Biotechnology|Medical|Therapeutics,3225000.0,operating,USA,9,670.0
GILUPI,Health Care,4725236.0,operating,DEU,1,1930.0
Ginkgo Bioworks,Biotechnology,54120000.0,operating,USA,3,2388.0
Gipis,Fitness|Health Care|Mobile|Sports,300000.0,operating,RUS,1,583.0
Gismo Therapeutics,Health Care|Medical|Therapeutics,235000.0,operating,,2,0.0
GITR,Biotechnology,3750000.0,operating,USA,3,
Gladius Pharmaceuticals,Biotechnology|Health and Wellness|Health Care,3336438.0,operating,CAN,1,
Gland Pharma,Biotechnology,200000000.0,operating,IND,1,
GlassesOff,Biotechnology|Software,23100000.0,ipo,,3,2409.0
Glaukos,Health Care,121000392.0,ipo,USA,7,608.0
Glencoe Software,Biotechnology,800000.0,operating,USA,1,3698.0
GliaCure,Biotechnology,9550000.0,operating,USA,3,480.0
Glide Pharma,Biotechnology,30161601.3866021,operating,GBR,3,
Gliimpse,Health Care Information Technology,1000000.0,operating,USA,1,761.0
Gliknik,Biotechnology,48386081.0,operating,USA,8,1108.0
GLO Science,Biotechnology,7768156.0,operating,USA,2,795.0
Global Animationz,Medical,0.0,operating,USA,1,616.0
Global BioDiagnostics,Health Diagnostics|Medical,3219352.0,operating,USA,3,912.0
Global Blood Therapeutics,Biotechnology,88700000.0,ipo,USA,2,165.0
Global Green Capitals Corporation,Medical|Retail|Wholesale,0.0,operating,,1,
Global Imaging Online,Health Care,9700000.0,operating,FRA,2,2747.0
Global Kinetics Corporation,Health Care|Medical|Neuroscience|Therapeutics,14800000.0,operating,AUS,2,3060.0
Global Pharm Holdings Group,Biotechnology,5000000.0,operating,CHN,1,
Global Registry of Biorepositories,Biotechnology,45000000.0,operating,,1,
GlobalMedia Group,Biotechnology,855620.0,operating,USA,1,3954.0
Globavir,Biotechnology,150000.0,operating,USA,1,680.0
GlobeImmune,Biotechnology,120456440.0,ipo,USA,8,4002.0
Globus Medical,Health Care,110000000.0,ipo,USA,1,1695.0
Glooko,Android|Diabetes|Health and Wellness|Health Care|iPhone|mHealth,28000000.0,operating,USA,4,0.0
Glory Medical,Health Care,6292814.0,operating,CHN,2,3987.0
gloStream,Health Care,19184620.0,operating,USA,5,1608.0
Gloucester Pharmaceuticals,Biotechnology|Medical,31700000.0,acquired,USA,4,
GlowDx,Biotechnology,0.0,operating,IRL,1,119.0
Glowing Plant,Biotechnology,604000.0,operating,USA,2,280.0
GlucoIQ,Analytics|Health Care|Health Care Information Technology,20000.0,operating,USA,1,
Glucon,Medical Devices,13000000.0,operating,USA,2,
GlucoSentient,Biotechnology,90000.0,operating,USA,2,650.0
GlucoVista,Health Care|Medical Devices,0.0,operating,ISR,3,1095.0
GluMetrics,Health Care,50676045.0,operating,USA,5,
Glya,Health and Wellness|Medical Professionals|Social Network Media,35421.0,operating,,1,
Glycart Biotechnology AG,Biotechnology|Medical,13600000.0,acquired,,1,
GlycoVaxyn,Biotechnology,31650333.3333333,acquired,CHE,3,
Glycobia,Biotechnology|Clinical Trials|Therapeutics,500000.0,operating,USA,1,1003.0
Glycode,Biotechnology,4310700.0,operating,FRA,1,2209.0
GlycoMimetics,Biotechnology|Health Care,86379412.0,ipo,USA,4,141.0
GlycoPure,Medical,0.0,operating,USA,1,71.0
Glycoregimmune,Biotechnology,4378000.0,operating,USA,1,2297.0
Glycosan,Biotechnology,950000.0,acquired,USA,2,1306.0
Glycostasis,Biotechnology,149998.0,operating,USA,1,891.0
GlyGenix Therapeutics,Biotechnology,150000.0,operating,USA,1,2997.0
GlySure,Health Care,24412621.0,operating,GBR,2,
Glythera,Biotechnology,3932928.0,operating,GBR,2,
GME Medical Engineering,Health Care,2296575.0,operating,DEU,2,195.0
Gnarus Systems,Biotechnology,300000.0,operating,USA,1,469.0
GnuBIO,Biotechnology,22500000.0,acquired,USA,4,700.0
goAct,Health Care|Internet|Medical|Therapeutics,19615.0,operating,AUS,2,
"Gobiquity, Inc.",Biotechnology,750816.0,operating,USA,1,956.0
Goddard Labs,Biotechnology,100000.0,operating,USA,1,
Gold Standard Diagnostics,Biotechnology|Health Diagnostics,2535204.0,operating,USA,3,1592.0
Goldencare Group,Elder Care|Health Care|Mobile Emergency&Health|Mobile Health,1000000.0,operating,SGP,1,-304.0
Goloo,Fitness|Healthcare Services|Medical,459272.0,operating,DNK,1,
GoodBelly,Biotechnology,16000000.0,operating,USA,1,
GoodLux Technology,Corporate Wellness|Health Care|Mobile Health|Personal Health|Wearables,2032500.0,operating,USA,3,934.0
Goodoc,Health Care,26511.0,operating,KOR,1,92.0
GoodRx,Health Care,1500000.0,operating,USA,2,304.0
GoodStori Inc.,Content|Corporate Wellness|Health and Wellness|Health Care|Health Care Information Technology|Sales and Marketing,0.0,operating,USA,1,499.0
GoPath Global,Biotechnology,1571940.0,operating,USA,1,1580.0
Gordian Surgical,Biotechnology,1000000.0,operating,ISR,1,1388.0
GordianTec,Algorithms|Diagnostics|Health and Wellness|Health Care|Medical|Venture Capital,1153846.15384615,operating,AUS,1,40.0
Gotta'go Personal Care Device,Manufacturing|Medical Devices,0.0,operating,USA,1,931.0
Gozio,Apps|Electronic Health Records|Health Care|Health Care Information Technology|Life Sciences|Maps|Mobile,1700000.0,operating,USA,2,735.0
Gradalis,Biotechnology|Health Diagnostics,24000000.0,operating,USA,1,
GraftWorx,Health Care|Health Diagnostics|Medical Devices|Mobile Health,1200000.0,operating,USA,1,1325.0
Graftys,Biotechnology,7747010.0,operating,,1,2063.0
GRAM Acquisition,Biotechnology,3255976.0,operating,USA,2,361.0
Grand River Aseptic Manufacturing,Biotechnology,12533554.0,operating,USA,2,
Grand Round Table,Health and Wellness|Health Care|Knowledge Management,410000.0,operating,USA,4,31.0
Grand Rounds,Health and Wellness|Health Care|Healthcare Services,106000000.0,operating,USA,4,0.0
GrandCare Systems,Digital Media|Health Care Information Technology|Medical,500000.0,operating,USA,1,8050.0
GrandOpinion,Health and Wellness|Health Care|Hospitals|Medical,150000.0,operating,USA,1,492.0
Grant Dental Technology Corporation,Design|Medical|Medical Devices,0.0,operating,USA,1,
Grassp,Big Data Analytics|Business Analytics|Business Intelligence|Cannabis|Communications Infrastructure|Enterprise Software|Health Care Information Technology|Information Technology|Logistics|Marketplaces|Medical|Mobile Software Tools,1500000.0,operating,USA,1,304.0
GrayBug,Biotechnology,3990000.0,operating,USA,3,1032.0
GRAYL,Clean Technology|Health Care|Water Purification,800379.0,operating,USA,1,1482.0
Great Basin,Biotechnology|Health Diagnostics,27997653.0,ipo,USA,4,2235.0
Great Lakes NeuroTechnologies,Medical Devices,1900000.0,operating,USA,1,2089.0
Great Lakes Pharmaceuticals,Biotechnology,17070531.0,operating,USA,5,
Green Biofactory,Biotechnology,40000.0,operating,CHL,1,
Green Biologics,Biotechnology,118248563.0,operating,GBR,8,1751.0
Green Cross Services,Medical,0.0,operating,USA,1,694.0
Green & Grow,Agriculture|Biotechnology|Life Sciences|Technology,6000000.0,operating,USA,1,1699.0
Green Hills,Biotechnology,842425.0,operating,USA,1,9303.0
Greenlight Biosciences,Biotechnology,27000000.0,operating,USA,3,2050.0
greenovation Biotech,Biotechnology,7062120.0,operating,DEU,1,
"GreenPeptide Co.,Ltd.",Biotechnology|Health and Wellness|Medical,11549774.0,operating,,1,4131.0
Greyson International,Biotechnology,115000.0,operating,USA,1,
Gritstone oncology,Health Care,102000000.0,operating,USA,1,
Groove Biopharma,Biotechnology,9900000.0,operating,USA,2,
Ground Up Biosolutions,Biotechnology|Recycling|Waste Management,0.0,operating,USA,1,2641.0
Groupe Athena,Biotechnology,2355000.0,operating,IND,1,792.0
Grove Instruments,Health Care,8850000.0,operating,USA,3,
Grove Streams,Agriculture|Analytics|Big Data|Business Intelligence|Cloud Computing|Home Automation|Internet of Things|M2M|Medical|Public Relations|Real Time|Security|Sensors|Smart Grid|Transportation|Utilities,500000.0,operating,USA,1,0.0
GrowBLOX,Biotechnology|Manufacturing|Medical,2000000.0,ipo,USA,1,
Grower's Secret,Biotechnology|Clean Technology,9587500.0,operating,USA,3,4717.0
GrowYo,Biotechnology,8000.0,operating,,1,83.0
Gryphon Therapeutics,Bio-Pharm|Medical|Therapeutics,26000000.0,operating,,1,
GSI Health,Health Care,0.0,operating,USA,1,2723.0
GT Urological,Biotechnology,9557542.0,operating,USA,2,3271.0
Guahao,Health and Wellness|Health Care|Medical,495000000.0,operating,CHN,2,1746.0
Guangdong Guofang Medical Technology,Medical,1647446.0,operating,,1,
Huafeng Biotech,Biotechnology,2929687.0,operating,CHN,2,1096.0
Guardian Angel,Medical,50000.0,operating,USA,1,1176.0
Guardian Healthcare,Biotechnology,4552736.0,operating,USA,1,11518.0
Guardion Health Sciences,Biotechnology,500000.0,operating,USA,1,
Guava Technologies,Biotechnology|Health Diagnostics,17500000.0,acquired,USA,3,1268.0
Guided Delivery Systems,Health Care|Medical|Medical Devices,29999998.0,operating,USA,1,3404.0
Guided Surgery Solutions,Health and Wellness|Healthcare Services|Medical|Medical Devices,50000.0,operating,USA,1,
Guided Therapeutics,Biotechnology,11082001.0,ipo,USA,4,6827.0
Gulf States Cryotherapy,Health and Wellness|Health Care|Medical,23184.0,operating,USA,1,
GW Pharmaceuticals,Biotechnology,179200000.0,ipo,GBR,1,6327.0
Gweepi Medical,Health and Wellness|Health Care|Medical Devices,420003.0,operating,USA,2,14.0
Gymbox,Fitness|Health and Wellness|Health Care,19146472.0,operating,GBR,2,2424.0
Gynesonics,Health Care,117296441.0,operating,USA,10,753.0
Gyros,Biotechnology,10400000.0,operating,USA,1,
Health2Sync,Health Care,1500000.0,operating,TWN,2,60.0
Hackers/Founders,B2B|Biotechnology|Business Development|Business Services|Hardware|Hardware + Software|Mobile|Software,2159025.0,operating,USA,4,1653.0
Hadasit Bio Holdings,Biotechnology,2000000.0,ipo,ISR,1,3830.0
Hadron Systems,Biotechnology,5000000.0,operating,USA,1,
Haemostatix,Clinical Trials|Medical Devices|New Technologies,264686.0,operating,GBR,2,4081.0
Hale Hau'oli Adult Day Care,Medical,0.0,operating,USA,1,81.0
Halfpenny Technologies,Health Care,4850000.0,operating,USA,2,3933.0
HALO Medical Technologies,Medical Devices,210000.0,operating,USA,1,
Halo Neuroscience,Health and Wellness|Health Care Information Technology|Wearables,1650000.0,operating,USA,2,202.0
Halo Pharmaceutical,Bio-Pharm|Medical|Pharmaceuticals,0.0,operating,USA,1,
Halozyme Therapeutics,Biotechnology,113000000.0,ipo,USA,3,
HALSAmd,Medical Professionals,250000.0,operating,USA,1,745.0
HALSCION,Biotechnology,13800002.0,operating,USA,3,1756.0
Halt Medical,Health Care,93890518.0,operating,USA,10,1218.0
Hand Therapy Solutions,Medical,0.0,operating,USA,1,1751.0
Handa Pharmaceuticals,Biotechnology,2042917.0,operating,USA,1,
HandMinder,Health Care|Medical|Medical Devices,50000.0,operating,USA,1,152.0
HandyLab,Biotechnology,23600000.0,acquired,USA,3,
Tigermed,Biotechnology,7000000.0,operating,CHN,2,
Hansen Medical,Health Care,115971247.0,ipo,USA,5,3628.0
Haodf.com,Health Care,17760000.0,operating,CHN,3,365.0
Hapten Sciences,Biotechnology,1925000.0,operating,USA,5,882.0
ElastiMed,Health Care|Medical Devices,1000000.0,operating,ISR,1,862.0
Harbor BioSciences,Biotechnology,2825000.0,operating,USA,1,
Harbor MedTech,Biotechnology,4271733.0,operating,USA,3,867.0
Harbour Antibodies,Biotechnology,3216500.0,operating,USA,1,2761.0
Harlyn Medical,Medical,0.0,operating,USA,1,3954.0
Harpoon Medical,Medical Devices,5308147.0,operating,USA,2,603.0
Hatchtech,Biotechnology,22630691.0,operating,AUS,3,1245.0
Hats Off Technology,Health Care,20000.0,operating,USA,1,564.0
Haus Bioceuticals,Bio-Pharm|Health and Wellness|Medical,150000.0,operating,USA,1,
Hauscare,Elder Care|Health Care Information Technology|Mobile Health,40000.0,operating,,1,
Hawaii Biotech,Biotechnology,12445000.0,operating,USA,3,
HBCS,Biotechnology,18336720.0,operating,USA,1,9418.0
hCentive,Health and Insurance|Health Care Information Technology|Payments,35000000.0,operating,USA,1,
HCHB Cressey,Biotechnology,28550000.0,operating,USA,1,67.0
HD Biosciences,Biotechnology,0.0,operating,CHN,1,
hdl therapeutics,Biotechnology,2970000.0,operating,USA,2,1504.0
HeadSense Medical,Health Care,0.0,operating,ISR,1,919.0
"Healarium, Inc.",Health and Wellness|Health Care|mHealth|Mobile,3400000.0,operating,USA,2,699.0
Healcerion,Biotechnology,716867.0,operating,KOR,1,527.0
Heald College,Career Management|Colleges|Education|Health Care|Legal,0.0,acquired,USA,1,
Healint,Big Data|Health and Wellness|Machine Learning|Medical|Mobile|Sensors,1361500.0,operating,SGP,3,331.0
Healionics,Biotechnology,2600000.0,operating,USA,1,
Healios K.K,Biotechnology,29167989.0,operating,JPN,1,957.0
Parable Health,Health Care|Health Care Information Technology|Hospitals|Mobile Health,0.0,operating,,2,508.0
HealOr,Biotechnology,15500000.0,operating,ISR,2,2156.0
Health 123,Health Care Information Technology,1016506.0,operating,USA,1,543.0
"Health Access Solutions, Inc.",Health Care Information Technology|Software,7003853.0,operating,USA,1,5101.0
Health As We Age,Fitness|Health and Insurance|Health and Wellness|Incentives|Medical Devices,605000.0,operating,USA,2,576.0
Health-Connected,Health and Wellness|Medical Devices|Psychology,340423.0,operating,GBR,1,
Health Data Minder,Medical,0.0,operating,USA,1,20.0
Health Data Vision,Electronic Health Records|Health and Wellness|Health Care Information Technology,6547691.0,operating,USA,3,1198.0
Health Discovery,Biotechnology,475000.0,ipo,USA,1,3019.0
Health eFilings,Biotechnology,934500.0,operating,USA,1,
Health Essentials,Biotechnology,1006102.0,operating,USA,2,6142.0
Health eVillages,Biotechnology,58000.0,operating,USA,1,969.0
Health Fidelity,Data Integration|Health and Wellness|Health Care Information Technology,19264593.0,operating,USA,1,1469.0
Health Global Connect,Communications Infrastructure|Health Care|Shared Services,150000.0,operating,USA,1,
Health Guru Media Inc.,Colleges|Content|Doctors|Health and Wellness|Health Care|Internet|Media|Medical|News|Video|Video Streaming,9450000.0,acquired,USA,3,0.0
Health Innovation Technologies,Electronic Health Records|Health Care|Healthcare Services,1410015.0,operating,USA,2,409.0
Health Integrated,Biotechnology,8193628.0,operating,USA,5,2557.0
Hi.Q,Bioinformatics|Biotechnology|Health and Wellness,5500000.0,operating,USA,1,350.0
"Health Language,Inc.",Health Care|Services|Software,7800000.0,operating,,1,
Health Outcomes Sciences,Biotechnology|Health and Wellness|Health Care|Medical|Technology,15748632.0,operating,USA,2,412.0
Health Outcomes Worldwide,Big Data Analytics|Health Care|Health Care Information Technology|Information Technology,0.0,operating,CAN,1,
HealthPlotter,Health Care|Healthcare Services|Medical,0.0,operating,USA,1,196.0
Health Recovery Solutions,Diabetes|Enterprise Software|Health and Wellness|Health Care|Hospitals,1849999.0,operating,USA,4,186.0
Healthagen,Health and Wellness|Health Care|Insurance,3000000.0,acquired,USA,1,
Healthbox,Automotive|Entrepreneur|Health Care|Incubators|Startups|Venture Capital,7000000.0,operating,USA,1,1112.0
Healthcare Corporation of America,Biotechnology,9125000.0,operating,USA,2,16359.0
Uniphy Health,Health Care Information Technology,2125000.0,operating,USA,3,464.0
Healthcare MarketMaker,Health Care|Hospitals|Marketplaces,65000.0,operating,USA,1,
HealthcareMagic,Health and Wellness|Health Care|Health Care Information Technology|Internet,2500000.0,acquired,IND,1,373.0
HealthClinicPlus,Health Care|Hospitals|Therapeutics|Video,0.0,operating,IRL,1,752.0
HealthComms,Health Care|Health Care Information Technology|Medical Devices|Software,43720.0,operating,IRL,1,155.0
HealthEngine,Curated Web|Dental|Doctors|Health and Wellness|Medical|Software,9512195.0,operating,AUS,1,2238.0
Healtheo360,Biotechnology,300000.0,operating,USA,1,205.0
"HealthExpense, Inc.",Enterprise Software|Health and Wellness|Health Care Information Technology|mHealth|Technology,8250000.0,operating,USA,2,730.0
healthfinch,Health Care Information Technology|Software,3149999.0,operating,USA,2,1369.0
HealthFleet.com,Biotechnology,723723.0,operating,USA,1,1586.0
HealthHiway,Enterprise Software|Health Care|Information Technology,4000000.0,operating,IND,1,
Healthiest You,Fitness|Health and Wellness|Health Care|Neuroscience,30100000.0,operating,USA,2,-153.0
Healthify,Health and Wellness|Health Care|Mobile Health,500000.0,operating,USA,2,15.0
Healthjump,Analytics|Electronic Health Records|Health and Wellness|Health Care Information Technology|Mobile Health|Personal Health,1004999.0,operating,USA,1,706.0
1mg,Health Care,6000000.0,operating,,1,1205.0
Healthline Networks,Doctors|Health and Wellness|Health Care|Information Technology|Medical|Search,63500002.0,operating,USA,5,1461.0
HealthLinkNow,Fitness|Health and Wellness|Health Care|Healthcare Services,7700000.0,operating,USA,1,1412.0
HealthMedia,Health and Wellness|Health Care|Medical,3000000.0,acquired,USA,1,
HealthMyne,Health Care,4500000.0,operating,USA,1,
Healthonomy,Biotechnology,322500.0,operating,USA,1,
HealthPlan Data Solutions,Biotechnology,1800000.0,operating,USA,2,592.0
HealthPocket,Curated Web|Health Care,2000000.0,acquired,USA,1,234.0
Healthpointz,Gamification|Health Care,50000.0,operating,USA,1,-179.0
HealthPrize Technologies,Health and Wellness|Health Care,8532000.0,operating,USA,5,618.0
HealthScripts of America,Biotechnology,2025000.0,operating,USA,6,269.0
Healthsense,Biotechnology,32130000.0,operating,USA,8,3012.0
Healthshare,Communities|Curated Web|Health Care Information Technology|Networking|Social Media,0.0,operating,AUS,1,1400.0
HealthSmart Holdings,Biotechnology,15999996.0,operating,USA,1,10604.0
HealthSouk,Consumers|Curated Web|Dental|Health and Wellness|Health Care Information Technology|Medical,0.0,operating,USA,1,314.0
HealthSource,General Public Worldwide|Health Care Information Technology|Information Services,6100000.0,operating,USA,1,743.0
HealthSpring,Biotechnology|Hospitals,3700000.0,acquired,USA,1,4918.0
HealthSynch,Biotechnology,925000.0,operating,GBR,2,311.0
HealthTap,Doctors|Games|Health and Wellness|Health Care|mHealth|Mobile Health|Physicians,38250000.0,operating,USA,5,0.0
HealthTell,Biotechnology and Semiconductor|Diagnostics|Health and Wellness|Life Sciences|Personal Health,18683339.0,operating,USA,3,1327.0
HealthUnity,Biotechnology,3814840.0,operating,USA,3,848.0
Healthvana,Health and Wellness|Health Care Information Technology|Healthcare Services,0.0,operating,USA,1,
Healthvest Holdings,Health Care|Healthcare Services,183900.0,operating,USA,2,296.0
HealthWave - Korea,Health Care Information Technology,1413497.0,operating,KOR,2,1683.0
Healthways,Fitness|Health and Wellness|Health Care,25000000.0,ipo,USA,2,11212.0
Healthy Bytes,Analytics|Health and Wellness|Health Care,20000.0,operating,USA,1,
Healthy Humans,Diabetes|Health and Wellness|Medical|Nutrition,150000.0,operating,USA,1,
Healthy Labs,Health and Wellness|Health Care|Social Network Media,0.0,operating,USA,2,120.0
Heart Health,Biotechnology,1310000.0,operating,CAN,1,
Heart Metabolics,Biotechnology,24000000.0,operating,USA,2,
HeartFlow,Biotechnology|Health Diagnostics,172715918.0,operating,USA,5,1204.0
HearToday,EdTech|Education|Hardware + Software|Health Care Information Technology|Internet of Things,90000.0,operating,GBR,2,21.0
Hearts N Hand,Medical,0.0,operating,USA,1,0.0
Heartscape,Health Care,16980998.0,acquired,USA,1,2670.0
Heat Biologics,Biotechnology|Health Care,15599800.0,ipo,USA,4,687.0
Hecare,Healthcare Services|Manufacturing|Medical Devices,920090.0,operating,DNK,1,
Heilongjiang Weikang Bio-Tech Group,Biotechnology,4999994.0,ipo,CHN,2,
Helicon Therapeutics,Biotechnology|Hardware,50000000.0,operating,USA,1,
Helicos BioSciences,Biotechnology|Health Diagnostics|Life Sciences,10000008.0,ipo,USA,1,
Helinet,Aerospace|Governments|Medical,20500000.0,operating,USA,1,6154.0
Helios Innovative Technologies,Biotechnology,500009.0,operating,USA,1,465.0
Helius Medical Technologies,Biotechnology,4547182.0,operating,USA,3,
HELIX BIOMEDIX,Biotechnology,9378276.0,operating,USA,3,8106.0
Helixbind,Biotechnology,1650000.0,operating,USA,1,785.0
Helixis,Biotechnology,17333335.0,acquired,USA,2,241.0
Hello Heart,Health and Wellness|Health Care|Mobile Health,1500000.0,operating,USA,1,690.0
Hello Health,Health Care,21500000.0,operating,USA,2,1557.0
Hellocare,Health Care|Internet,0.0,operating,DEU,1,
Helmedix,Bio-Pharm|Medical|Therapeutics,1290000.0,operating,,1,
Help Remedies,Biotechnology,1431003.0,operating,USA,1,1465.0
HelpAround,Big Data|Diabetes|Health Care|Mobile Emergency&Health|Mobile Health,610000.0,operating,ISR,1,563.0
HelpSaúde.com,Curated Web|Health and Wellness|Health Care|Search,0.0,operating,BRA,2,549.0
HemaQuest Pharmaceuticals,Biotechnology,51499999.0,operating,USA,4,
Hemarina,Biotechnology,4790000.0,operating,FRA,2,718.0
HemaSource,Biotechnology,13488000.0,operating,USA,1,4431.0
Hemera Biosciences,Biotechnology,1299956.0,operating,USA,1,1186.0
"HemoBioTech,Inc",Biotechnology,160000.0,operating,USA,1,3229.0
HemoGenyx,Biotechnology|Pharmaceuticals,250000.0,operating,USA,1,
HemoShear,Biotechnology,13150000.0,operating,USA,5,470.0
HemoSonics,Health Care|Health Diagnostics,2289747.0,operating,USA,2,2370.0
Hemosphere,Health Care,9300000.0,acquired,USA,1,
Hemoteq,Clinical Trials|Life Sciences|Medical Devices,0.0,acquired,DEU,1,243.0
Hemova Medical,Innovation Management|Medical|Medical Devices,100000.0,operating,USA,1,
Henry Ford Innovation Institute,Health Care,3000000.0,operating,USA,1,1124.0
Hepa Wash,Health Care,7360000.0,operating,DEU,2,878.0
HepatoChem,Biotechnology,430000.0,operating,USA,2,
Heppe Medical Chitosan,Health Care,0.0,operating,DEU,2,
Hepregen,Biotechnology,4500000.0,operating,USA,4,
Heptares Therapeutics,Biotechnology,26500000.0,acquired,GBR,3,221.0
Hera Therapeutics,Biotechnology,19346025.0,operating,USA,4,528.0
Herborium Group,Biotechnology,25000.0,operating,USA,1,4335.0
HESKA,Biotechnology,3570000.0,ipo,USA,1,5542.0
HiberGene Diagnostics,Biotechnology|Diagnostics|Medical,2260052.0,operating,IRL,1,2223.0
Hiberna,Biotechnology,100000.0,operating,USA,1,1167.0
Hidrate,Health Care|Mobile,120000.0,operating,USA,1,424.0
High Plains Surgery Center,Health Care,120000.0,operating,USA,1,
High Throughput Genomics,Biotechnology,31748500.0,operating,USA,4,
Highland Therapeutics,Biotechnology,81700000.0,operating,CAN,4,1918.0
HighRes Biosolutions,Biotechnology,2482728.0,operating,USA,1,4219.0
HIGHVIEW HEALTHCARE PARTNERS,Biotechnology,905421.0,operating,USA,2,1248.0
Hinacom,Health Care|Medical,5102426.0,operating,CHN,2,
HipaaMart,Medical,0.0,operating,USA,1,135.0
HiPer Technology,Medical,0.0,operating,USA,1,4047.0
HiperScan,Health Care,1263511.0,operating,DEU,3,1114.0
Hippo Manager Software,Medical|Software,0.0,operating,USA,1,307.0
Histide,Biotechnology|Environmental Innovation|Medical,4600000.0,operating,CHE,1,
Histogen,Biotechnology,24900000.0,operating,USA,1,
Histogenics,Biotechnology,96400000.0,ipo,USA,3,
HistoRx,Biotechnology,13260546.0,acquired,USA,4,257.0
HistoSonics,Biotechnology,30172418.0,operating,USA,4,417.0
HIT Application Solutions,Health Care,2750000.0,operating,USA,1,
HMicro,Design|Health and Wellness|Health Care|Manufacturing|Semiconductors,5500000.0,operating,USA,3,-122.0
HMS Health,Biotechnology,1355000.0,operating,USA,1,
Holaira,Biotechnology|Health and Wellness,42000000.0,operating,USA,1,2284.0
Holdaway Medical Holdings,Health Care|Medical|Medical Devices,608747.0,operating,USA,1,
Holganix,Biotechnology|Health and Wellness|Nutrition,300000.0,operating,USA,2,748.0
Hollywood Vision Center,Medical,700.0,operating,USA,1,34754.0
Hologic,Biotechnology|Health Diagnostics,450000000.0,ipo,USA,1,9464.0
Home Dialysis Plus,Health Care,9500000.0,operating,USA,1,2977.0
Home Team Therapy,Health and Wellness|Health Care|Therapeutics,20000.0,operating,USA,1,244.0
Hopebridge,Biotechnology,2600443.0,operating,USA,3,3174.0
HomeHero,Health and Wellness|Health Care|Senior Citizens|Senior Health,23000000.0,operating,USA,2,473.0
HOMEOSTASIS LABS,Biotechnology,1122000.0,operating,USA,2,
HomeTouch,Health Care|SaaS|Software,121700.0,operating,GBR,1,456.0
Honor,Medical|Senior Health,20000000.0,operating,USA,1,244.0
Hookipa Biotech,Biotechnology,35305200.0,operating,AUT,2,109.0
Hoolux Medical,Health Care,645000.0,operating,IRL,2,86.0
HooPayz,Medical,0.0,operating,USA,1,525.0
Hop Skip Connect,Biotechnology,6015700.0,operating,USA,1,
Horizon,Assisted Living|Medical,0.0,operating,USA,1,6.0
Horizon Discovery,Biotechnology|Health Diagnostics|Pharmaceuticals,50251719.0,ipo,GBR,5,462.0
Horizon Pharma,Biotechnology|Health Care,492000000.0,ipo,USA,4,933.0
Hot Dot,Biotechnology,3556563.0,operating,USA,2,248.0
HotDoc,Dental|Doctors|Health and Wellness|Medical|Web Hosting,1618785.76351502,operating,AUS,1,1105.0
Hotspur Technologies,Customer Service|Health Care|Medical Devices,10321150.0,acquired,USA,5,305.0
Houston Health Ventures,Diagnostics|Finance|Health Care|Health Care Information Technology|Healthcare Services|Health Diagnostics|Life Sciences|Medical|Medical Devices|Medical Professionals|Startups,25000.0,operating,USA,1,444.0
Houston Medical Robotics,Health Care,2200000.0,operating,USA,1,
HμREL,Biotechnology,9200000.0,operating,USA,1,3014.0
HS Pharmaceuticals,Biotechnology,8551655.0,operating,USA,1,805.0
HTG Molecular Diagnostics,Biotechnology|Health Diagnostics,47232377.0,ipo,USA,5,5167.0
Huakang Mobile Health,Health Care|Mobile|Mobile Health,32000000.0,operating,CHN,1,1943.0
Hubble Telemedical,Biotechnology,1150000.0,acquired,USA,4,517.0
Xunda Pharmaceutical,Biotechnology,2381617.0,operating,CHN,2,
Humacyte,Biotechnology,199762373.0,operating,USA,2,4033.0
Human Factor Analytics,Medical,0.0,operating,USA,1,1045.0
HumanCentric Performance,Biotechnology,400000.0,operating,USA,1,1094.0
Humanco,Biotechnology,75000.0,operating,USA,1,
Humanlink,Health Care,35000.0,operating,USA,2,-62.0
Humedics,Biotechnology,8519259.0,operating,,3,
Hummingbird Mobile Dental,Medical,0.0,operating,USA,1,0.0
HUMN Pharmaceuticals,Medical,0.0,operating,CAN,1,2180.0
Hutchison MediPharma,Health Care,20200000.0,operating,CHN,2,
HUYA Bioscience International,Biotechnology,60613293.0,operating,USA,3,1922.0
Hy2Care,Medical|Medical Devices|Technology,16227.0,operating,NLD,1,116.0
Hyasynth Bio,Biotechnology|Cannabis|Pharmaceuticals,580000.0,operating,CAN,4,19.0
Hybrent,Health Care,500000.0,operating,USA,1,891.0
Hybrigenics,Biotechnology,27450440.0,operating,FRA,3,
Hydra Biosciences,Biotechnology,94677500.0,operating,USA,5,571.0
Hydra Dx,Biotechnology,1793750.0,operating,USA,3,521.0
Hydrocapsule,Biotechnology,25000.0,operating,USA,1,235.0
Hygeia Therapeutics,Biotechnology,1000000.0,operating,USA,1,
Hygia Health Services,Biotechnology,3499976.0,operating,USA,1,4703.0
HYGIEIA,Biotechnology,4095900.0,operating,USA,5,1151.0
Hyglos,Biotechnology,8990000.0,operating,DEU,1,
HyperBranch Medical Technology,Health Care,18557041.0,operating,USA,9,757.0
Hyperion Therapeutics,Biotechnology|Health Care,165961509.0,acquired,USA,7,612.0
HyperStealth Biotechnology,Biotechnology,19654.0,operating,,1,5231.0
Hypertension Diagnostics,Biotechnology|Health Diagnostics,833600.0,ipo,USA,1,8837.0
Hypnion,Diagnostics|Medical|Therapeutics,47500000.0,acquired,USA,1,
Hyprloco,Analytics|Cloud Computing|Developer Tools|Digital Signage|Enterprise Software|Health Care Information Technology|Internet of Things|Manufacturing|Mobile,380000.0,operating,USA,3,367.0
Hythiam,Biotechnology,7448268.0,operating,USA,2,3944.0
i-Human Patients,Education|Health Care Information Technology|Medical Professionals,2039305.0,operating,USA,1,360.0
I-MED Network Radiology,Health Care,0.0,operating,NOR,1,
i-Optics,Biotechnology,5848920.0,operating,,1,
I-Pulse,Biotechnology,114550024.0,operating,SGP,2,1365.0
51aiya.com,Health Care,389673.0,operating,CHN,1,578.0
I3 Precision,Health Care|Healthcare Services|Hospitals|Product Design,465000.0,operating,SGP,1,1155.0
Iagnosis,Health and Wellness|Health Care|Health Care Information Technology|Mobile Health,12477262.0,operating,USA,4,1159.0
IASIS Healthcare,Health and Wellness|Health Care|Hospitals|Medical,1500000.0,acquired,USA,1,
IASO Pharma,Biotechnology,3343000.0,operating,USA,1,1535.0
iBalance Medical,Healthcare Services|Medical|Medical Devices,13500000.0,operating,USA,2,
iBinom,Big Data|Biotechnology|Machine Learning|SaaS,300000.0,operating,RUS,1,719.0
iBio,Biotechnology,10065000.0,operating,USA,2,
ICAgen,Biotechnology|Health and Wellness,5000000.0,acquired,USA,1,6473.0
iCardiac Technologies,Biotechnology,4000000.0,operating,USA,3,311.0
ICB International,Biotechnology|Health Diagnostics,895000.0,operating,USA,1,1935.0
Icebreaker Health,Android|iOS|Medical|Technology,6596565.0,operating,USA,1,
iCeutica,Biotechnology,5082873.0,operating,USA,4,
Ichor Therapeutics,Biotechnology,450000.0,operating,USA,1,-12.0
DrDoctor,Electronic Health Records|Health Care|Mobile Health|Software,0.0,operating,GBR,1,0.0
iCo Therapeutics,Biotechnology,5456425.0,ipo,CAN,3,
Icon Bioscience,Biotechnology,32000000.0,operating,USA,2,3288.0
SwiftPayMD(TM) by Iconic Data,Business Intelligence|Health Care Information Technology|Mobile|Software|Technology,0.0,operating,USA,2,365.0
Iconic Therapeutics,Biotechnology,28391902.0,operating,USA,5,1093.0
Iconix Biosciences,Biotechnology,4000000.0,acquired,USA,1,
ICU Metrix,Biotechnology,116667.0,operating,USA,1,223.0
ICVRx,Biotechnology,75000.0,operating,USA,1,188.0
iCyt Mission Technology,Biotechnology,1000000.0,operating,USA,1,
IDEA SPHERE,Biotechnology,25000000.0,operating,USA,1,
Ideal Implant,Health Care,1709500.0,operating,USA,2,1983.0
Idenix Pharmaceuticals,Biotechnology|Health Care,132000000.0,acquired,USA,3,
Identification Solutions,Biotechnology,739550.0,operating,USA,4,272.0
IdentiGEN,Agriculture|Biotechnology|Diagnostics|Organic Food,2490000.0,operating,IRL,1,
Idera Pharmaceuticals,Biotechnology,53800000.0,ipo,USA,3,7688.0
IDEV Technologies,Biotechnology,59705235.0,acquired,USA,3,
idiag,Biotechnology,3810000.0,operating,,1,5402.0
iDialogs,Health and Wellness|Health Care Information Technology|Personal Health,2000000.0,operating,USA,2,425.0
iDoc24,Curated Web|Health and Wellness|Medical|mHealth|Startups|Telecommunications,405000.0,operating,USA,3,1689.0
iDTx Systems,Medical|Medical Devices|Therapeutics,455000.0,operating,USA,1,1704.0
Idun Pharmaceuticals,Biotechnology,3125044.0,operating,USA,2,8074.0
"IF Technologies, Inc.",Health Care Information Technology|Software,1075000.0,operating,USA,2,440.0
Igea,Biotechnology,0.0,operating,,1,10471.0
Igenica,Biotechnology,77500918.0,operating,USA,6,529.0
iGetBetter,Digital Media|Health Care Information Technology|Hospitals,1100000.0,operating,USA,1,778.0
Ignyta,Biotechnology|Health Care,173500000.0,ipo,USA,7,730.0
IgY Immune Technologies & Life Sciences,Biotechnology,65100.0,operating,CAN,1,1147.0
iHealthHome,Health Care|Hospitals|SaaS,1384000.0,operating,USA,1,524.0
"iHear Medical, Inc.",Health Care,7795000.0,operating,USA,3,-151.0
iHeart,Health Care,4310000.0,operating,USA,1,1312.0
iKang Healthcare Group,Health and Wellness|Health Care,125000000.0,ipo,CHN,2,
Ikaria,Biotechnology,344947203.0,acquired,USA,3,-249.0
IkerChem,Biotechnology,380000.0,operating,ESP,1,
Ikonisys,Biotechnology,35205000.0,operating,USA,3,3211.0
"Ikonopedia, Inc.",Health Care,1075000.0,operating,USA,2,211.0
IKOTECH,Biotechnology,275000.0,operating,USA,2,
iKure Techsoft,Health Care|Social Entrepreneurship|Software,115000.0,operating,IND,1,1420.0
ILiAD Biotechnologies,Biotechnology,640000.0,operating,USA,1,
IlluminOss Medical,Health Care,36000000.0,operating,USA,4,
im3D,Biotechnology,2573200.0,operating,ITA,1,3469.0
iM3Dical,Medical,1021834.0,operating,PRT,1,
ImaCor,Biotechnology,5450000.0,operating,USA,1,51.0
Image Analysis,Clinical Trials|Health Care|Software,5200000.0,operating,GBR,1,3041.0
Image Stream Medical,Health Care,10600000.0,operating,USA,3,4325.0
image32,Health Care|Health Care Information Technology|Mobile Health|Software,400000.0,operating,USA,1,1289.0
Imagen Biopharma,Biotechnology,10000000.0,operating,USA,1,533.0
Imagen Biotech,Biotechnology,40000000.0,operating,USA,1,140.0
ImaginAb,Biotechnology|Health Diagnostics,33500000.0,operating,USA,2,
Imagine Health,Employment|Health Care,41000000.0,operating,USA,2,
Imaging Advantage,Health Care,5000000.0,operating,USA,1,
Imaging3,Biotechnology,4901993.0,operating,USA,9,5611.0
Imago BioSciences,Bio-Pharm|Biotechnology|Medical,26500000.0,operating,USA,1,
Imalogix,Biotechnology,285000.0,operating,USA,1,450.0
Imalux Corporation,Medical Devices,5100000.0,operating,USA,1,
IMANIN,Diagnostics|Health and Wellness|Health Care|Medical,25000.0,operating,,1,
Imanis Life Sciences,Biotechnology,1000000.0,operating,USA,1,
ImaRX Therapeutics,Biotechnology,7000000.0,ipo,USA,1,
Imaxio,Biotechnology,3801616.0,operating,FRA,1,
Imbed Biosciences,Biometrics|Health and Wellness|Health Care,2183275.0,operating,USA,2,
Imbio,Medical Devices,1077695.0,operating,USA,1,3897.0
Imedex Holdco,Education|Healthcare Services|Medical,4040000.0,operating,USA,1,
iMedicare,Health Care|Mobile|PaaS|SaaS,600000.0,operating,USA,2,604.0
iMedicor,Biotechnology,1980000.0,operating,USA,1,
imedo,Health and Wellness|Health Care Information Technology|Internet|Medical,0.0,operating,DEU,1,1037.0
iMER,Health Care,7000000.0,operating,ISR,1,2975.0
ImevaX,Health and Wellness|Medical|Medical Devices|Pharmaceuticals,9526833.0,operating,DEU,2,300.0
immatics biotechnologies,Bio-Pharm|Biotechnology|Independent Pharmacies|Manufacturing|Pharmaceuticals,178843287.0,operating,DEU,5,1502.0
Immatics US,Biotechnology,60000000.0,operating,USA,2,5723.0
ImmuMetrix,Biotechnology,6384353.0,operating,USA,1,1195.0
Immune Control,Health Care|Medical|Pharmaceuticals,11300000.0,acquired,USA,1,1655.0
Immune Design,Biotechnology|Health Care|Therapeutics,99031500.0,ipo,USA,5,188.0
Immune Pharmaceuticals,Biotechnology,33200000.0,ipo,USA,3,1528.0
Immune System Therapeutics,Biotechnology,700000.0,operating,AUS,1,1529.0
Immune Targeting Systems,Biotechnology,20320961.3976074,acquired,GBR,2,1657.0
IMMUNETHEP,Biotechnology|Life Sciences|Medical,0.0,operating,PRT,1,558.0
Immunetics,Biotechnology,8064000.0,operating,USA,5,8888.0
Immunetrics,Biotechnology,150000.0,operating,USA,1,
ImmuneWorks,Biotechnology,735000.0,operating,USA,3,667.0
ImmuneXcite,Biotechnology,6080000.0,operating,USA,2,1829.0
Immunexpress,Biotechnology|Health Diagnostics,6000000.0,operating,USA,1,
ImmunGene,Biotechnology,9000000.0,operating,USA,1,2502.0
Immunicon (Now VERIDEX a Johnson & Johnson Co.),Diagnostics|Health Care|Health Diagnostics|Medical Devices,53750000.0,ipo,USA,2,
Immunocore,Biotechnology|Market Research,320000000.0,operating,GBR,1,2753.0
ImmunoGen,Biotechnology,26000000.0,ipo,USA,4,11122.0
Immunologix,Biotechnology,1341116.0,acquired,USA,3,530.0
Immunome,Biotechnology,4009487.0,operating,USA,8,
Immunomedics,Biotechnology,30000000.0,ipo,USA,1,11634.0
ImmunoPhotonics,Biotechnology,3050123.0,operating,USA,4,862.0
ImmunotEGG,Biotechnology|Health Diagnostics,40000.0,operating,CHL,1,
Immunovaccine,Biotechnology,15400000.0,ipo,CAN,2,5073.0
Immunovative Therapies,Biotechnology|Pharmaceuticals,12000000.0,operating,ISR,1,2820.0
ImmuRx,Biotechnology,763434.0,operating,USA,1,1250.0
ImmusanT,Biotechnology|Health Diagnostics,32000000.0,operating,USA,2,188.0
Immusoft,Biotechnology,3099458.0,operating,USA,3,
ImmuVen,Biotechnology,1980000.0,operating,USA,3,
iMotions A/S,Big Data|Enterprise Software|Health Care Information Technology|Human Computer Interaction|Market Research|Software|Universities|Usability,4300000.0,operating,DNK,2,-1827.0
Impact Health,Consumer Internet|Health and Insurance|Health and Wellness|Health Care|Marketplaces,105000.0,operating,USA,1,9.0
Impact Medical Strategies,Health Diagnostics|Medical Devices,250000.0,operating,USA,1,
ImpactRx,Biotechnology,4200000.0,acquired,USA,3,851.0
Impedance Cardiology Systems,Biotechnology,5000000.0,operating,USA,1,
ImpeDx Diagnostics,Medical Devices,335000.0,operating,USA,1,791.0
Impel NeuroPharma,Health Care,3470389.0,operating,USA,5,751.0
Imperative Health,Biotechnology,4000000.0,operating,GBR,1,
Imperium Health Management,Biotechnology,3155000.0,operating,USA,2,728.0
Impeto Medical,Health Care,6800000.0,operating,FRA,1,
Implandata Ophthalmic Products,Health Care,8521872.0,operating,DEU,4,
Implanet,Biotechnology,84403715.5553728,operating,FRA,6,120.0
Implantable Artificial Kidney,Medical Devices,500000.0,operating,USA,1,783.0
Implicit Bioscience,Biotechnology,50800.0,operating,USA,1,
Impres Medical,Health Care,5303000.0,operating,USA,2,1449.0
Imprimis Pharmaceuticals,Biotechnology,22946180.0,ipo,USA,2,5241.0
IMRICOR MEDICAL SYSTEMS,Biotechnology,7529000.0,operating,USA,5,1116.0
IMRIS Inc.,Medical Devices,36834000.0,ipo,USA,1,3189.0
IMSPEX Diagnostics,Health Diagnostics|Medical Devices,2255893.0,operating,GBR,1,1396.0
IMT (Innovative Micro Technology),Biotechnology,22000000.0,operating,USA,2,
ImThera Medical Inc,Biotechnology|Medical Devices,18339710.0,operating,USA,10,933.0
In Ovo,Biotechnology,271199.0,operating,NLD,1,899.0
In2Bones,Health Care,4114060.0,operating,FRA,1,
INAA.com Ltd,Advertising|Beauty|Business Services|Consumer Goods|Health Care|Internet|Personal Health|Sales and Marketing,0.0,operating,GBR,1,1082.0
Inbiomotion,Biotechnology|Health Diagnostics,2492429.0,operating,ESP,1,909.0
Incanthera,Biotechnology,984913.0,operating,GBR,1,1493.0
InCarda Therapeutics,Biotechnology,5876977.0,operating,USA,3,1385.0
IncellDx,Biotechnology|Health Diagnostics,8999998.0,operating,USA,2,
Inception Sciences,Biotechnology,20000000.0,operating,USA,3,326.0
Inceptus Medical,Health Care,4700000.0,operating,USA,1,868.0
Incisive Surgical,Biotechnology,7032500.0,operating,USA,2,
Incline Therapeutics,Biotechnology,64940000.0,acquired,USA,3,-9.0
Incont,Medical,400.0,operating,USA,1,2471.0
InCrowd,Health Care Information Technology,3001250.0,operating,USA,3,468.0
Incube Labs,Biotechnology,30000000.0,operating,USA,1,2268.0
Incuron,Biotechnology,5700000.0,operating,,1,480.0
InCytu,Health Care,5119660.0,operating,USA,2,
Indee,Biotechnology,0.0,operating,USA,1,
Indel Therapeutics,Biotechnology,1400000.0,operating,CAN,1,
InDemand Interpreting,Health Care,12800000.0,operating,USA,3,2709.0
InDex Pharmaceuticals,Biotechnology,31319064.0,operating,SWE,2,4038.0
India Online Health,Medical,0.0,operating,IND,1,915.0
INDIGO Biosciences,Biotechnology,782000.0,operating,USA,2,2071.0
IndiPharm,Biotechnology,5497343.0,operating,USA,5,1138.0
Induce Biologics,Biotechnology,2000000.0,operating,CAN,1,2621.0
Industrial Microbes,Biotechnology,120000.0,operating,USA,2,334.0
InfaCare Pharmaceutical,Biotechnology,75964876.0,operating,USA,6,433.0
Infarct Reduction Technologies,Health Care|Medical Devices|Therapeutics,400000.0,operating,USA,1,
Infermedica,Artificial Intelligence|Health Care|Machine Learning|mHealth|Software,310000.0,operating,POL,2,0.0
Infina Connect Healthcare Systems,Health and Wellness|Health Care Information Technology|Medical|Software,3592330.0,operating,USA,5,41.0
Infinity Pharmaceuticals,Biotechnology,181040191.0,ipo,USA,4,1102.0
Infinity Telemedicine Group,Health Diagnostics|Medical,50000.0,operating,USA,1,267.0
Inflammatory Response Research,Biotechnology,860000.0,operating,USA,1,
Inflection Biosciences,Biotechnology|Development Platforms|Search,547000.0,operating,IRL,2,517.0
Inflexxion,Biotechnology,0.0,operating,USA,1,9500.0
InfoBasis,Career Management|Financial Services|Health Care|Software,1771014.0,operating,GBR,2,1332.0
InfoBionic,Biotechnology,27174043.0,operating,USA,6,711.0
Infogami,Business Intelligence|Collaboration|Health Care|Information Technology|Predictive Analytics,0.0,operating,GBR,1,-2709.0
InfoMedics,Health Care|Pharmaceuticals|Physicians,10000000.0,acquired,,1,
Inform Genomics,Biotechnology,3925000.0,operating,USA,3,
Informatics Corp. of America,Health and Wellness|Health Care|Information Technology|Medical,6000000.0,operating,USA,1,2981.0
Informatics In Context,Enterprise Software|Health Care|Life Sciences,1855000.0,operating,USA,2,579.0
Informed Health Technologies,Biotechnology,240000.0,operating,USA,1,892.0
InformedDNA,Biotechnology,9155000.0,operating,USA,4,365.0
Health Gorilla,Big Data|Health Care|Mobile Health,4405915.0,operating,USA,3,660.0
InfraReDx,Health Care,91625000.0,acquired,USA,6,4396.0
Infusion Medical,Health and Wellness|Health Care|Medical|Medical Devices,3200000.0,operating,USA,1,604.0
IngagePatient,Electronic Health Records|Health Care|Mobile Health|Startups,7267192.0,operating,USA,3,2108.0
Ingeniatrics,Biotechnology,2201920.0,operating,ESP,1,3707.0
Ingenious Med,Cloud Infrastructure|Diagnostics|Health Care|Health Diagnostics|Medical Professionals,6450000.0,acquired,USA,5,3847.0
Ingenuity Systems,Biotechnology,15400000.0,acquired,USA,1,4564.0
Ingram Medical,Biotechnology,30000000.0,operating,USA,1,716.0
Inhibitex,Biotechnology,61250000.0,acquired,USA,3,2963.0
InhibOx,Biotechnology,1890000.0,operating,GBR,1,
Initiate Systems,Banking|Enterprise Software|Games|Governments|Health Care|Hospitality|Insurance|Services,31000000.0,acquired,USA,2,5287.0
Inivata,Biotechnology,6540899.0,operating,GBR,1,
Inknowledge,EdTech|Education|Health Care Information Technology|Small and Medium Businesses|Software,500000.0,operating,,1,182.0
InLight Solutions,Biotechnology,350231.0,operating,USA,1,7441.0
Innara Health,Health and Wellness|Health Care|Medical,170000.0,operating,USA,2,2221.0
Innate Pharma,Biotechnology,134407592.0,ipo,FRA,5,
InnaVirVax,Biotechnology,8818907.0,operating,,2,1505.0
Innerscope Research,Biotechnology,9400000.0,operating,USA,1,
InNeuroCo,Health Care,580044.0,operating,USA,1,540.0
InnFocus Inc,Biotechnology,34800000.0,operating,USA,2,3068.0
InnoCC,Manufacturing|Medical|Medical Devices,754466.0,operating,DNK,1,-125.0
Innocoll Holdings,Biotechnology,22600031.0,ipo,USA,7,
innocutis,Biotechnology,6500000.0,acquired,USA,1,2309.0
InnoCyte,Biotechnology,0.0,operating,DEU,1,
Innogenetics,Biotechnology|Health Diagnostics,9560000.0,acquired,BEL,1,7596.0
InnoMed Technologies,Health Care,383250.0,operating,USA,1,5260.0
Innometrix Inc,Medical,50000.0,operating,USA,2,-1055.0
InnoPharma,Biotechnology,43000000.0,acquired,USA,3,2526.0
Innovacell,Biotechnology,10968450.0,operating,AUT,1,
Innovate Wireless Health,Health and Wellness|Health Care|Mobile|SMS,100000.0,operating,USA,2,359.0
Innovative Acquisitions,Biotechnology,70000249.0,operating,USA,1,
Innovative Biologics,Biotechnology,100000.0,operating,USA,1,1735.0
Innovative Biosensors,Biotechnology,20166221.0,operating,USA,5,511.0
Innovative Cardiovascular Solutions,Biotechnology,5825000.0,operating,USA,3,1072.0
Innovative Healthcare,Biotechnology,1271255.0,operating,USA,2,687.0
Innovative Pulmonary Solutions,Health and Wellness|Health Care|Health Care Information Technology,20600000.0,operating,USA,2,1724.0
Innovative Spinal Technologies,Health Care,18000000.0,acquired,USA,1,2442.0
Innovative Trauma Care,Health Care,13106945.0,operating,CAN,3,1069.0
Innovent Biologics,Biotechnology,125000000.0,operating,CHN,2,
Innoventureica,Medical,0.0,operating,USA,1,0.0
Innovu,Health Care,1675000.0,operating,USA,1,559.0
Innovus Pharma,Biotechnology,1596968.0,operating,USA,3,377.0
Innvotec Surgical,Health Care|Health Diagnostics|Medical,1000000.0,operating,USA,1,
Inocucor Technologies,Biotechnology,4633581.0,operating,CAN,3,2464.0
Inogen,Health Care|Manufacturing,51645996.0,ipo,USA,3,2239.0
Inotek Pharmaceuticals,Biotechnology,69900000.0,ipo,USA,4,3026.0
Inotrem,Biotechnology,23158800.0,operating,FRA,1,
Inova Labs,Health Care|Health Services Industry|Medical Devices,38065772.0,operating,USA,4,2820.0
Inovise Medical,Health Care,920000.0,operating,USA,1,
InPulse Medical,Biotechnology|Health Care,205000.0,operating,BRA,3,21.0
InQ Biosciences,Biotechnology,510000.0,operating,USA,1,1156.0
InquisitHealth,Health and Wellness|Health Care|Tech Field Support,597001.0,operating,USA,2,241.0
INRange Systems,Biotechnology,7123470.0,operating,USA,1,4765.0
INRFOOD,Curated Web|Diabetes|Health and Wellness|Medical|Mobile|Nutrition,437000.0,operating,USA,5,562.0
Insero Health,Biotechnology,1100000.0,operating,,1,
Insight Genetics,Biotechnology|Health Diagnostics,4550000.0,operating,USA,2,2430.0
InSightec,Health Care|Medical Devices,119900000.0,operating,USA,3,3255.0
Insightra Medical,Biotechnology,19962500.0,operating,USA,5,4676.0
Insignia Health,Biotechnology,250000.0,operating,USA,1,1373.0
InSilico Medicine,Biotechnology,0.0,operating,USA,1,105.0
Insilixa,Biotechnology|Diagnostics|Medical|Semiconductors|Testing,13000000.0,operating,USA,1,
InSite Medical technologies,Health Care,2290612.0,operating,USA,4,384.0
InSite Vision,Biotechnology,24568730.0,acquired,USA,2,9333.0
Insmed,Biotechnology,100000000.0,ipo,USA,2,
Inson Medical Systems,Biotechnology,642536.0,operating,USA,1,998.0
InSound Medical,Health Care,13881227.0,acquired,USA,2,
InSphero,Biotechnology,25021504.0,operating,CHE,3,578.0
Inspiration Biopharmaceuticals,Biotechnology,258625546.0,operating,USA,2,2030.0
Inspire,Biotechnology|Communities|Health and Wellness|Pharmaceuticals,375000.0,operating,USA,1,2440.0
Inspire Health,Health and Wellness|Health Diagnostics|Medical,800000.0,operating,USA,1,
Inspire Living,Health Care,100000.0,operating,USA,1,1261.0
Inspire Medical Systems,Biotechnology|Hardware|Health Care,57000000.0,operating,USA,2,910.0
InspireMD,Health Care,24983103.0,ipo,ISR,6,2043.0
Inspiris,Health Care|Healthcare Services|Hospitals,8020000.0,acquired,USA,1,2269.0
Inspirotec,Health Care,350000.0,operating,USA,1,
InstaMed,Banking|Cloud Computing|Finance|FinTech|Health Care|Technology,79209599.0,operating,USA,15,486.0
Instant Labs Medical Diagnostics Corp.,Biotechnology,875000.0,operating,USA,1,1655.0
Insulet,Biotechnology|Health Care,68500000.0,ipo,USA,3,585.0
Insys Therapeutics,Biotechnology,2315006.0,ipo,USA,1,4834.0
Intact Vascular,Health Care,62437496.0,operating,USA,5,417.0
Intarcia Therapeutics,Biotechnology,852305937.0,operating,USA,11,2191.0
Intec Pharma,Biotechnology,5000000.0,ipo,ISR,1,4979.0
Integene International,Diabetes|Health Care|Medical,300000.0,operating,USA,1,
IntegenX,Analytics|Biotechnology|Health Diagnostics,88200000.0,operating,USA,5,240.0
IntegraGen,Biotechnology,14294000.0,operating,,3,2147.0
Integral Spine Solutions,Biotechnology,318938.0,operating,USA,1,
INTEGRATED BIOPHARMA,Biotechnology,5350000.0,operating,USA,1,
Integrated Diagnostics,Biotechnology|Diagnostics|E-Commerce|Fashion|Health Care|Health Diagnostics,89050000.0,operating,USA,7,-1267.0
Integrated Healing Technologies,Health Care|Product Development Services|Service Providers,4044970.0,operating,USA,1,
Integrated Medical Management,Biotechnology,476000.0,operating,USA,1,7537.0
Integrated Medical Partners,Health Care,3000000.0,operating,USA,2,792.0
Integrated Micro-Chromatography Systems,Biotechnology,150000.0,operating,USA,1,499.0
Integration Management,Databases|Health Care|Services,75000.0,operating,USA,1,6934.0
Integrity Applications,Health Care,22607446.0,ipo,ISR,5,4100.0
Intelect Medical,Biotechnology,7000000.0,acquired,USA,1,
IntelGenX,Biotechnology,5230298.0,ipo,,2,-380.0
Intellect Neurosciences,Biotechnology,2770000.0,operating,USA,2,
Intellia Therapeutics,Biotechnology,85000000.0,operating,USA,2,321.0
IntelliCell™ BioSciences,Biotechnology,3190000.0,operating,USA,3,
Intellicyt,Biotechnology,24844672.0,operating,USA,4,2682.0
IntelliDOT,Health Care|Hospitals|Medical,12000280.0,operating,USA,2,
IntelliGeneScan,Biotechnology|Health Diagnostics,100000.0,operating,USA,1,1655.0
Intelligent Bio-Systems,Biotechnology|Health Care|Medical,353000.0,acquired,USA,1,1181.0
Intelligent Fingerprinting,Health Care,4282838.0,operating,GBR,2,1869.0
Intelligent Health,Fitness|Health and Wellness|Health Care,463289.458105764,operating,GBR,1,
Intelligent Hospital Systems,Health Care|Hospitals|Medical,7600000.0,operating,,1,
Intelligent Ultrasound,Health Care|Medical Devices|Software,2094510.0,operating,GBR,1,
IntelligentM,Design|Health Care|Hospitals|Medical Devices,0.0,operating,USA,1,
IntelligentMDx,Health Diagnostics|Medical Devices,1605000.0,operating,USA,1,3870.0
Intellikine,Biotechnology,85000000.0,acquired,USA,3,
Intellimedix,Biotechnology,2300000.0,operating,USA,1,1149.0
Intellipharmaceutics International,Biotechnology,12000000.0,ipo,CAN,1,4793.0
Orthodata,Health Care,2202375.0,operating,USA,4,2547.0
Intelomed,Biotechnology,10661000.0,operating,USA,4,1854.0
IntendiMe,Health Care|Life Sciences,28234.0,operating,,1,-13.0
Intendu,Health Care|Neuroscience,1200000.0,operating,ISR,2,764.0
Intensity Therapeutics,Biotechnology,1500000.0,operating,USA,2,772.0
Intentiva,Biotechnology,25000.0,operating,USA,1,530.0
Interactive Motion Technologies,Biotechnology,300000.0,operating,USA,1,4865.0
Intercell,Biotechnology,72000000.0,acquired,AUT,2,1096.0
Intercept Pharmaceuticals,Biotechnology|Health Care,418400000.0,ipo,USA,4,2401.0
Intercytex Group,Biotechnology,22811685.0,operating,GBR,2,
"Interface Biologics, Inc.",Biotechnology,32000000.0,operating,CAN,5,2565.0
InteKrin,Biotechnology,65184732.0,operating,USA,4,
Interlace Medical,Health Care,23000000.0,acquired,USA,2,505.0
InteRNA Technologies,Biotechnology,0.0,operating,USA,1,2641.0
International Cardio Corporation,Analytics|Healthcare Services|Medical|Medical Professionals,300000.0,operating,USA,1,
International Network for Outcomes Research(INOR),Biotechnology,800000.0,operating,USA,1,521.0
International Stem Cell Corporation,Biotechnology,7500000.0,operating,USA,2,4096.0
International Therapeutics,Biotechnology,2000000.0,operating,USA,1,
Interrad Medical,Health Care,20900000.0,operating,USA,4,
InterResolve,Brokers|Insurance|Medical,0.0,operating,GBR,1,
Intersect ENT,Health Care,79328131.0,ipo,USA,3,
Intersection Medical Inc,Health and Wellness|Health Care|Medical|Medical Devices,5000000.0,operating,USA,1,332.0
InterValve,Biotechnology,14130942.0,operating,USA,4,1500.0
InterVene,Healthcare Services|Medical Devices|Startups,5900000.0,operating,,1,
Intervention Insights,Health Care,10700000.0,operating,USA,3,
Interventional Imaging,Medical Devices|Medical Professionals,0.0,operating,USA,1,587.0
Interventional Spine,Biotechnology,28749109.0,operating,USA,3,2676.0
INTICA Biomedical,Biotechnology,640000.0,operating,USA,1,
Intomics,Biotechnology,0.0,operating,DNK,1,
InTouch Health,Medical Devices,10100000.0,operating,USA,4,440.0
InTouch Technologies,Health Care,24100000.0,operating,USA,3,1339.0
Intra-Cellular Therapies,Biotechnology,75289893.0,operating,USA,2,4154.0
Intradigm Corporation,Biotechnology|Health and Wellness,37400000.0,acquired,USA,2,2516.0
Intralign,Health and Wellness|Health Care|Healthcare Services|Hospitals,0.0,acquired,USA,1,423.0
Intralink-Spine,Medical Devices,325000.0,operating,USA,1,2898.0
IntraLuminal Therapeutics,Biotechnology|Medical|Therapeutics,20000000.0,operating,,1,
IntraOp Medical,Health Care,7200000.0,acquired,USA,3,
Intrapace,Biotechnology,143922827.0,operating,USA,6,1290.0
Intrepid Bioinformatics,Biotechnology,875000.0,operating,USA,2,1577.0
Intrexon Corporation,Biotechnology,344000000.0,ipo,USA,7,2693.0
Intrinsic LifeSciences,Medical Devices,4450000.0,operating,USA,1,3131.0
Intrinsic Medical Imaging,Biotechnology,3735000.0,operating,USA,3,389.0
Intrinsic Therapeutics,Health Care,67856490.0,operating,USA,4,2785.0
Intuitive Biosciences,Biotechnology|Health Diagnostics,2393472.0,operating,USA,3,467.0
Intuitive Creations,Medical Devices,475000.0,operating,SGP,1,
Intuity Medical,Health Care|Medical Devices,124402778.0,operating,USA,10,2926.0
InVasc Therapeutics,Biotechnology,3100000.0,operating,USA,1,
Invenra,Biotechnology,8217640.0,operating,USA,4,382.0
Invenshure,Incubators|Medical Devices|Therapeutics,3560245.0,operating,USA,3,347.0
inVentiv Health,Clinical Trials|Health and Wellness|Health Care|Pharmaceuticals,475000000.0,operating,USA,1,
Inverness Medical Innovations,Health Care|Health Diagnostics,163400000.0,ipo,USA,2,3207.0
Investicare,Biotechnology,216406.0,operating,CAN,1,
Invictus Medical,Biotechnology,4280000.0,operating,USA,2,501.0
Invictus Oncology,Biotechnology,1880000.0,operating,IND,1,878.0
Inviragen,Biotechnology,15000000.0,acquired,USA,1,
Invisalert Solutions,Communications Infrastructure|Health Care|Mobile Commerce,200000.0,operating,USA,1,
Invisible Sentinel,Biotechnology|Health Diagnostics,10025000.0,operating,USA,3,1181.0
InvisionHeart,Health Care|Medical|Medical Devices,3812244.0,operating,USA,3,
Invitae,Biotechnology,195502111.0,ipo,USA,5,-473.0
InvivoSciences,Biotechnology,700000.0,operating,USA,1,5406.0
Invo Bioscience,Biotechnology,545000.0,operating,USA,1,
InvoTek,Biotechnology|Medical,0.0,operating,USA,1,6775.0
Invoy Technologies,Biotechnology,898000.0,operating,USA,1,1459.0
Invuity,Health Care,96200000.0,ipo,USA,5,2373.0
Io Therapeutics,Biotechnology,443501.0,operating,USA,1,
IOD Incorporated,Biotechnology,35000000.0,acquired,USA,1,5307.0
ioGenetics,Biotechnology,1153983.0,operating,USA,1,5115.0
Iomai Corporation,Biotechnology,54000000.0,acquired,USA,1,2193.0
Ion Healthcare,Biotechnology,200249935.0,operating,USA,2,-23.0
Ion Torrent,Biotechnology,59864364.0,acquired,USA,2,
Ionia Pharmacy,Biotechnology,900000.0,operating,USA,3,643.0
Ionix Medical,Biotechnology,18333503.0,operating,USA,1,3184.0
Ionix Pharmaceuticals,Health Care|Medical|Pharmaceuticals,15900000.0,acquired,GBR,1,928.0
Iono Pharma,Health Care|Pharmaceuticals,20000.0,operating,USA,1,
Ioptima,Medical Devices,7200000.0,operating,ISR,1,5077.0
Iowa Approach,Medical Devices,1675080.0,operating,USA,1,1104.0
IPG,Health Care,35400000.0,operating,USA,2,2248.0
iPierian,Biotechnology,74170000.0,acquired,USA,4,919.0
IPM Safety Services,Biotechnology,1000000.0,operating,USA,1,2307.0
iPractice Healthcare Consultants,Medical,1700000.0,operating,USA,1,311.0
iPS Academia Japan,Biotechnology|Clinical Trials|Life Sciences,11910020.0,operating,JPN,1,2438.0
Ipsat Therapies,Biotechnology,12700000.0,operating,FIN,2,2284.0
Inbox Health,Health Care|Payments|SaaS,450000.0,operating,USA,2,-66.0
IQuum,Biotechnology,1000000.0,acquired,USA,1,
iRhythm Technologies,Biotechnology,133171781.0,operating,USA,11,403.0
IRI,Analytics|Digital Media|Health Care|Price Comparison|Promotional|Retail|Sales and Marketing|Social Media,0.0,operating,USA,1,11778.0
Iristrace,Enterprise Software|Health Care Information Technology|Hospitality|Internet|Retail Technology,375976.0,operating,NLD,4,1309.0
IROA Technologies,Biotechnology,700000.0,operating,USA,1,111.0
Iroko Pharmaceuticals,Biotechnology,75000000.0,operating,USA,1,2516.0
Ironwood Pharmaceuticals,Health Care,459000000.0,ipo,USA,8,365.0
IRX Therapeutics,Biotechnology,92440106.0,operating,USA,6,
Isarna Therapeutics GmbH,Biotechnology,95217403.0,operating,DEU,7,2311.0
Ischemia Care,Medical Devices,5761969.0,operating,USA,8,365.0
Ischemix,Clinical Trials|Life Sciences|Medical,6600000.0,operating,USA,1,
iScience Interventional,Biotechnology,36682695.0,operating,USA,5,3777.0
iScreen Vision,Health Care,10443323.0,operating,USA,9,715.0
iSeniorSolutions.com,Elder Care|Health Care|Senior Health,1000000.0,operating,,2,-1133.0
Isentio,Biotechnology,1500000.0,operating,USA,1,2207.0
ISI Life Sciences,Biotechnology,354125.0,operating,USA,1,843.0
iSirona,Biotechnology,1500000.0,operating,USA,1,1031.0
Isis Pharmaceuticals,Biotechnology,212250000.0,ipo,USA,2,8639.0
Islet Sciences,Biotechnology,695000.0,operating,USA,1,1516.0
Isogenica,Biotechnology,0.0,operating,GBR,1,4716.0
Isolation Sciences,Biotechnology,212000.0,operating,USA,3,546.0
IsoPlexis,Biotechnology,4000000.0,operating,USA,4,886.0
Isowalk,Biotechnology,250000.0,operating,,1,1012.0
iSpecimen,Biotechnology,10000000.0,operating,USA,2,1364.0
iSRAT MD,Consulting|Health Care|Health Care Information Technology|Medical,0.0,operating,USA,2,30.0
iSTAR Medical,Health Care,5146400.0,operating,BEL,1,1420.0
Isto Technologies,Biotechnology,29947298.0,operating,USA,6,3866.0
Itamar Medical,Medical Devices,28400000.0,operating,ISR,1,6447.0
ITC,Biotechnology,72500000.0,operating,USA,1,15296.0
"iTel Companies, Inc.",Health Care Information Technology|Software|Telecommunications,927894.0,operating,USA,1,3604.0
iThera Medical,Biotechnology,0.0,operating,DEU,1,691.0
iTherX,Biotechnology,5953595.0,operating,USA,2,6707.0
ITI Tech,EdTech|Education|Medical Professionals,200000.0,operating,USA,2,397.0
iTiffin,Health Care,1000000.0,operating,IND,1,604.0
IV Diagnostics,Biotechnology,1187674.0,operating,USA,2,-111.0
Ivaldi,Medical,0.0,operating,USA,1,430.0
iVeena,Biotechnology,1300000.0,operating,USA,1,3554.0
Ivenix,Medical Devices,42000000.0,operating,USA,1,3165.0
Ivera Medical,Biotechnology,4064891.0,acquired,USA,2,
Iverson Genetic Diagnostics,Biotechnology|Health Diagnostics,676000.0,operating,USA,4,1128.0
IVFXPERT,Health Care,250000.0,operating,,1,287.0
Ivivi Health Sciences,Health Care,9500000.0,operating,USA,1,
Ivivi Technologies,Health Care,2500000.0,operating,USA,1,
Ixchelsis,Biotechnology,0.0,operating,GBR,1,
Izeos,Health Care,1313111.0,acquired,FRA,1,
iZumi Bio,Biotechnology,20000000.0,acquired,USA,1,834.0
Izun Pharmaceuticals,Biotechnology,5203051.0,operating,USA,2,4553.0
J. Craig Venter Institute,Biotechnology,27400000.0,operating,USA,2,2544.0
J2D BioMedical,Health Care,1125007.0,operating,USA,1,
Jaanuu,E-Commerce|Fashion|Health Care|Technology,0.0,operating,USA,1,1030.0
JADE Healthcare Group,Fitness|Medical Devices,30000.0,operating,USA,1,
Jaleva Pharmaceuticals,Biotechnology,454462.0,operating,USA,1,
Jan Medical,Health Care,3470147.0,operating,USA,1,
Janus Biotherapeutics,Biotechnology,1600000.0,operating,USA,2,439.0
Jazz Pharmaceuticals,Biotechnology|Health Care,376999998.0,ipo,USA,3,448.0
JB Therapeutics,Biotechnology,662000.0,operating,USA,1,
JDP Therapeutics,Biotechnology,675000.0,operating,USA,3,1015.0
JDS Pharmaceuticals LLC.,Health Care|Medical|Pharmaceuticals,62000000.0,acquired,,1,
Jeeri Neotech International,Biotechnology|Health Diagnostics,12412832.0,operating,USA,2,9608.0
Jennerex Biotherapeutics,Biotechnology,46050006.0,operating,USA,5,
JHL Biotech,Biotechnology,80600000.0,operating,CHN,2,900.0
JibeHealth,FinTech|Health and Insurance|Healthcare Services|Insurance|Medical,500000.0,operating,USA,1,1273.0
Jiff,Health and Insurance|Health and Wellness|Internet|iPad|Medical|Mobile|Tablets|Wearables,50100000.0,operating,USA,4,-31.0
JJ PHARMA,Biotechnology,255002.0,operating,USA,1,
JLC Veterinary Service,Medical,0.0,operating,USA,1,75.0
JMEA,Biotechnology,189704.0,operating,USA,1,3640.0
Joey Medical,Health Care,130000.0,operating,USA,1,2430.0
Jolt Athletics,Electronics|Health Care|Sporting Goods,130000.0,operating,,1,370.0
Jounce Therapeutics,Biotechnology,103000000.0,operating,USA,2,44.0
JourneyPure,Biotechnology,3906450.0,operating,USA,4,132.0
Joyable,Health Care,10100000.0,operating,USA,2,441.0
Juneau Biosciences,Biotechnology|Health Diagnostics,7886000.0,operating,USA,5,816.0
Juniper Medical,Health Care,7500000.0,operating,USA,1,
Juno Therapeutics,Biotechnology|Health and Wellness|Health Care,1159803496.0,ipo,USA,4,336.0
JuroJinX,Biotechnology|Consumer Goods|Diabetes|Health and Wellness,100000.0,operating,CHE,1,0.0
Just. Biotherapeutics,Biotechnology,15000000.0,operating,USA,1,628.0
JustRight Surgical,Biotechnology|Hardware,21256123.0,operating,USA,4,410.0
Juvaris BioTherapeutics,Biotechnology,63130000.0,operating,USA,5,
Juvent Regenerative Technologies Corporation,Health Care|Medical|Technology,1335000.0,operating,USA,1,
Juventas Therapeutics,Biotechnology,41000000.0,operating,USA,4,638.0
JYMS,Fitness|Health and Wellness|Health Care,500000.0,operating,USA,1,66.0
K & B Surgical Center,Health and Wellness|Health Care|Healthcare Services,500000.0,operating,USA,1,
K-PAX Pharmaceuticals,Biotechnology,1760000.0,operating,USA,2,
K Spine,Health and Wellness|Health Care|Medical Devices,5024796.0,operating,USA,2,
K2M,Health Care|Medical Devices,40000000.0,ipo,USA,1,
K94 Discoveries,Biotechnology,300000.0,operating,,1,
Kadho Inc.,EdTech|Education|Entertainment|Health Care|Kids|Sports|Video Games,0.0,operating,USA,2,1.0
Kadmon,Biotechnology,21269220.0,operating,USA,3,554.0
Kadmus Pharmaceuticals,Biotechnology,15600000.0,operating,USA,2,
KAHR medical,Biotechnology,4950000.0,operating,ISR,2,2717.0
KAI Pharmaceuticals,Biotechnology|Medical,52000000.0,acquired,USA,2,
Kaiima,Biotechnology,83000000.0,operating,ISR,2,1920.0
Kailos Genetics,Biotechnology,1900000.0,operating,USA,1,703.0
Kaiser Permanente,Biotechnology|Health Diagnostics,7400000.0,operating,USA,1,25418.0
Kala Pharmaceuticals,Biotechnology,53243204.0,operating,USA,6,357.0
kaleo,Biotechnology,165000000.0,operating,USA,2,879.0
KalGene Pharmaceuticals,Bio-Pharm|Medical|Pharmaceuticals,1500000.0,operating,CAN,1,
Kalidex Pharmaceuticals,Biotechnology,15000626.0,operating,USA,3,
Kalila Medical,Health Care,0.0,operating,USA,1,1565.0
Kalion,Biotechnology|Chemicals|Startups,0.0,operating,USA,2,792.0
KaloBios Pharmaceuticals,Biotechnology|Health Care,73000000.0,ipo,USA,5,904.0
Kalos Therapeutics,Biotechnology,19999.0,operating,USA,1,2964.0
KalVista Pharmaceuticals,Biotechnology,46207305.0,operating,GBR,2,
Kalypsys,Biotechnology|Medical|Therapeutics,129000000.0,operating,,2,
Kalypto Medical,Health Care,8375000.0,operating,USA,1,1432.0
Kalyra Pharmaceuticals,Biotechnology,6000000.0,operating,USA,1,598.0
Kanarit Music Ltd.,Health Care|Music,0.0,operating,ISR,1,187.0
Kanchufang,Health and Wellness|Health Care|Medical|Real Time,0.0,operating,CHN,1,
Kane Biotech,Biotechnology,42467.0,operating,CAN,1,3044.0
Kaneq Bioscience,Biotechnology,0.0,operating,CAN,1,
Kang Hui Medical Instrument,Health Care|Medical,58470000.0,operating,CHN,4,3468.0
KannaLife Sciences,Biotechnology|Cannabis|Pharmaceuticals,1500000.0,operating,USA,2,940.0
Kanyos Bio,Biotechnology,16409144.0,operating,USA,2,162.0
Kareo,Cloud Computing|Health Care Information Technology|Medical|Software|Startups,151299999.0,operating,USA,10,449.0
Karify,Health Care|Health Care Information Technology|Healthcare Services,0.0,operating,NLD,1,161.0
Karmanos Cancer Institute,Diagnostics|Medical|Services,5300000.0,operating,USA,1,
Karuna Pharmaceuticals,Biotechnology,600000.0,operating,USA,1,889.0
Karus Therapeutics,Biotechnology,7600000.0,operating,GBR,1,2805.0
Karyopharm Therapeutics,Biotechnology|Health Care,248700000.0,ipo,USA,7,
Kavalia,Biotechnology,215000.0,operating,USA,1,1226.0
KBI Biopharma,Biotechnology,9600000.0,operating,USA,1,5013.0
KE Diet,Fitness|Medical,1600000.0,operating,USA,1,1400.0
Keclon,Biotechnology,0.0,operating,ARG,1,443.0
KeepVision,Big Data Analytics|Developer APIs|Health Care Information Technology|Health Diagnostics|Kids|mHealth,30000.0,operating,ARE,1,31.0
KellBenx,Biotechnology,13500000.0,operating,USA,3,475.0
Keller Medical,Biotechnology,400000.0,operating,USA,1,81.0
Kemeta,Biotechnology,0.0,operating,USA,1,
KemPharm,Biotechnology,75103391.0,ipo,USA,5,1334.0
Kenta Biotech,Biotechnology,10000000.0,operating,CHE,1,
Keona Health,Health Care,2525000.0,operating,USA,1,1185.0
Keraderm,Biotechnology,3169200.0,operating,USA,3,
KeraFAST,Biotechnology,2988252.0,operating,USA,1,
KeraNetics,Biotechnology,10518225.0,operating,USA,3,909.0
Keraplast Technologies,Biotechnology,4871149.0,operating,USA,2,4552.0
Kerecis,Medical Devices,4000000.0,operating,ISL,4,369.0
Kereos,Biotechnology,7689954.0,operating,USA,3,3818.0
KeriCure,Biotechnology,800000.0,operating,USA,1,891.0
Kesios Therapeutics,Healthcare Services|Medical|Therapeutics,31569703.9060323,operating,GBR,2,1011.0
KEW Group,Biotechnology,32868505.0,operating,USA,2,1862.0
Key Health Institute of Edmond,Health Care,100000.0,operating,USA,1,158.0
Keystone Heart,Health and Wellness|Health Care|Medical|Medical Devices,14000000.0,operating,ISR,1,3787.0
KFx Medical,Health Care,23035500.0,operating,USA,6,
Kiadis Pharma,Biotechnology,32999146.3112603,operating,NLD,2,
KidsLink,Apps|Cloud Data Services|Health Care|Parenting|Sales and Marketing|Social Media,1200000.0,operating,USA,2,0.0
KiloBaser,Biotechnology,0.0,operating,AUT,2,
KINAXO Biotechnologies,Biotechnology,0.0,acquired,DEU,1,
Kindara,Apps|Consumer Electronics|Health Care|Medical|Mobile,6925000.0,operating,USA,6,670.0
KinDex Therapeutics,Biotechnology,5500000.0,operating,USA,1,2258.0
Kindred Biosciences,Biotechnology|Health Care,6309755.0,ipo,USA,2,323.0
Kindstar Global (Beijing) Medicine Technology,Medical,31000000.0,operating,,3,
KineMed,Health Care,35886875.0,operating,USA,6,2405.0
Kinestica,Health Care,0.0,operating,SVN,1,2237.0
Kineta,Biotechnology,11171910.0,operating,USA,7,768.0
Kinex Pharmaceuticals,Biotechnology,102149580.0,operating,USA,6,2225.0
Kinnser Software,Health Care|Software|Web Tools,40000000.0,operating,USA,1,3372.0
KIP Biotech,Biotechnology,1250000.0,operating,USA,2,
Kips Bay Medical,Health Care,4000000.0,ipo,USA,3,
Kipu Systems,Cloud Infrastructure|Diagnostics|Medical,0.0,operating,USA,1,300.0
Kirax,Biotechnology,540760.0,operating,USA,1,2811.0
Kirkland Partners,Biotechnology,7476000.0,operating,USA,1,
Kit Check,Enterprise Software|Health Care Information Technology,22470400.0,operating,USA,3,580.0
Kite Pharma,Biotechnology,85250000.0,ipo,USA,4,797.0
KIYATEC,Biotechnology,180000.0,operating,USA,2,2699.0
Kizora Software,Health Care,100000.0,operating,IND,1,1707.0
Kjaya Medical,Health Care|Medical|Software,792560.0,operating,USA,1,
Klara,Apps|Health Care|Health Care Information Technology|Mobile Health,2500000.0,operating,USA,2,573.0
KleenResource,Biotechnology|Health Services Industry|Medical,0.0,operating,USA,1,-266.0
klinify,Cloud Computing|Health and Wellness|Health Care|Mobile,644000.0,operating,SGP,3,302.0
Knight Therapeutics,Biotechnology,180000000.0,ipo,CAN,1,
KnipBio,Biotechnology|Clean Technology|Nutrition,1635523.0,operating,USA,2,301.0
Knome,Biotechnology,28800000.0,acquired,USA,4,1218.0
Koatum,Medical|Medical Devices|Startups,68312.0,operating,LVA,1,180.0
Kodu Care,Health Care,35000.0,operating,USA,1,31.0
Kolltan Pharmaceuticals,Biotechnology,146000000.0,operating,USA,6,577.0
Kona Medical,Health Care|Medical|Therapeutics,73657688.0,operating,USA,7,487.0
KeyIn,Architecture|Construction|Health Care|Manufacturing|Market Research|Medical Devices|Reviews and Recommendations|Simulation,160000.0,operating,,3,144.0
Kony,Android|Application Platforms|App Marketing|Banking|Brand Marketing|CRM|Enterprise Application|Enterprise Software|Field Support Services|Finance|Financial Services|Health Care|Hospitality|iOS|Manufacturing|Media|Mobile|Mobile Commerce|Mobility|Retail|Sales and Marketing|Software|Travel,103400000.0,operating,USA,6,1478.0
Koronis Pharmaceuticals,Biotechnology,21055000.0,operating,USA,3,
Kosan Biosciences,Biotechnology,3000000.0,acquired,USA,1,4217.0
Kosmos Biotherapeutics,Biotechnology,319000000.0,operating,USA,1,
KPS Life Sciences,Diagnostics|Medical|Services,0.0,operating,DEU,1,3344.0
Kreatech Diagnostics,Biotechnology|Health Diagnostics,5700000.0,acquired,NLD,2,
Kriser's Natural,Health and Wellness|Health Care|Pets|Service Providers,0.0,operating,USA,1,3363.0
Krishidhan Seeds,Biotechnology,30000000.0,operating,IND,1,
Kromatid,Biotechnology,50000.0,operating,USA,1,2444.0
Kuehnle Agrosystems,Biotechnology,2566308.0,operating,USA,5,1116.0
Kuli Kuli,Health Care|Nutrition|Startups,350000.0,operating,USA,1,1030.0
KUN RUN Biotechnology,Biotechnology,8000000.0,operating,CHN,1,
Kunshan RiboQuark Pharmaceutical Technology,Biotechnology,7446285.0,operating,CHN,1,743.0
Kura Oncology,Bio-Pharm|Health and Wellness|Medical|Pharmaceuticals,60000000.0,operating,USA,1,
Kurobe Pharmaceuticals,Biotechnology,5000000.0,operating,USA,1,520.0
Kuros Biosurgery,Biotechnology,30105774.8181149,operating,CHE,4,1827.0
Kurve Technology,Health Care,2638581.0,operating,USA,3,3139.0
Lumara Health,Biotechnology,265100006.0,acquired,USA,4,
Kyma Medical Technologies,Health Care|Health Care Information Technology,10000000.0,acquired,ISR,1,2106.0
Kymab,Biotechnology,120400000.0,operating,GBR,3,557.0
Kypha,Biotechnology,7154375.0,operating,USA,6,1113.0
Kyron,Analytics|Big Data|Health Care,3000000.0,operating,USA,1,161.0
Kyruus,Analytics|Health Care|Physicians,58250000.0,operating,USA,5,516.0
Kytera,Health and Wellness|Health Care,0.0,operating,ISR,1,248.0
Kythera Biopharmaceuticals,Biotechnology|Health Care,98400000.0,acquired,USA,4,46.0
KYTOSAN USA,Agriculture|Industrial|Medical|Waste Management,350000.0,operating,USA,1,89.0
La jolla Pharmaceutical,Biotechnology,22939713.0,ipo,USA,2,
La Lumiere,Beauty|Cosmetics|Cosmetic Surgery|Health Care|Product Development Services,20000000.0,operating,USA,1,
Lab Automate Technologies,Biotechnology|Chemicals|Pharmaceuticals,50000.0,operating,,1,
Lab Sensor Solutions,Health Care,345000.0,operating,USA,2,415.0
Lab21,Biotechnology|Health Diagnostics,837800.0,operating,GBR,1,2125.0
Lab7 Systems,Biotechnology,710000.0,operating,USA,2,166.0
Labcyte,Biotechnology,22496000.0,operating,USA,3,3233.0
LabNow,Biotechnology,35388350.0,operating,USA,4,
Labochema,Biotechnology,0.0,operating,LTU,1,
LABOMAR,Biotechnology,6903050.0,operating,BRA,1,
Laboratoire M2,Distributors|Health Care|Innovation Management,1098478.0,operating,,1,
Laboratoires Nutrition & Cardiometabolisme,Health Care,4603550.0,operating,FRA,1,
Laboratory Partners,Biotechnology,29000000.0,operating,USA,3,
LabRoots,Biotechnology|Employment|Life Sciences|Networking|Social Network Media,25000.0,operating,USA,1,297.0
Labrys Biologics,Biotechnology,45588234.0,acquired,,2,
Labs on the Go,Health Care|Medical,350000.0,operating,USA,1,-5.0
LabsAdvisor,Health Care,183000.0,operating,IND,1,231.0
Lagniappe Health,Biotechnology,7865646.0,operating,USA,1,983.0
Lakeside Speech Language and Learning,Medical,0.0,operating,USA,1,890.0
Lakewood Amedex,Biotechnology,5500000.0,operating,USA,1,3090.0
Lamellar Biomedical,Biotechnology,5301059.0,operating,GBR,1,
Lanthio Pharma,Biotechnology,11121112.0,acquired,NLD,2,
Lanx,Biotechnology,16556606.0,acquired,USA,4,2396.0
Larada Sciences,Biotechnology,2629349.0,operating,USA,3,1318.0
LaraPharm,Biotechnology,1500000.0,operating,ISR,1,
LaserGen,Biotechnology|Health Diagnostics,5000000.0,operating,USA,1,
LaserLeap,Biotechnology,0.0,operating,PRT,1,731.0
Lathrop PARC Redwood City,Biotechnology,10327000.0,operating,USA,2,166.0
Lattis Surgical,Medical|Medical Devices|Therapeutics,250000.0,operating,USA,1,554.0
LaunchCyte,Biotechnology,2214990.0,operating,USA,3,585.0
Laurantis Pharma,Biotechnology,7094556.0,operating,FIN,1,
LayerBio,Biotechnology,410000.0,operating,USA,2,546.0
Lazarus Effect,Health Care|Medical|Medical Devices,5000000.0,acquired,USA,1,
LCM Technologies,Biotechnology,0.0,operating,USA,1,2997.0
LDR Holding,Health and Wellness|Health Care,34722866.0,ipo,USA,2,1351.0
LEAGUE,Consumers|Health and Wellness|Health Care|Software,4000000.0,operating,CAN,1,153.0
Leap Medical,Biotechnology,1010000.0,operating,CAN,1,
Leap4Life Global,Fitness|Health and Wellness|Health Care,1800000.0,operating,USA,1,71.0
"Learn to Live, Inc.",Health Care|Psychology,1185287.0,operating,USA,2,1326.0
Learning To Sleep,Healthcare Services|Medical|Self Development,310000.0,operating,SWE,2,485.0
LED Medical Diagnostics,Biotechnology,499196.0,operating,CAN,1,4450.0
Leixir,Dental|Health Care|Information Technology|Manufacturing|Services,10000000.0,operating,,2,
Lekar.sk,Health Care Information Technology,0.0,acquired,SVK,1,0.0
LensAR,Health Care,169521818.0,acquired,USA,11,2009.0
lensgen,Health Care,4249995.0,operating,USA,4,397.0
LensX Lasers,Health Care,22360000.0,acquired,USA,1,
Lensza,Eyewear|Health Care|Internet,0.0,operating,IDN,1,
Lenticular Research Group,Biotechnology,330000.0,operating,USA,1,4240.0
Lentigen,Biotechnology,1200000.0,operating,USA,1,
Leonardo Biosystems,Biotechnology,2500000.0,operating,USA,2,
Leptos Biomedical,Bio-Pharm|Medical Devices|Therapeutics,20000000.0,operating,USA,1,
Leto Solutions,Medical Devices,71300.0,operating,USA,1,974.0
Leukocare,Biotechnology,0.0,operating,DEU,1,4585.0
LeukoDx,Biotechnology|Health and Wellness|Medical,9342000.0,operating,USA,5,625.0
Lev Pharmaceuticals,Biotechnology,41000000.0,acquired,USA,2,1391.0
Leversense,Biotechnology,659000.0,operating,USA,2,193.0
Levicept,Biotechnology,19913173.0,operating,GBR,2,1010.0
Levin Pharma,Medical,0.0,operating,USA,1,44.0
Leviticus Cardio,Medical Devices,1500000.0,operating,ISR,1,2659.0
Lewis and Clark Pharmaceuticals,Biotechnology,475000.0,operating,USA,2,324.0
Lexicon Pharmaceuticals,Biotechnology,244702780.0,ipo,USA,4,5552.0
Liberty Dialysis,Health and Wellness|Healthcare Services|Medical,339959044.0,acquired,USA,2,
Life Care Medical Devices,Health Care,600000.0,operating,USA,1,844.0
Life Detection Systems,Baby Safety|Health Care|Medical Devices,0.0,operating,USA,1,530.0
Life Recovery Systems,Biotechnology,640000.0,operating,,1,
LIFE SPAN labs,Medical,0.0,operating,USA,1,2373.0
LifeBEAM,Biotechnology|Fitness|Health Care,2700000.0,operating,ISR,1,1263.0
LifeBio,Consumer Internet|Health Care|Senior Health,80000.0,operating,USA,1,2191.0
LifeBond Ltd.,Biotechnology,55000000.0,operating,ISR,3,884.0
Lifecode,Biotechnology,20500000.0,operating,USA,1,1510.0
LifeGuard Games,Games|Gamification|Health Care|Mobile,312500.0,operating,USA,3,212.0
Lifeguard Health Networks,Health Care|Information Technology|Mobile|Mobile Health,2650000.0,operating,USA,2,820.0
lifeIMAGE,Health Care,62669579.0,operating,USA,10,520.0
Lifeline Biotechnologies,Health Care Information Technology|Health Diagnostics|Medical,200000.0,operating,USA,1,10527.0
Xcode Life Sciences,Biotechnology|Diabetes,200000.0,operating,IND,1,1302.0
"LifeMap Solutions, Inc.",Big Data|Health and Wellness|Health Care,5000000.0,operating,USA,1,127.0
LifeMasters Supported SelfCare,Health Care|Healthcare Services|Hospitals,15000000.0,acquired,USA,1,
Lifeshare Technologies,Biotechnology,625000.0,operating,USA,2,1510.0
Lifespeed,Health Care Information Technology,845000.0,operating,USA,2,97.0
Lifestyle Air,Medical,0.0,operating,USA,2,399.0
Lifetrack Medical Systems,Health Care,0.0,operating,PHL,1,
LifeWave,Biotechnology,618178.0,operating,USA,1,5113.0
Ligand Pharmaceuticals,Biotechnology,225000000.0,ipo,USA,1,10087.0
Ligandal,Biotechnology|Nanotechnology,64000.0,operating,USA,1,-1083.0
Light Sciences Oncology,Biotechnology|Health and Wellness|Health Care,179961674.0,operating,USA,8,4301.0
Lightpoint Medical,Health Care,8719016.92197002,operating,GBR,5,541.0
Lightspeed Genomics,Biotechnology|Health Diagnostics,5082474.0,operating,USA,1,2453.0
LigoCyte Pharmaceuticals,Biotechnology,43562640.0,acquired,USA,4,4243.0
Ligon Discovery,Biotechnology,1500000.0,operating,USA,2,
Lilianna Spinal Solutions,Medical,50000.0,operating,USA,1,177.0
Limelight Health,Health and Insurance|Health Care|Insurance|SaaS,3000000.0,operating,USA,2,288.0
Limestone Labs,Electronics|Health Care|Hospitals,20000.0,operating,USA,1,400.0
Lince Labs - Amniofilm,Biotechnology,40000.0,operating,CHL,1,
Lincor Solutions,Education|Health and Wellness|Health Care|Medical|Software,12500000.0,operating,IRL,2,3722.0
LindaCare,Health Care,1600332.8692368,operating,BEL,1,
Lindsey Shell,Medical,0.0,operating,USA,1,-92.0
Lineagen,Biotechnology,60964064.0,operating,USA,7,2556.0
Linkage Biosciences,Biotechnology|Health Diagnostics,12643228.0,operating,USA,7,
LinkPad Inc.,Energy Efficiency|Energy Management|Hardware + Software|Health and Wellness|Health Care|Home Automation|Medication Adherence|Security|Smart Grid,100000.0,operating,USA,1,157.0
Linkyt,Beauty|Health and Wellness|Health Care|Startups,0.0,operating,KOR,1,1000.0
LionsGate Technologies (LGTmedical),Health Care,2000000.0,operating,CAN,1,
Lipella Pharmaceuticals,Biotechnology,611424.0,operating,USA,3,
LiPlasome Pharma,Biotechnology,8010000.0,operating,DNK,1,
Lipocalyx,Biotechnology,0.0,operating,,1,
LipoScience,Biotechnology|Health Diagnostics,15000000.0,acquired,USA,1,
LipoSonix,Biotechnology,37935003.0,acquired,USA,3,1379.0
Litesprite,Analytics|Big Data|Games|Health and Wellness|Health Care|Mobile Games,100000.0,operating,USA,1,573.0
Lithera,Biotechnology,35300000.0,operating,USA,3,2179.0
Lithotripsy of Northern Indiana,Fitness|Health and Wellness|Health Care,470400.0,operating,USA,4,3850.0
Little River Healthcare,Beauty|Health Care|Medical,36800000.0,operating,USA,1,
LiveLeaf,Biotechnology,6100000.0,operating,USA,2,2079.0
Liventa Bioscience,Biotechnology,2633332.0,operating,USA,4,2096.0
LiveProcess Corp.,Health Care|Hospitals|Mobile Emergency&Health|Software,5236176.0,operating,USA,2,1583.0
Living Cell Technologies,Biotechnology,6278203.0,ipo,NZL,2,
Living Independently Group,Assisted Living|Elder Care|Health Care,8498347.0,operating,USA,1,2446.0
Living Proof,Biotechnology,53000000.0,operating,USA,3,1698.0
Livongo Health,Fitness|Health and Wellness|Health Care|Health Care Information Technology,30000000.0,operating,USA,2,0.0
Lixte Biotechnology Holdings,Biotechnology,1787500.0,ipo,USA,1,
LKC Technologies,Diagnostics|Medical Devices|Sensors,2165587.0,operating,USA,1,
LMI-Vet,Biotechnology|Veterinary,0.0,operating,USA,1,247.0
Locus Pharmaceuticals,Biotechnology,56883875.0,operating,USA,3,3238.0
Logical Therapeutics,Biotechnology,79437580.0,operating,USA,3,893.0
LogicNets,Customer Support Tools|Field Support Services|Health Care Information Technology|Health Diagnostics|Industrial Automation|SaaS|Software|Tech Field Support,3000000.0,operating,USA,1,3889.0
LogicSource,Health Care|Insurance|Outsourcing|Retail,26472057.0,operating,USA,4,296.0
Lonestar Heart,Biotechnology,47118258.0,operating,USA,5,-163.0
Longevity Biotech,Biotechnology,520000.0,operating,USA,2,466.0
LOON Lab,Health Care|Healthcare Services|Medical,56000.0,operating,USA,1,
Lophius Biosciences,Biotechnology|Health Diagnostics,7331039.0,operating,DEU,4,
Loto Labs,Cannabis|Consumer Electronics|Medical Devices,225889.0,operating,USA,1,0.0
Lotus Tissue Repair,Biotechnology,26000000.0,operating,USA,1,
Love Warrior Wellness Collective,Medical,0.0,operating,USA,1,-7.0
Loxo Oncology,Biotechnology,57000000.0,ipo,USA,2,275.0
LPATH,Biotechnology,29912221.0,ipo,USA,3,
LQ3 Pharmaceuticals,Biotechnology,10000000.0,operating,USA,1,617.0
LS Plasma,Biotechnology,5000.0,operating,USA,1,-92.0
LS9,Biotechnology,75000000.0,acquired,USA,4,789.0
LUBB-TEX,Biotechnology,4100000.0,operating,USA,1,
Lucent Health Solutions,Health and Wellness|Health Care|Medical|Risk Management,13500000.0,operating,USA,1,288.0
Lucidity (MemberRx),Data Security|Health Care|Health Care Information Technology,0.0,operating,USA,1,93.0
Lucidux,Health Care,250000.0,operating,USA,1,
Lucigen,Biotechnology,1950000.0,operating,USA,1,6221.0
Ludesi,Biotechnology,3438286.0,operating,SWE,1,
LumaCyte,Biotechnology|Medical,1364640.0,operating,USA,3,494.0
Lumavita,Biotechnology,21716216.2162162,operating,CHE,2,
Lumed Science Inc.,Dental|Design|Medical Devices|Product Design,300000.0,operating,USA,1,438.0
Lumen Biomedical,Biotechnology,675000.0,operating,USA,1,2474.0
Lumena Pharmaceuticals,Biotechnology,70550150.0,acquired,USA,3,509.0
Lumend,Health Care|Medical|Medical Devices,23200000.0,acquired,,1,2566.0
Lumenis,Biotechnology|Health Care|Medical,120000000.0,acquired,ISR,1,
Lumenos,Health Care|Insurance|Services,10020000.0,acquired,,1,
Lumense,Biotechnology,3650000.0,operating,USA,2,349.0
Lumiata,Analytics|Big Data Analytics|Medical,10000000.0,operating,USA,2,372.0
Lumicara,Consumer Lending|E-Commerce|Emerging Markets|Health Care,0.0,operating,SGP,2,-17.0
Lumicell,Diagnostics|Medical|Medical Devices,1563572.0,operating,USA,1,2305.0
Lumidigm,Health Care,17199997.0,acquired,USA,3,1555.0
Luminate Health,Health and Wellness|Health Care|SaaS,1000000.0,operating,USA,1,464.0
Luminetx,Health Care,11000000.0,acquired,USA,1,
Luminous Medical,Biotechnology,4438311.0,operating,USA,2,2071.0
LumiThera,Medical Devices,325000.0,operating,USA,1,
Lumora,Biotechnology|Health Diagnostics,2446977.0,operating,GBR,2,
Lumos Pharma,Biotechnology|Health Care|Pharmaceuticals,19500000.0,operating,USA,2,
Luna Innovations,Biotechnology|Hardware + Software,13115002.0,acquired,USA,2,
Lunaphore Technologies,Medical Devices,2093440.0,operating,CHE,1,483.0
Lung Therapeutics,Health Care|Medical|Therapeutics,2568912.0,operating,USA,3,181.0
Lutonix,Health Care|Medical Devices|Pharmaceuticals,10000001.0,acquired,USA,1,
Lux Bio Group,Biotechnology,1480000.0,operating,USA,2,1072.0
Lycera,Biotechnology,74892748.0,operating,USA,4,1220.0
Lyncean Technologies,Biotechnology,5355749.0,operating,USA,4,3417.0
Lift Labs,Hardware + Software|Health Care|Medical,2900000.0,acquired,USA,3,
Lypro Biosciences,Biotechnology,177950.0,operating,USA,1,2440.0
Lyric Pharmaceuticals,Health and Wellness|Health Care|Pharmaceuticals,7814562.0,operating,USA,1,
LYSOGENE,Biotechnology|Medical,22000000.0,operating,FRA,1,1834.0
Lysosomal Therapeutics,Biotechnology,24800000.0,operating,USA,2,
Lytix Biopharma,Biotechnology,10400000.0,operating,NOR,1,
Lyxia,Biotechnology|Renewable Energies,18700000.0,operating,USA,2,339.0
LYZER DIAGNOSTICS,Health Care|Health Diagnostics,1338000.0,operating,USA,1,
Médecins Sans Frontières,Health Care,6300000.0,operating,CHE,1,15977.0
M2G,Biotechnology,1331000.0,operating,USA,1,1878.0
m2p-labs,Biotechnology,768000.0,operating,DEU,3,245.0
M3 Biotechnology,Biotechnology,3500000.0,operating,USA,1,1784.0
MabLyte,Biotechnology,232239.0,operating,GBR,1,119.0
MabVax Therapeutics,Biotechnology,34151008.0,ipo,USA,6,1340.0
MacroCure,Biotechnology,13000000.0,ipo,ISR,2,1186.0
MacroGenics,Biotechnology|Health Care,57016500.0,ipo,USA,2,2328.0
Macrotherapy,Medical,0.0,operating,USA,1,1294.0
MacuCLEAR,Biotechnology,1000000.0,operating,USA,1,
MacuLogix,Health Care,15125297.0,operating,USA,4,3133.0
MadebyMedics,Health Care,0.0,operating,GBR,1,
Madeira Therapeutics,Biotechnology,420000.0,operating,USA,1,
Madison Vaccines,Biotechnology,8000000.0,operating,USA,1,
Madronish Therapeutics,Biotechnology|Medical,0.0,operating,USA,1,144.0
Maestro Health,Health Care,35036612.0,operating,USA,1,952.0
Magellan Bioscience Group,Biotechnology,25000.0,operating,USA,1,5738.0
Magellan Global Health,Biotechnology,50000.0,operating,USA,1,325.0
Magenta Medical,Health Care|Medical|Medical Devices,4000000.0,operating,ISR,1,63.0
Magic Wheels,Biotechnology,285075.0,operating,USA,1,5161.0
Magna Pharmaceuticals,Biotechnology,1005536.0,operating,USA,1,
Magnasense,Health Care,193000.0,operating,,1,-1312.0
Magneceutical Health,Biotechnology|Medical,3890000.0,operating,USA,2,1687.0
Magnetecs,Health Care,16037067.0,operating,USA,6,2555.0
Magnisense,Medical Devices,5826374.05321422,operating,FRA,1,
Magnomics,Medical Devices,300038.0,operating,PRT,1,510.0
Magnus Health,Health Care,100000.0,operating,USA,2,0.0
Magnus Life Science,Biotechnology,24833177.0,operating,GBR,1,644.0
Main Pulze,Assisted Living|Medical,0.0,operating,USA,1,3.0
Mainstay Medical,Health and Wellness|Medical|Medical Devices,35000000.0,ipo,IRL,2,1729.0
MAKO Surgical,Biotechnology|Medical Devices,70100000.0,acquired,USA,3,1132.0
Mammoth Hunters,Health Care,208278.349608516,operating,ESP,1,960.0
ManagingLife,Health and Wellness|Health Care|Health Care Information Technology|mHealth|Mobile|Mobile Health,190000.0,operating,CAN,3,-293.0
Manflu,Health Care,801335.0,operating,GBR,1,
Manipal Acunova,Biotechnology,0.0,operating,IND,1,
MannKind Corporation,Biotechnology|Health Care,200000000.0,ipo,USA,2,
Manodaktaras.lt,Health Care,0.0,operating,LTU,1,0.0
Manyeta,Biotechnology,0.0,operating,CAN,1,4921.0
MAP Pharmaceuticals,Biotechnology|Medical|Pharmaceuticals,50000000.0,acquired,USA,1,1547.0
Marblar,Consumer Goods|Crowdsourcing|Health Care|Intellectual Property|Internet|Technology|Wearables,2600000.0,operating,GBR,2,95.0
Marcadia Biotech,Biotechnology,16000000.0,acquired,USA,2,
Margherita Inventions,Health Care,452550.0,operating,USA,1,
Marina Biotech,Biotechnology,7100000.0,ipo,USA,2,
Marine Life Research,Biotechnology,3000000.0,operating,CAN,1,10703.0
Marinus Pharmaceuticals,Biotechnology,52435690.0,ipo,USA,3,2314.0
Mark Medical,Medical,0.0,operating,USA,1,3466.0
Marrone Bio Innovations,Biotechnology|Chemicals,99150000.0,ipo,USA,6,486.0
Mars Bioimaging,Biotechnology,500000.0,operating,NZL,1,2611.0
Massachusetts Life Sciences Center,Biotechnology,3400000.0,operating,USA,1,
Massive Bio,Health Care Information Technology|Medical,0.0,operating,USA,1,224.0
MassChallenge,Biotechnology|Clean Technology|Entrepreneur|Green|High Tech|Life Sciences|Nonprofits|Startups|Venture Capital,1500000.0,operating,USA,1,2110.0
Materna Medical,Health Care,1025000.0,operating,USA,2,1279.0
Maternova,Health Care|Social Network Media,50000.0,operating,USA,1,1161.0
Mati Therapeutics,Biotechnology,1460000.0,operating,USA,2,470.0
MATINAS BIOPHARMA,Biotechnology,18593751.0,operating,USA,3,867.0
Matone Cooper Mobile Dentistry,Medical,0.0,operating,USA,1,632.0
Matricore,Biotechnology|Engineering Firms|Technology,16227.0,operating,NLD,1,-13.0
Matrix-Bio,Biotechnology,140000.0,operating,USA,1,
MATTER,Health Care,4400000.0,operating,USA,1,322.0
Mature Women's Health Solutions,Health Care|Medical Devices|Women,6000000.0,operating,USA,1,274.0
Mauna Kea,Medical Devices,30000000.0,operating,FRA,1,2944.0
Maven Biotechnologies,Biotechnology|Health Diagnostics,1960000.0,operating,USA,1,
Maven Clinic,Apps|Health and Wellness|Health Care,2200000.0,operating,USA,2,463.0
Maverix Biomics,Biotechnology,6000000.0,operating,USA,1,737.0
Max Endoscopy,Biotechnology,385000.0,operating,USA,3,0.0
Max-Wellness,Health and Wellness|Health Care|Retail,4600000.0,operating,USA,3,584.0
Maxcyte,Biotechnology,13900000.0,operating,USA,3,1909.0
Maxwell Health,Employer Benefits Programs|Health and Insurance|Health Care|Mobile|SaaS|Technology,34400000.0,operating,USA,3,277.0
Maya Medical,Biotechnology|Medical|Technology,6920582.0,acquired,USA,4,195.0
Mayne Pharma,Biotechnology,2705000.0,operating,,1,61280.0
Mayo Clinic Rochester,Biotechnology,18100000.0,operating,USA,2,34595.0
Maysound,Health Care|Medical Devices|Music,552825.0,operating,DNK,1,
MBF Therapeutics,Biotechnology,345000.0,operating,USA,1,
MBio Diagnostics,Biotechnology|Health Diagnostics,8297424.0,operating,USA,2,735.0
MBM Solutions,Geospatial|Information Technology|Medical|Software,30000.0,operating,USA,1,304.0
MBrainTrain,Information Technology|Medical|Services,54782.9135744755,operating,SRB,1,
MC2,Medical,0.0,operating,USA,1,1536.0
McGinley Innovations,Biotechnology,1305000.0,operating,USA,2,297.0
MD Insider,Big Data|Doctors|Enterprise Software|Health Care|Medical,12300000.0,operating,USA,4,31.0
MD Lingo,Health and Wellness|Health Care|Health Care Information Technology|Medical,428.0,operating,,1,505.0
MD On-Line,Biotechnology,12000000.0,operating,USA,1,
MD SolarSciences,Biotechnology,2227004.0,operating,USA,1,895.0
MD.Voice,Health Care|Health Care Information Technology|Mobile Health|Personal Health,60000.0,operating,,1,
mdBriefCase,Medical,0.0,operating,CAN,1,
MDG Medical,Medical,7500000.0,operating,USA,1,1504.0
MDLIVE,Health Care,73600000.0,operating,USA,2,1847.0
MDsave,Curated Web|Health Care,21543780.0,operating,USA,4,-1.0
MDxHealth,Biotechnology|Health Diagnostics,23600000.0,operating,USA,1,3828.0
Measurement Analytics,Medical,0.0,operating,USA,1,1262.0
MEC Dynamics,Health Care,9549115.0,operating,USA,1,3788.0
Med Access,Biotechnology,10000.0,operating,USA,1,4201.0
Med Condense,Clinical Trials|Medical Professionals|Small and Medium Businesses,0.0,operating,USA,1,2264.0
Medafor,Biotechnology,115000.0,acquired,USA,2,
MedaNext,Medical,0.0,operating,USA,1,541.0
Medaphis Physician Services Corporation,Health Care,0.0,operating,,1,
MEDArchon,Biotechnology,1802640.0,operating,USA,2,488.0
MedArkive,Health Care|Marketing Automation|Publishing,57285.0,operating,GBR,2,424.0
MedAvail,Biotechnology,37082152.0,operating,CAN,2,1838.0
MedAware,Health Care,1000000.0,operating,ISR,1,1005.0
MedAware Systems,Health and Wellness|Health Care|Health Care Information Technology|Medical,1630000.0,operating,USA,3,280.0
Medaxion,Biotechnology,5075806.0,operating,USA,6,948.0
MedBlue,Medical,0.0,operating,USA,1,1137.0
Medbox,Health Care,5230440.0,ipo,USA,4,1969.0
MedCity News,Biotechnology|Health Care|Life Sciences|Media|News,310000.0,operating,USA,2,-16.0
MedClimate,Electronic Health Records|Health and Wellness|Health Care,280000.0,operating,USA,1,365.0
Medcurrent,Health Care|Physicians|Technology,220773.0,operating,CAN,2,-18.0
MedDay,Biotechnology,10468800.0,operating,FRA,1,830.0
"MedDiary, Inc.",Apps|Computers|Health Care|Mobile,250000.0,operating,USA,2,0.0
Meddik,Email|Health and Wellness|Medical|Search|Web Tools,750000.0,operating,USA,1,
Medefer,Medical,0.0,operating,GBR,1,
Medefy,Health and Wellness|Health Care|Software,40000.0,operating,USA,1,
MedEncentive,Health Care,2096674.0,operating,USA,1,3460.0
DailyRounds,Doctors|Health Care|Pharmaceuticals,500000.0,operating,IND,3,202.0
Mederi Therapeutics,Biotechnology,18500000.0,operating,USA,2,
Medesen,Health Care,40000.0,operating,CHL,1,411.0
Medex,Medical Devices,0.0,operating,USA,1,
MedExpress Urgent Care,Biotechnology|Health Care,0.0,acquired,,1,3287.0
Medfusion,Billing|Curated Web|Health and Wellness|Health Care|Medical|Portals|SaaS|Services|Software,3000000.0,acquired,USA,1,
MedGenesis Therapeutix,Biotechnology,5000000.0,operating,CAN,1,
Medgenics,Biotechnology,45626066.0,ipo,ISR,7,538.0
Medgenome Labs,Health Care|Hospitals|Medical,24000000.0,operating,IND,2,519.0
MedHab,Biotechnology|Medical,1076521.0,operating,USA,5,1389.0
Mediaomics,Biotechnology,528336.0,operating,PRT,1,556.0
MediBeacon,Biotechnology,30958000.0,operating,USA,4,731.0
Medic Vision Brain Technologies,Biotechnology,1000000.0,operating,ISR,1,1468.0
Medical Body Sculpting,Health Care Information Technology,6100000.0,operating,USA,1,362.0
Medical Cannabis Payment Solutions,Medical|Payments|Technology,500000.0,ipo,USA,1,
Medical Compression Systems,Medical Devices|Therapeutics,0.0,operating,ISR,1,4748.0
Medical Connections,Biotechnology,51050.0,operating,USA,1,3159.0
Medical Datasoft International,Electronic Health Records|Health Care Information Technology|Physicians,280440.0,operating,USA,1,
Medical Depot,Health Care,115000000.0,operating,USA,1,10873.0
Medical Device Innovations,Biotechnology,701696.0,operating,USA,1,
Medical Device Works,Development Platforms|Medical|Medical Devices,16227.0,operating,,1,
Medical Direct Club,Health Care,7000000.0,operating,USA,3,
Medical Engineering Partners,Medical Devices,250000.0,operating,USA,1,1763.0
Medical Envelope,Health Care|Medical|Services,700000.0,operating,USA,1,
Medical Heights Surgery Center,Health Care,2429294.0,operating,USA,2,8466.0
Medical Imaging Holdings,Diagnostics|Health Care|Medical Devices|Pharmaceuticals,39949628.0,operating,USA,1,
Medical Joyworks,Health Care,40000.0,operating,CHL,1,557.0
Medical Metrx Solutions,Health Care,3500000.0,operating,,1,
Medical Predictive Science Corporation,Bioinformatics|Health Care|Medical Devices,1250000.0,operating,USA,1,
Medical Referral Source,Health Care,1700000.0,operating,USA,1,875.0
Medical Reimbursements of America,Health Care,7500000.0,operating,USA,1,5017.0
Medical Scribe Systems,Health Care|Hospitals|Medical,0.0,operating,USA,1,3796.0
Medical Simulation,Biotechnology,16444273.0,operating,USA,3,1273.0
Medical Technologies International,Biotechnology,475000.0,operating,USA,1,5891.0
MedicaMetrix,Health Care,1631710.0,operating,USA,1,2194.0
Medicast,Health and Wellness|Health Care|mHealth,1940000.0,operating,USA,2,311.0
Medichanical Engineering,Biotechnology|Medical Devices,634306.0,operating,DNK,2,-36.0
Medicina,Biotechnology,9091508.0,operating,GBR,1,
MediciNova,Biotechnology,20000000.0,ipo,USA,1,
Mediclinic International,Health Care|Medical|Medical Professionals,300000000.0,operating,ZAF,1,
Medicrea,Medical Devices,3500000.0,operating,FRA,1,
Medifacts International,Biotechnology,21000000.0,operating,USA,2,
Medifi,Diagnostics|Health Care Information Technology|Hospitals,500000.0,operating,USA,1,226.0
Medify,Health Care,2300000.0,acquired,USA,2,-178.0
MediGain,Health Care,40257500.0,operating,USA,2,4025.0
MEDIGO,Health and Wellness|Health Care|Hospitals|Marketplaces,12222661.0,operating,DEU,3,30.0
Medigram,Android|Group SMS|Health Care Information Technology|iOS|Mobile Health,0.0,operating,USA,1,425.0
MediGuard Technologies,Medical,0.0,operating,USA,1,15.0
Medigus,Health Care,26706296.0,ipo,ISR,4,5048.0
MediHome,Medical,450326.0360501,operating,GBR,1,
MediKeeper,Health Care Information Technology|Software,0.0,operating,USA,1,1748.0
Medikidz,Education|Medical|Publishing,6327003.0,operating,GBR,2,1956.0
Medikoe,Health Care,100000.0,operating,IND,1,
MediLogix,Health Care|Hospitals|Medical Devices,1750000.0,operating,USA,1,1763.0
Medimetrix Solutions Exchange,Biotechnology,2620466.0,operating,USA,3,321.0
medineering,Medical Devices,0.0,operating,DEU,1,
Medingo Medical Solutions,Health Care,27000000.0,acquired,USA,1,
Medioctor,Big Data|Health Care|Health Care Information Technology|Internet|Mobile,120000.0,operating,IND,1,365.0
MediPines Corporation,Health Care|Medical Devices|Technology,563000.0,operating,USA,1,801.0
MediQuest Therapeutics,Biotechnology|Health Care|Therapeutics,43654112.0,operating,USA,4,1626.0
Medirio SA,Medical,0.0,operating,,1,
Medisafe,Cloud Computing|Health Care Information Technology|Mobile|Software,7000000.0,operating,USA,3,-93.0
Medisas,Health Care|Hospitals|SaaS|Software,0.0,operating,USA,2,790.0
MediSens,Biotechnology,3465062.0,operating,USA,3,1184.0
Medisse,Biotechnology,0.0,operating,,1,1440.0
MediStream,Information Services|Information Technology|Medical,0.0,acquired,USA,1,
Medisyn Technologies,Biotechnology,1500000.0,operating,USA,1,2239.0
Medisync Bioservices,Biotechnology,625000.0,operating,USA,1,1688.0
MediTAP,Medical,0.0,operating,USA,1,-78.0
Meditech,Health Care|Healthcare Services|Information Technology|Medical|Software,0.0,operating,USA,1,12462.0
Meditope Biosciences,Biotechnology,3600000.0,operating,USA,1,937.0
"Meditrina Pharmaceuticals, Inc",Biotechnology,4450000.0,operating,USA,2,459.0
Medityplus,Health and Wellness|Health Care|Incentives|Loyalty Programs|Mobile|Software,10000.0,operating,USA,1,604.0
Medivance,Biotechnology,31070000.0,acquired,USA,2,3494.0
Medivie Therapeutics,Dental|Fitness|Health and Wellness|Medical|Medical Devices,870000.0,operating,GBR,1,1126.0
Medivo,Big Data Analytics|Health Care,22745000.0,operating,USA,3,587.0
MediWound,Biotechnology|Hospitals|Medical,18000000.0,ipo,ISR,1,4556.0
Medlanes,Health and Wellness|Medical,0.0,operating,DEU,2,-30.0
Medlert,Health and Wellness|Health Care Information Technology|Transportation,1275388.0,operating,USA,3,365.0
MedLink,Biotechnology,1250000.0,operating,USA,1,12371.0
Medlio,Hardware + Software|Health and Insurance|Health Care|Mobile Payments,250000.0,operating,USA,1,148.0
Medlumics,Health Care,4722200.0,operating,ESP,1,1064.0
MedManage Systems,Health Care,24750000.0,acquired,USA,4,941.0
MedMark Services,Health Care,12000000.0,operating,USA,1,
Medminder,Health Care,1850000.0,operating,USA,2,
Medmira,Health Diagnostics|Medical Devices,3783607.0,ipo,CAN,1,
Medmonk,Health Care,0.0,operating,USA,1,
MEDNAX,Health Care|Medical|Physicians,0.0,ipo,USA,1,5048.0
Activate Networks,Analytics|Health Care,16000000.0,operating,USA,3,0.0
Medocity,Health Care,2250000.0,operating,USA,2,
MEDOP,Biotechnology,2500000.0,operating,USA,1,1969.0
Medotech,Medical Devices,5696202.0,operating,DNK,1,
MEDOVENT,Health Care,0.0,operating,DEU,1,305.0
MedPAC Technologies,Electronic Health Records|Health Care Information Technology|Hospitals,100000.0,operating,USA,1,517.0
MedPageToday,Health Care,2100000.0,acquired,USA,1,
MedPass Health,Health Care,760000.0,operating,USA,1,448.0
Medpike,Fitness|Healthcare Services|Medical,18947.0,operating,COL,1,
MedPilot,Finance Technology|Health Care|Medical|Personal Finance|SaaS,280000.0,operating,USA,1,559.0
MedPlasts,Cosmetic Surgery|Health and Wellness|Medical,0.0,operating,USA,1,-1542.0
MedPlexus,Biotechnology,2486458.0,operating,USA,1,3495.0
MedPod,Health Care,1775000.0,operating,USA,1,973.0
Medprex,Health and Insurance|Health Care|Medical|Physicians|SaaS|Software,150000.0,operating,USA,1,0.0
Medpricer.com,Health Care,5200000.0,operating,USA,2,
MedPro,Biotechnology,25727000.0,operating,USA,2,5729.0
Medrobotics,Biotechnology|Hardware,134300000.0,operating,USA,7,324.0
MedServe,Health Care,8000000.0,acquired,USA,1,
MedSocket,Health Care,1699000.0,operating,USA,7,425.0
MedSolutions,Health Care,300000000.0,operating,USA,1,
Medsonix,Alternative Medicine|Health Care|Medical Devices,0.0,operating,,1,
MedStartr,Automotive|Biotechnology|Crowdfunding|Finance|Health and Wellness|Incubators|Medical Devices|Venture Capital,50000.0,operating,USA,1,98.0
Medstro,Health Care|Physicians|Social Media,200000.0,operating,USA,1,31.0
Medtech SAS,Medical Devices,2002616.0,ipo,FRA,1,
MedTech Solutions,Medical|Medical Devices|Women,750000.0,operating,CAN,1,3074.0
MedTel24,Biotechnology,1259804.0,operating,USA,2,930.0
Medtep,Health and Wellness|Health Care|Health Care Information Technology,2210000.0,operating,USA,3,203.0
MedTest DX,Health Care,0.0,operating,USA,1,138.0
MedTouch,Health Care|Hospitals,2049999.0,operating,USA,1,4193.0
Medtric Biotech,Health Care,100000.0,operating,USA,1,1168.0
Medtrics Lab,Biotechnology,102002.0,operating,USA,1,806.0
MEDtrip,Health Care|Hospitals,500000.0,operating,USA,1,3.0
Meducation,Education|Health Care|Technology,41347.0,operating,,1,2192.0
Medudem,Consulting|Health and Wellness|Health Care|Information Technology,863205.0,operating,CHE,1,1552.0
Medusa Medical Technologies,Biotechnology,4900000.0,operating,CAN,9,1788.0
Medversant,Health Care|Hospitals|Information Services|Information Technology,6350000.0,operating,USA,1,
Medwell Ventures,Health Care|Healthcare Services,10000000.0,operating,IND,1,518.0
MedWhat,Artificial Intelligence|Data Mining|Health and Wellness|Health Care|Medical|Search|Semantic Search,590000.0,operating,USA,3,379.0
Medxnote,Health and Wellness|Health Care|Medical,27000.0,operating,IRL,1,251.0
MedyMatch,Crowdsourcing|Diagnostics|Health Diagnostics|Medical|Medical Devices,0.0,operating,ISR,1,151.0
Medypal,Health Care,400000.0,operating,IND,1,372.0
MedZed,Health Care,3200000.0,operating,USA,1,637.0
MeeDoc,Doctors|Health Care|Video,5346153.0,operating,FIN,2,963.0
MeetDoctor,Doctors|Health and Wellness|Health Care,380000.0,operating,IDN,1,797.0
MEI Pharma,Biotechnology,1113344.0,ipo,USA,1,
MELA Sciences,Health Care,12000000.0,ipo,USA,1,9167.0
Melinta,Biotechnology,282500000.0,operating,USA,7,3312.0
Melior Discovery,Biotechnology,5816599.0,operating,USA,5,
Melior Pharmaceuticals,Biotechnology,375000.0,operating,USA,1,
Mellitus,Medical Devices,708934.0,operating,USA,2,1692.0
MelStevia Inc,Biotechnology|Diabetes,75000.0,operating,USA,2,95.0
MeMed,Health Care|Health Diagnostics,0.0,operating,ISR,3,987.0
Memed,Health Care|Internet|Software,24390.243902439,operating,BRA,3,366.0
Memo Therapeutics,Biotechnology,2300000.0,operating,CHE,1,1298.0
Memobead Technologies,Biotechnology|Health Diagnostics,720000.0,operating,BEL,1,
Memorial Sloan - Kettering Cancer Center,Health Care,90000000.0,operating,USA,1,47486.0
Memory Pharmaceuticals,Biotechnology|Medical Devices|Neuroscience,41000000.0,acquired,USA,2,3185.0
Memvu,Healthcare Services|Life Sciences|Medical,250000.0,operating,USA,2,2206.0
MENA PRESTIGE,Art|Entertainment|Health Care|Media|Technology,200000.0,operating,,1,0.0
Mendel Biotechnology,Agriculture|Biotechnology,20234078.0,acquired,USA,2,3815.0
Menias,Health Care Information Technology|Healthcare Services|Mobile|Mobile Health,0.0,operating,,1,63.0
MenoGeniX,Biotechnology,905000.0,operating,USA,2,942.0
Mentegram,Health Care Information Technology|mHealth,276672.0,operating,SVK,1,483.0
MentiNova,Biotechnology,500000.0,operating,,1,
Mentis Technology,Biotechnology,3000000.0,operating,USA,1,3903.0
Mercator MedSystems,Biotechnology,6500000.0,operating,USA,1,4898.0
Merganser Biotech,Biotechnology,28000000.0,operating,USA,1,1510.0
Meritage Pharma,Biotechnology,58972055.0,acquired,USA,3,167.0
MerLion Pharmaceuticals,Biotechnology,7000000.0,operating,,1,
Merrimack Pharmaceuticals,Biotechnology|Health Care,107440000.0,ipo,USA,5,731.0
Mersana Therapeutics,Biotechnology,110005371.0,operating,USA,6,311.0
Merus,Biotechnology,149330143.0,operating,NLD,3,2585.0
Meryx,Biotechnology,2500000.0,operating,USA,1,913.0
MESI,Health Care|Medical Devices,512415.0,operating,SVN,1,733.0
Mesynthes,Medical,0.0,operating,NZL,1,456.0
Metabolic Solutions Development,Biotechnology,46543600.0,operating,USA,4,
Metabolix,Biotechnology|Chemicals|Clean Technology,31000000.0,ipo,USA,2,7064.0
Metabolomic Diagnostics,Biotechnology|Diagnostics|Health Diagnostics|Medical Devices,1814394.0,operating,,5,909.0
Metabolomx,Biotechnology,1140000.0,operating,USA,1,
Metabolon,Biotechnology|Health Diagnostics,56420551.0,operating,USA,7,1308.0
Metacrine,Biotechnology|Health Care|Medical,36000000.0,operating,USA,1,216.0
Metactive Medical,Medical Devices,2000000.0,operating,USA,1,1514.0
MetaCure,Biotechnology|Diabetes|Electronics,20000000.0,operating,ISR,1,
Metagenomix,Biotechnology,700000.0,operating,USA,1,102.0
MetaLogics,Health Care|Personal Health|Wearables,200000.0,operating,USA,1,1457.0
Metamark Genetics,Biotechnology,46759287.0,operating,USA,4,856.0
MetaMed,Analytics|Big Data Analytics|Doctors|Health and Wellness|Health Care|Medical|Personalization,500000.0,operating,USA,1,0.0
MetaModix,Health Care,3668184.0,operating,USA,6,582.0
Metaome,Biotechnology,0.0,operating,IND,1,
MetaStat,Biotechnology,16767427.0,ipo,USA,8,
Altiris Therapeutics,Medical|Medical Professionals|Therapeutics,43865175.0,operating,USA,7,254.0
MetGen,Biotechnology,2946020.0,operating,FIN,1,
Metheor Therapeutics,Biotechnology,275000.0,operating,USA,2,606.0
MethylGene,Biotechnology,60625730.0,acquired,CAN,2,
Metric Medical Devices,Health Care,662833.0,operating,USA,1,
MetricWire,Clinical Trials|Health Care Information Technology|Market Research,120000.0,operating,CAN,1,467.0
"Metrix Health, Inc.",Business Analytics|Health Care Information Technology|Mobile Enterprise|Wearables,150000.0,operating,USA,2,122.0
Metronom Health,Health Care|Medical|Medical Devices,4800147.0,operating,USA,1,2021.0
Mevion Medical Systems,Biotechnology|Health Care,435235853.0,operating,USA,8,1376.0
MGB Biopharma,Biotechnology,11614359.0,operating,GBR,3,
MHB Labs,Health Care,1100000.0,operating,USA,1,
Micar21,Biotechnology|Genetic Testing|Health Care|Health Care Information Technology|Healthcare Services,0.0,operating,BGR,1,8.0
MiCardia Corporation,Health Care,22538940.0,operating,USA,4,
Micell Technologies,Biotechnology,27300055.0,operating,USA,4,4575.0
Michelson Diagnostics,Biotechnology|Health Diagnostics,10839271.0,operating,GBR,5,
Michigan Endoscopy Center,Biotechnology,867758.0,operating,USA,2,
Micreos,Biotechnology,0.0,operating,NLD,1,
Micrima,Biotechnology,5780037.0,operating,GBR,3,
Micro Interventional Devices,Health Care,3850000.0,operating,USA,3,789.0
Microarrays,Biotechnology,1000000.0,operating,USA,1,4256.0
Microbia,Biotechnology,90000000.0,acquired,USA,2,-607.0
Microbio Pharma,Medical,500000.0,operating,USA,1,430.0
Microbiome Therapeutics,Biotechnology,2043445.0,operating,USA,2,1814.0
Microbion,Biotechnology,6135130.0,operating,USA,5,10160.0
Microbix Biosystems,Biotechnology|Health Diagnostics,2132417.0,ipo,CAN,4,7936.0
MicroCHIPS,Health Care|Medical Devices,44361046.0,operating,USA,3,3730.0
Microdermis,Biotechnology,4666721.0,operating,USA,5,1028.0
microDimensions,Biotechnology,0.0,operating,DEU,1,1161.0
Microlytic,Biotechnology,0.0,operating,USA,1,1064.0
MicroMed Cardiovascular,Biotechnology,11021503.0,operating,USA,3,5874.0
MicroMed Technology,Health Care|Medical Devices|Pharmaceuticals,23000000.0,operating,USA,1,
MicroOptx,Health Care,2400000.0,operating,USA,1,533.0
Micropharma,Biotechnology,851242.0,operating,CAN,1,3311.0
"MicroPoint Bioscience, Inc.",Health Care,0.0,operating,CHN,1,
MicroPort (Shanghai),Health Care,1300000.0,operating,CHN,3,1280.0
MICROrganic Technologies,Biotechnology,429997.0,operating,USA,2,1369.0
Microscience,Biotechnology|Health Care|Medical,36400000.0,operating,GBR,1,1876.0
Microscopy Innovations,Biotechnology,749998.0,operating,USA,1,2999.0
Microsonic Systems,Biotechnology,1924006.0,operating,USA,2,2017.0
Microstim,Biotechnology,3273650.0,operating,DEU,3,766.0
Microtest Diagnostics,Biotechnology|Health Diagnostics|Testing,19219493.0,operating,GBR,2,730.0
MicroTransponder,Health Care,8079068.0,operating,USA,3,1211.0
Microvi Biotechnologies,Biotechnology|Clean Technology|Green|Water,6500000.0,operating,USA,4,
Microvisk Technologies,Health Care,16607780.0,operating,,3,
MicuRx Pharmaceuticals,Biotechnology,35000000.0,operating,USA,2,175.0
MID Labs,Health Care|Medical|Medical Devices,51000000.0,operating,USA,1,12341.0
Middle Peak Medical,Biotechnology,11500000.0,operating,USA,2,
MiddleGate,Biotechnology,996000.0,operating,USA,2,1221.0
Midwest Compliance Laboratories,Medical,200000.0,operating,USA,1,2198.0
Midwest New Beginnings,Health Care|Medical,0.0,operating,USA,1,-13.0
miiCard,Consumer Lending|Financial Services|Health Care|Identity Management|Payments|Recruiting|Security|Virtual Currency,8610000.0,operating,GBR,5,622.0
Milestone Pharmaceuticals,Biotechnology,30000000.0,operating,CAN,2,2354.0
Milestone Scientific,Biotechnology,14350000.0,ipo,USA,3,6897.0
Millenium Biologix,Biotechnology,14180000.0,operating,CAN,2,7261.0
MILLENNIUM BIOTECHNOLOGIES,Biotechnology|Dietary Supplements|Nutraceutical,4601838.0,operating,USA,1,3601.0
Millennium Laboratories,Biotechnology,196000000.0,operating,USA,1,
Millennium Pharmacy Systems,Biotechnology,47074808.0,acquired,USA,2,
Milo Biotechnology,Biotechnology,250000.0,operating,USA,1,
Mimetas,3D|Health Care Information Technology|Medical Devices,6800000.0,operating,NLD,2,618.0
Mimetogen Pharmaceuticals,Biotechnology,3648000.0,operating,CAN,3,
Mind-NRG,Biotechnology,23522600.0,operating,CHE,3,299.0
MindChild Medical,Health Care,2437587.0,operating,USA,8,875.0
MiNDERA Corporation,Health Care|Medical|Medical Devices,2100000.0,operating,USA,2,668.0
Mindframe,Biotechnology,15587572.0,operating,USA,3,1323.0
Mindguard,Medical Devices,15000000.0,operating,ISR,1,
MindMaze,Health and Wellness|Health Care Information Technology|Medical,8500000.0,operating,CHE,1,1158.0
Mindoula Health,Fitness|Health and Wellness|Health Care|Hospitals,175000.0,operating,USA,1,511.0
MindSet Rx,Biotechnology,100000.0,operating,USA,1,1064.0
Minerva Biotechnologies,Biotechnology,8205632.0,operating,USA,3,4071.0
Minerva Neuroscience,Bio-Pharm|Health and Wellness|Health Care|Neuroscience,46000000.0,ipo,USA,2,2941.0
Minerva Surgical,Health and Wellness|Health Care|Medical Devices,45000000.0,operating,USA,2,1819.0
Minervax,Health and Wellness|Health Care|Medical,0.0,operating,DNK,2,387.0
Minimus Spine,Biotechnology,2040250.0,operating,USA,2,1836.0
MiniVax,Biotechnology,110000.0,operating,USA,1,1217.0
Minoryx Therapeutics,Biotechnology,25849354.5253743,acquired,ESP,3,824.0
Mint Labs,Big Data|Biotechnology|Cloud Computing|Health Care,831916.0,operating,ESP,4,0.0
Mint Solutions,Health Care|Hospitals|Medical,6019299.0,operating,NLD,3,0.0
Mira Dx,Biotechnology,4000000.0,operating,USA,1,
Mira Rehab,Electronic Health Records|Medical|Rehabilitation|Software|Video Games,0.0,operating,GBR,4,106.0
Mirabilis Medica,Health Care,23420000.0,operating,USA,7,1329.0
MiracleCord,Biotechnology,200000.0,operating,USA,1,5517.0
Miracor Medical Systems GmbH,Health Care,28164774.0,operating,AUT,4,121.0
Mirador Biomedical,Biotechnology,1500000.0,operating,USA,1,
Miragen Therapeutics,Biotechnology,94500000.0,operating,USA,7,504.0
Miramar Labs,Health Care,90058213.0,operating,USA,6,804.0
Miramix,Medical,0.0,operating,USA,1,
Mirexus Biotechnologies,Biotechnology|Innovation Management|Startups,350000.0,operating,USA,1,
Mirimus,Biotechnology,2000000.0,operating,USA,1,61.0
Mirna Therapeutics,Biotechnology|Health Care|Therapeutics,82800000.0,ipo,USA,4,1080.0
miroculus,Diagnostics|Health Care|Health Care Information Technology|Medical Devices,2800000.0,operating,USA,2,148.0
Miromatrix Medical,Biotechnology,28597346.0,operating,USA,2,1631.0
MiRTLE Medical,Biotechnology,400000.0,operating,USA,2,515.0
Misong Cancer Foundation,Medical,0.0,operating,USA,1,-103.0
MISSION Therapeutics,Biotechnology,43200045.0,operating,GBR,3,236.0
MiTio,Medical,0.0,operating,USA,1,3511.0
Mitochon Pharmaceuticals,Bio-Pharm|Biotechnology|Pharmaceuticals,300000.0,operating,USA,1,
MitoGenetics,Biotechnology,1485000.0,operating,,1,
Mitokyne,Biotechnology,5222321.0,operating,USA,1,
Mitomics,Biotechnology,2943716.0,operating,CAN,3,3629.0
MitoProd,Biotechnology,2216560.0,operating,FRA,2,
Mitra Biotech,Biotechnology,7111591.0,operating,,2,365.0
Mitra Medical Technology,Health Care,4250000.0,operating,SWE,1,3381.0
MitraSpan,Biotechnology,2699999.0,operating,USA,2,194.0
MitrAssist,Biotechnology,1000000.0,operating,ISR,1,1642.0
MMRGlobal,Health Care,33859.0,ipo,USA,1,
Mnemosyne Pharmaceuticals,Biotechnology,11400000.0,operating,USA,2,776.0
MNG Laboratories,Genetic Testing|Health Care|Medical,0.0,operating,USA,1,5230.0
Moberg Research,Health Care,100000.0,operating,USA,1,6280.0
Mobi Healthcare,Biotechnology|Business Analytics|Enterprise Software|Healthcare Services|Information Technology|Marketplaces|Pharmaceuticals|SaaS,0.0,operating,IND,1,0.0
Mobile Health Consumer,Career Management|Consumers|Health and Wellness|Health Care|Human Resources|Mobile,0.0,operating,USA,1,122.0
Mobile Medical Testing,Medical,0.0,operating,USA,1,17.0
MobileHelp,Health and Wellness|Medical|mHealth,0.0,operating,USA,1,2898.0
MobileOCT,Biotechnology|Digital Media|Health Care,0.0,operating,ISR,1,700.0
"Mobilizer, Inc.",Health Care|Medical,350000.0,operating,USA,3,
Mobisante,Health Care,4200000.0,operating,USA,1,1616.0
Mobius Therapeutics,Biotechnology,8500000.0,operating,USA,3,577.0
MOCACARE,Designers|Health and Wellness|Health Care|Innovation Engineering,4000000.0,operating,USA,1,694.0
Mode Diagnostics,Biotechnology|Diagnostics|Medical,0.0,operating,GBR,2,
Modern Family Doctor,Health Care,0.0,operating,IND,1,
Moderna Therapeutics,Biotechnology,674600044.0,operating,USA,5,1070.0
"Modernizing Medicine, Inc.",Health Care Information Technology|Software,101561000.0,operating,USA,8,-11.0
Modeural,Bio-Pharm|Biotechnology|Health Care|Pharmaceuticals,0.0,operating,,1,16.0
Modulation Therapeutics,Biotechnology,0.0,operating,USA,1,
Moerae Matrix,Biotechnology,5534612.0,operating,USA,1,
MOgene,Biotechnology,1500000.0,operating,USA,1,3529.0
moksha8 Pharmaceuticals,Biotechnology,224071696.0,operating,USA,5,518.0
Molcure,Biotechnology,2031932.0,operating,JPN,5,-83.0
Molecular Biometrics,Biotechnology,24500000.0,operating,USA,2,
Molecular Detection,Biotechnology,9749590.0,operating,USA,5,897.0
Molecular Health GmbH,Health and Wellness|Health Diagnostics|Information Technology|Medical,26714063.3515108,operating,DEU,1,4339.0
Molecular Imaging,Biotechnology,21935000.0,operating,USA,4,3050.0
Molecular Matrix,Biotechnology,80000.0,operating,USA,1,1274.0
Molecular Partners,Biotechnology,59760000.0,ipo,CHE,2,1321.0
Molecular Products Group,Health Care,6533492.0,operating,GBR,1,33138.0
Molecular Sensing,Biotechnology|Health Care Information Technology|Medical Devices,6695000.0,operating,USA,7,
Molecular Templates,Biotechnology|Health and Wellness|Health Care,33509621.0,operating,USA,6,
Molecular Vision,Medical Devices,500000.0,operating,GBR,1,
MolecularMD,Biotechnology|Health Diagnostics,8500000.0,operating,USA,2,2648.0
Moleculera Labs,Biotechnology,6182936.0,operating,USA,4,668.0
MolecuLight,Hardware|Health Care,4000000.0,operating,CAN,1,
Moleculin,Biotechnology,10858541.0,operating,USA,5,1895.0
Molina Healthcare,Health Care,3114157.0,ipo,USA,1,12670.0
Mologic,Biotechnology,4596738.35876011,operating,GBR,1,4682.0
Molplex,Biotechnology,713882.0,operating,GBR,2,0.0
MolPort,Biotechnology,765800.0,operating,LVA,2,1470.0
Mom-stop.com,Babies|Curated Web|Medical|Parenting|Social Network Media,10000.0,operating,NGA,1,0.0
Momenta Pharmaceuticals,Biotechnology,39500000.0,ipo,USA,2,870.0
Momentum Bioscience,Biotechnology,357060.0,operating,GBR,1,
Monica Healthcare,Biotechnology|Wearables,3000000.0,operating,GBR,1,3566.0
Monitor My Meds,Medical|Senior Health,100000.0,operating,USA,1,970.0
Montage Healthcare Solutions,Analytics|Biotechnology|Data Mining|Health Care|Neuroscience|Search,999984.0,operating,USA,1,833.0
Montefiore Medical Center,Hospitals|Medical|Services,3500000.0,operating,USA,1,
Monteris Medical,Health Care|Medical Devices,77468460.0,operating,USA,9,3916.0
Morpheus Medical,Health and Wellness|Medical|Medical Professionals,0.0,operating,USA,1,
MorphoSys,Biotechnology|Health Diagnostics,126000000.0,ipo,DEU,1,7932.0
Morphotek,Innovation Management|Medical|Medical Professionals,26000000.0,operating,USA,1,
Morria Biopharmaceuticals,Biotechnology,2434000.0,operating,GBR,2,
Morris Innovative,Biotechnology,1175735.0,operating,USA,1,
Morvus Technology,Biotechnology,3300000.0,operating,GBR,1,2233.0
MotherKnows,Health and Wellness|Health Care|Parenting,3450000.0,operating,USA,3,196.0
Motif BioSciences,Biotechnology,2870000.0,operating,USA,2,
Motility Count,Biotechnology|Diagnostics|Mens Specific,646551.0,operating,DNK,2,253.0
Mousera,Biotechnology,29940004.0,operating,USA,3,
Mova,Fitness|Health and Wellness|Health Care,0.0,operating,,1,134.0
Movetis,Biotechnology,191229400.0,acquired,BEL,2,372.0
Movi Medical,Health Care|Hospitals|Innovation Engineering|Product Design,700754.0,operating,USA,1,
Moving Analytics,Health and Wellness|Health Care Information Technology,115000.0,operating,USA,4,-153.0
Moxe Health,Health Care,100000.0,operating,USA,1,
Moximed,Biotechnology,80607656.0,operating,USA,3,2164.0
Moxxly,Hardware + Software|Health Care|Internet of Things|Product Design,0.0,operating,USA,1,318.0
MPIRICA Health Analytics,Health Care|Hospitals|Medical,2000000.0,operating,USA,2,383.0
mpirik,Health Care|Health Care Information Technology|Information Technology|Medical,1750000.0,operating,USA,1,1853.0
"mPulse Mobile, Inc.",Health Care|mHealth|Mobile,1700000.0,operating,USA,1,307.0
MPV,Health and Wellness|Health Care,14000000.0,operating,USA,1,
MRI Interventions,Health Care,30527571.0,operating,USA,5,4327.0
MRO,Health Care,0.0,operating,USA,1,4654.0
MSI Methylation Sciences,Biotechnology,18400033.0,operating,CAN,2,1732.0
MSM Protein Technologies,Biotechnology,250000.0,operating,USA,1,
Masquemedicos,Dental|Doctors|Health and Wellness|Health Care|Search,57166.0,operating,ESP,1,415.0
MST,Medical Devices|Technology,13500000.0,operating,ISR,2,3316.0
MTM Laboratories,Biotechnology|Health Diagnostics,81574940.0,acquired,USA,4,0.0
MuciMed,Biotechnology,200000.0,operating,USA,1,2349.0
multiBIND biotec,Biotechnology,762237.0,operating,DEU,2,464.0
MultiLing Corporation,Consulting|Document Management|Health Care|Legal,10300000.0,operating,USA,1,9356.0
Multiplicom,Biotechnology|Health Diagnostics,10298650.0,operating,BEL,2,
Multispan,Biotechnology,600000.0,operating,USA,1,
Munogenics,Biotechnology,0.0,operating,USA,1,1798.0
Muses Labs,Health and Wellness|Health Care|Medical|Physicians,785253.0,operating,USA,1,
MuteButton,Health Care|Medical|Medical Devices,284240.0,operating,IRL,2,0.0
Muufri,Biotechnology|Food Processing,2060000.0,operating,IRL,2,1.0
MValve technologies,Medical Devices,15000000.0,operating,ISR,1,
Mx Orthopedics,Health Care,4484952.0,operating,USA,3,1400.0
MxBiodevices,Biotechnology,210000.0,operating,USA,1,
my4oneone,Cloud Computing|Curated Web|Events|File Sharing|Medical|Reviews and Recommendations|Social Media,0.0,operating,USA,2,0.0
MyCare,Biotechnology,2749999.0,operating,,3,390.0
MycoDev Group,Biotechnology,500000.0,operating,CAN,1,855.0
MyCordBank.com,Biotechnology,2000000.0,operating,USA,1,-97.0
MyDentist,Health Care,18000000.0,operating,IND,2,
MyDoc,Health Care,0.0,operating,SGP,1,971.0
myMatrixx,Biotechnology,180000.0,operating,USA,1,3423.0
myMedScore,Health and Wellness|Health Care|Health Care Information Technology|Personal Health,19615.0,operating,USA,1,209.0
Myndlift,Health and Wellness|Health Care Information Technology|Medical,880000.0,operating,ISR,1,482.0
myNEXUS,Health Care|Hospitals,13600000.0,operating,USA,1,302.0
Myocor,Health Care|Medical|Medical Devices,42750000.0,acquired,USA,2,
MyoKardia,Biotechnology,98000000.0,ipo,USA,4,263.0
MYOLYN,Health Care Information Technology|Medical|Medical Devices,200000.0,operating,USA,1,821.0
MyoPowers Medical Technologies,Health Care,21061753.0,operating,CHE,2,2742.0
MyoScience,Biotechnology,107400000.0,operating,USA,4,1287.0
MyOssler,Medical,400000.0,operating,USA,1,803.0
MYR,Biotechnology,9521365.0,ipo,USA,2,10723.0
Myriant Technologies,Biotechnology,110000000.0,operating,USA,2,1802.0
MysteryVibe,Biotechnology|Consumer Electronics|Internet of Things|Personal Health|User Experience Design|Wearables,885000.0,operating,GBR,3,2.0
myTomorrows,Biotechnology|Medical,11610972.0,operating,NLD,3,-366.0
MyTransHealth,Health Care,30000000.0,operating,USA,1,
Mytrus,Health Care,2850000.0,operating,USA,2,291.0
N-of-One,Biotechnology,2448955.0,operating,USA,2,1581.0
Nivalis Therapeutics,Biotechnology|Pharmaceuticals,40000000.0,ipo,USA,2,1288.0
Nabi Biopharmaceuticals,Biotechnology,10000000.0,ipo,USA,1,
Nabriva Therapeutics,Biotechnology,120000000.0,ipo,AUT,1,5209.0
Nabsys,Biotechnology,84299975.0,operating,USA,6,1853.0
Naya Health,Health and Wellness|Health Care|Internet of Things|Medical|Medical Devices,0.0,operating,USA,2,695.0
Naia Pharmaceuticals,Healthcare Services|Medical|Pharmaceuticals,5300000.0,operating,,1,
Nalari Health,Biotechnology,100000.0,operating,USA,1,700.0
Nalu Medical,Health Care,11915367.0,operating,USA,1,
Nandi Proteins,Biotechnology,2254102.0,operating,GBR,2,
Nano,Health Care|Medical|Nanotechnology,681663.0,operating,BRA,1,
Nano Defense Solutions,Biotechnology|Nanotechnology,300000.0,operating,USA,1,
Nano Precision Medical,Biotechnology,2000000.0,operating,USA,1,1908.0
Nano Terra,Biotechnology,26438098.0,operating,USA,4,2173.0
Nano3D Biosciences,Biotechnology,250000.0,operating,USA,1,885.0
NanoAntibiotics,Biotechnology,500000.0,operating,USA,1,182.0
NanoBio,Biotechnology,69000000.0,operating,USA,4,2485.0
NanoBioDesign,Biotechnology|Medical,1000000.0,operating,GBR,1,2380.0
Nanobiotix,Biotechnology,14602480.0,operating,FRA,2,2681.0
NanoCarrier Co,Biotechnology,124592500.036124,ipo,JPN,2,5869.0
NanoCellect,Biotechnology|Health Diagnostics,1200001.0,operating,USA,2,1754.0
NanoCor Therapeutics,Biotechnology,6250000.0,operating,USA,1,
NanoDetection Technology,Health Care,2300000.0,operating,USA,2,
Nanofiber Solutions,Biotechnology,1500000.0,operating,USA,2,
NanoHorizons,Biotechnology,8801767.0,operating,USA,2,2346.0
NanoHybrids,Medical Devices,0.0,operating,USA,1,
Nanolive,3D Technology|Biotechnology|Software,3049871.0,operating,CHE,1,139.0
Nanomed Pharameceuticals,Biotechnology,3049998.0,operating,USA,1,3378.0
NanoMedex Pharmaceuticals,Biotechnology,500000.0,operating,USA,1,2715.0
Nanomedical Diagnostics,Biotechnology|Health Diagnostics|Medical Devices,1900000.0,operating,USA,2,
nanoMR,Biotechnology,25523512.0,operating,USA,5,908.0
NanoPharmaceuticals,Biotechnology,3122500.0,operating,USA,2,398.0
Nanophthalmics,Advanced Materials|Medical Devices|Nanotechnology,50000.0,operating,USA,1,244.0
nanoRETE,Biotechnology,1238277.0,operating,USA,2,720.0
Nanospectra Biosciences,Health Care,2197973.0,operating,USA,3,3241.0
Nanosphere,Biotechnology|Health Care,39270000.0,ipo,USA,3,1466.0
NanoString Technologies,Biotechnology|Diagnostics|Health Diagnostics|Medical,110250000.0,ipo,USA,9,847.0
Nanothera Corp,Health and Wellness|Health Care|Medical,1300062.0,operating,USA,1,
Nanotherapeutics,Biotechnology|Manufacturing|Pharmaceuticals,66500000.0,operating,USA,3,5632.0
nanoTherics,Biotechnology,1742189.0,operating,GBR,2,280.0
NanoVasc,Health Care,4700000.0,operating,USA,1,
Nanovi,Health Care,4195228.0,operating,DNK,4,758.0
NanoVibronix,Health Care|Medical Devices,2500000.0,operating,USA,2,3261.0
NanoViricides,Biotechnology,46000000.0,ipo,USA,6,2398.0
NanoVision Diagnostics,Biotechnology|Health Diagnostics,1500000.0,operating,USA,1,
Nanowear Inc.,Early-Stage Technology|Medical Devices,1500000.0,operating,USA,1,252.0
NantBioscience,Health Care|Health Diagnostics|Therapeutics,100000000.0,operating,USA,1,
"NantCell, LLC",Health and Wellness|Health Care|Therapeutics,75000000.0,operating,USA,1,
Napo Pharmaceuticals,Biotechnology|Medical|Pharmaceuticals,10081869.0,operating,USA,5,3053.0
NaPopravku,Medical,0.0,operating,RUS,1,167.0
NarrativeDx,Health and Wellness|Health Care Information Technology|Natural Language Processing,2218000.0,operating,USA,4,260.0
Nascent Biotech,Biotechnology,1967500.0,ipo,USA,3,2474.0
Nascent Surgical,Biotechnology,363000.0,operating,USA,3,363.0
Spirox,Biotechnology,22500000.0,operating,USA,2,481.0
Nasseo,Health Care,2341899.0,operating,USA,3,304.0
Natera,Biotechnology|Health Diagnostics,154100000.0,ipo,USA,7,1800.0
National Medical Solutions,Medical|Services|Software,3000000.0,acquired,USA,1,
National Veterinary Associates,Medical Professionals,128000000.0,acquired,USA,1,4138.0
Nationwide PharmAssist,Health Care,55000.0,operating,USA,1,429.0
Nativis,Biotechnology,9886414.0,operating,USA,2,4423.0
Natural Dentist,Dental|Health Care|Medical,12643989.0,operating,USA,2,4338.0
Natural Option USA,Medical,0.0,operating,USA,1,2138.0
NaturalPad,Health Care,350000.0,operating,FRA,1,749.0
Nature's Therapy,Medical|Pharmaceuticals,5000.0,operating,USA,1,3761.0
Naurex,Biotechnology,162106599.0,acquired,USA,5,1130.0
Nautilus Biotech,Biotechnology,20829400.0,operating,FRA,2,2253.0
Nautilus Neurosciences,Biotechnology,25755532.0,operating,USA,2,466.0
Navidea Biopharmaceuticals,Biotechnology|Health Diagnostics,92500000.0,ipo,USA,3,11343.0
NavigatorMD,Biotechnology,50000.0,operating,USA,1,1918.0
Navigenics,Biotechnology,43000000.0,acquired,USA,2,675.0
Navio Health,Health Care|Mobile Health,870000.0,operating,USA,3,-124.0
Naviscan,Biotechnology,19330001.0,operating,USA,4,4505.0
Navitor Pharmaceuticals,Biotechnology,23500000.0,operating,USA,1,
Nayam Innovations,Health Care|Technology,100000.0,operating,IND,1,1229.0
NBE-Therapeutics,Biotechnology|Medical|Therapeutics,3097541.0,operating,CHE,1,1178.0
nContact Surgical,Health Care,51954587.0,acquired,USA,6,1559.0
ND Acquisitions,Biotechnology,39080532.0,operating,USA,6,
NDI Medical,Health Care,22108725.0,operating,USA,2,2688.0
Near Infrared Imaging,Medical,20000.0,operating,USA,1,2043.0
NED Biosystems,Biotechnology,1507500.0,operating,USA,1,2856.0
Needl,Health Care Information Technology|Mobile|Mobile Health|Q&A,0.0,operating,USA,1,818.0
NeighborMD,Biotechnology,3298998.0,operating,USA,3,735.0
Nektar Therapeutics,Biotechnology,25000000.0,ipo,USA,1,
Nellix,Health Care,6500000.0,acquired,USA,1,
NellOne Therapeutics,Biotechnology,1500000.0,operating,USA,1,
Neoantigenics,Biotechnology|Health Diagnostics,3025713.0,operating,USA,2,
NeoChord,Biotechnology,31433055.0,operating,USA,4,897.0
Neocis,Health Care|Medical Devices|Robotics,2423000.0,operating,USA,2,274.0
Neoclinical,Clinical Trials|Medical,933360.0,operating,AUS,2,
NeoCodex,Health Care|Technology,785000.0,operating,ESP,1,1549.0
Neocutis,Beauty|Cosmetics|Health Care,0.0,operating,USA,1,
NeoDiagnostix,Biotechnology|Health Diagnostics,1509997.0,operating,USA,1,1757.0
Neodyne Biosciences,Biotechnology,6764177.0,operating,USA,2,
Neogenix Oncology,Biotechnology,15846225.0,operating,USA,2,2326.0
NeoGenomics Laboratories,Biotechnology,500000.0,ipo,USA,1,2645.0
Neograft Technologies,Health Care,34299994.0,operating,USA,5,389.0
NeoGuide Systems,Biotechnology,39000000.0,acquired,USA,2,1417.0
Neomed Institute,Biotechnology,12000000.0,operating,CAN,1,
Neomend,Biotechnology,61702727.0,acquired,USA,5,3116.0
Neon Therapeutics,Health Care|Medical|Therapeutics,55000000.0,operating,USA,1,
NEONC Technologies,Biotechnology,150000.0,operating,USA,1,
Neos Therapeutics,Biotechnology,96278860.0,ipo,USA,6,693.0
NeoStem,Biotechnology,49000000.0,ipo,USA,2,
neoSurgical,Health and Wellness|Health Care|Medical|Medical Devices,2148800.0,operating,,1,
Neothermia Corporation,Medical,13100000.0,operating,USA,1,
Neotropix,Biotechnology,1400000.0,operating,USA,1,2326.0
Neovacs,Biotechnology,26212042.0,operating,FRA,2,
Nephera,Health Care|Medical Devices,2800000.0,operating,ISR,1,1325.0
Nephosity,Enterprise Software|Health Care|Health Care Information Technology|Medical,20000.0,operating,USA,1,671.0
NephroGenex,Biotechnology|Health Care,21800000.0,ipo,USA,4,
Nephrology Care Group,Health Care|Medical|Services,807500.0,operating,USA,1,
Nephros,Hardware + Software|Medical Devices,2613500.0,ipo,USA,3,4601.0
NephRx Corporation,Biotechnology,6219317.0,operating,USA,1,5519.0
Nerd Skincare,Medical,1000000.0,operating,,1,307.0
Nereus Pharmaceuticals,Biotechnology,107600000.0,operating,USA,3,
NERI,Biotechnology,45000000.0,operating,USA,1,9428.0
Nerium Biotechnology,Biotechnology,288537.0,operating,USA,1,
NeRRe Therapeutics,Fitness|Health Care|Medical,18400000.0,operating,GBR,1,353.0
Nerveda,Biotechnology,14135454.0,operating,USA,1,1197.0
Nestegg Biotech,3D Printing|Bio-Pharm|Biotechnology,16227.0,operating,NLD,1,334.0
netMedi,Health Care|Medical|Service Providers,237912.0,operating,FIN,1,
Netmeds.com,Bio-Pharm|Health Care|Pharmaceuticals,50000000.0,operating,,1,
Natreon,Health and Wellness|Health Care|Medical,2500000.0,operating,USA,1,
NetScientific,Biotechnology|Health Diagnostics,45457543.0,operating,USA,1,
NeuMedics,Biotechnology,87950.0,operating,USA,1,
Neumitra,Big Data Analytics|Hardware + Software|Health and Wellness|Jewelry|Medical Professionals|Watch,20000.0,operating,USA,3,
NeuMoDx Molecular,Biotechnology|Health Diagnostics,21000000.0,operating,USA,1,455.0
Neural Analytics,Medical Devices,3268019.0,operating,USA,2,183.0
Neuralieve,Health Care,8623022.0,operating,USA,4,2932.0
NeuralStem,Biotechnology,3278000.0,operating,USA,2,5118.0
Neuraltus Pharmaceuticals,Biotechnology,39226649.0,operating,USA,4,
Neuravi,Collaboration|Health and Wellness|Innovation Management|Medical Devices,27772439.0,operating,IRL,2,1287.0
NeurAxon,Biotechnology,57417398.0,operating,CAN,5,208.0
Neurelis,Biotechnology,4283950.0,acquired,USA,3,1129.0
Neuren Pharmaceuticals,Biotechnology,21500000.0,operating,AUS,1,
Neuro Hero,Apps|Health Care|Medical Devices,0.0,operating,IRL,1,2069.0
Neurocrine Biosciences,Biotechnology,10000000.0,ipo,USA,1,6560.0
Neurodon,Biotechnology|Medical,0.0,operating,USA,1,948.0
Neurodyn,Biotechnology,2410282.0,operating,CAN,2,
NeuroGenetic Pharmaceuticals,Biotechnology,14044878.0,operating,USA,7,-2253.0
NeurogesX,Biotechnology,92043611.0,ipo,USA,6,1483.0
NeuroInterventional Therapeutics,Biotechnology,85000.0,operating,USA,1,911.0
Neurolink,Biotechnology,3878759.0,operating,USA,2,
"Neurolixis, Inc.",Biotechnology,15000.0,operating,USA,1,929.0
Neurologix,Biotechnology,7000000.0,operating,USA,1,4357.0
Neuromed Pharmaceuticals,Biotechnology,85300000.0,acquired,CAN,2,2136.0
NeuroMetrix,Health Care,33380003.0,ipo,USA,2,5013.0
Neuromod Devices,Health and Wellness|Medical Devices|Technology,6167613.30185982,operating,IRL,1,2097.0
Neuron Systems,Biotechnology,8960000.0,operating,EST,1,
Neuron Therapeutics,Biotechnology,31144339.0,operating,USA,2,
NeuroNascent,Biotechnology,1250000.0,operating,USA,2,
NeuroNation,Fitness|Health Care|Neuroscience|Training,0.0,operating,DEU,1,1064.0
Neuronetics,Biotechnology,94300000.0,operating,USA,4,-497.0
Neuronex,Biotechnology,1899999.0,acquired,USA,2,
NEURONIX,Health Care,5500000.0,operating,ISR,1,2240.0
NeurOp,Biotechnology,155000.0,operating,USA,2,2301.0
NeuroPace,Biotechnology,67000000.0,operating,USA,3,1085.0
NeuroPhage Pharmaceuticals,Biotechnology,54800000.0,operating,USA,5,1885.0
NeuroQuest,Biotechnology,0.0,operating,ISR,1,1959.0
Neuros Medical,Health Care,12785029.0,operating,USA,7,425.0
NeuroSave,Health and Wellness|Health Care|Medical,1255000.0,operating,USA,2,
NeuroSigma,Biotechnology,1710000.0,ipo,USA,2,1141.0
NeuroSky,Biotechnology,0.0,operating,USA,2,3592.0
Neurotec Pharma,Biotechnology|Pharmaceuticals,4496910.0,operating,ESP,1,1875.0
Neurotech,Biotechnology,35000000.0,operating,USA,1,
Neurotrack,Biotechnology|Health and Wellness|Health Care Information Technology|Health Diagnostics,3090000.0,operating,USA,3,507.0
NeuroTrax,Fitness|Health Care|Health Care Information Technology,1500000.0,operating,USA,1,2920.0
Neurotron Biotechnology,Biotechnology,16500000.0,operating,,1,
NeuroTronik,Biotechnology,13100000.0,operating,USA,1,529.0
Neurotrope Bioscience,Biotechnology|Health Diagnostics,21900000.0,operating,USA,1,610.0
Neurovance,Biotechnology,22778607.0,operating,USA,4,1128.0
NeuroVasx,Manufacturing|Medical|Medical Devices,8500000.0,operating,USA,1,
NeuroVigil,Biotechnology,0.0,operating,,2,1546.0
NeuroVive Pharmaceutical,Biotechnology,10762732.0,ipo,SWE,2,5521.0
NeuVerus Health,Fitness|Games|Health and Wellness|Health Care Information Technology|mHealth|Mobile Health,100000.0,operating,USA,1,139.0
NeuWave Medical,Health Care,57433301.0,operating,USA,6,1499.0
NEUWAY Pharma,Health Care|Medical|Pharmaceuticals,7167534.47672193,operating,DEU,2,56.0
Nevro,Biotechnology,106000000.0,ipo,USA,2,564.0
New Century Hospice,Biotechnology,34296337.0,operating,USA,4,1745.0
New Chapter,Health Care,0.0,operating,USA,1,
New Haven Pharmaceuticals,Biotechnology,26086611.0,operating,USA,4,1763.0
New Healthcare Enterprises,Enterprise Software|Health Care,40000.0,operating,USA,1,336.0
New KCBX,Biotechnology,2085094.0,operating,,1,284.0
New Life Solutions,Biotechnology,9136632.0,operating,USA,1,
New Mexico Algae Production,Medical,0.0,operating,USA,1,1082.0
New Port Richey Surgery Center,Biotechnology,178486.0,operating,USA,1,9739.0
New WORC (III) Development & Management,Health Care|Healthcare Services,5940000.0,operating,USA,2,
NewBridge Pharmaceuticals,Biotechnology,12000000.0,operating,ARE,1,
NewLeaf Symbiotics,Biotechnology,24000000.0,operating,USA,2,5122.0
NewLink Genetics,Biotechnology|Health Care,45214105.0,ipo,USA,3,3317.0
newMentor,Health Care,2070000.0,operating,USA,2,
NewQuest Health Solutions,Finance|Health and Insurance|Medical,0.0,operating,USA,1,
Newron Pharmaceuticals,Bio-Pharm|Medical|Pharmaceuticals,8353354.86642588,ipo,ITA,2,2469.0
Newsummitbio,Biotechnology,0.0,operating,CHN,2,
Newton Insight,Analytics|Android|Hardware|Health Care|Logistics|Medical|Mobile|Postal and Courier Services|SaaS|Software|Supply Chain Management|Tracking|Transportation,0.0,operating,USA,1,127.0
NexBio,Biotechnology,14900000.0,operating,USA,2,3600.0
NexCura,Health Care,4000000.0,acquired,USA,1,
NeXeption,Biotechnology,21500000.0,operating,USA,1,1097.0
NexGen Medical Systems,Biotechnology,1540000.0,operating,USA,3,3297.0
NexImmune,Biotechnology,5213000.0,operating,USA,4,157.0
Nexis Vision,Biotechnology,6750000.0,operating,USA,2,1684.0
NexMed,Biotechnology,2300000.0,operating,USA,1,
Next Safety,Biotechnology,135000.0,operating,USA,1,3188.0
NextCare,Biotechnology,10279999.0,operating,USA,4,5957.0
NextCode Health,Biotechnology|Health Diagnostics,15000000.0,acquired,USA,1,295.0
NeXtGen Biologics,Medical Devices,500000.0,operating,USA,1,266.0
NextGxDX,Biotechnology,7675029.0,operating,USA,5,-304.0
NextHealth Technologies,Health Care|Hospitals,1000000.0,operating,USA,1,959.0
NextImage Medical,Health Care,12100000.0,operating,USA,4,686.0
"Nextremity Solutions,Inc",Medical Devices,3000000.0,operating,USA,1,
NextWave Pharmaceuticals,Biotechnology,86819000.0,acquired,USA,3,
Nexus Biosystems,Biotechnology,5000000.0,acquired,USA,1,
Nexus Dx,Biotechnology|Health Care,9000000.0,acquired,USA,1,
Nexvet,Biotechnology,40000000.0,operating,AUS,3,1330.0
NGM Biopharmaceuticals,Biotechnology|Medical,333988996.0,operating,USA,7,407.0
NGTronix Industries,Biotechnology,30000.0,operating,,1,789.0
NICO,Biotechnology,16572736.0,operating,USA,2,937.0
NicOx,Biotechnology,149000000.0,operating,FRA,1,5070.0
Nightingale,Analytics|Health and Wellness|Health Care Information Technology|Software,780000.0,operating,USA,3,0.0
NightstaRx,Biotechnology,53183017.0,operating,GBR,2,
Niiki Pharma,Biotechnology|Health Diagnostics,10488500.0,operating,USA,3,736.0
Nimbus Concepts,Biotechnology,142500.0,operating,USA,1,340.0
Nimbus Therapeutics,Biotechnology,72000000.0,operating,USA,4,483.0
NinePoint Medical,Health Care,82000000.0,operating,USA,3,
Ninox Medical,Health Diagnostics|Medical|Medical Devices,15000000.0,operating,ISR,2,1183.0
Ninu,Apps|Health Care|Wearables,0.0,operating,DEU,1,476.0
Nipendo,B2B|Banking|Enterprise Software|Health Care|Software|Telecommunications,12000000.0,operating,USA,2,1019.0
Nire iHealth,Health Care|mHealth,2203421.0,operating,ESP,2,67.0
Nirmidas Biotech,Biotechnology|Health Diagnostics,2000000.0,operating,USA,1,594.0
Niti Surgical Solutions,Biotechnology,18500000.0,operating,ISR,1,4971.0
AOBiome,Biotechnology,1206513.0,operating,USA,2,
NitroPCR,Health Care Information Technology|Mobile|Mobile Health,205000.0,operating,USA,2,-487.0
Niveus Medical,Biotechnology,4205538.0,operating,USA,3,1353.0
nkf-pharma,Health Care|Medical,0.0,operating,CHN,1,2222.0
NKT Therapeutics,Biotechnology,12000000.0,operating,USA,2,
nLife Therapeutics,Biotechnology|Ediscovery,9679942.0,operating,ESP,3,
NLT SPINE,Biotechnology,5700000.0,operating,ISR,1,
NMC Health,Health Care,825000000.0,operating,ARE,1,14655.0
Knopp Biosciences LLC,Biotechnology,108442730.0,operating,USA,6,-1461.0
Nobilis Health,Health Care,25000000.0,ipo,USA,1,
Nobl,Health and Wellness|Health Care|Professional Services|Software,870280.0,operating,USA,3,518.0
Noble Biomaterials,Biotechnology,8000000.0,operating,USA,2,
Noble Life Sciences,Biotechnology,335000.0,operating,USA,2,347.0
Nobles Medical Technologies,Health Care,398914.0,operating,USA,1,1397.0
Nodality,Biotechnology|Health Diagnostics,27039999.0,operating,USA,5,1324.0
Nohla Therapeutics,Biotechnology,20000000.0,operating,USA,1,336.0
Noho,Internet of Things|Medical Devices|mHealth,329649.0,operating,,2,-354.0
Noninvasive Medical Technologies,Biotechnology,6258682.0,operating,USA,1,2444.0
Noninvasix,Medical Devices,0.0,operating,USA,1,2989.0
NONO,Biotechnology,9776044.0,operating,CAN,1,3796.0
NonWoTecc Medical,Health Care,10097500.0,operating,DEU,1,
Noora Health,Health Care|Hospitals,0.0,operating,USA,1,565.0
Noow,Health Care,0.0,operating,,1,
Nora Therapeutics,Biotechnology,20932000.0,operating,USA,2,-121.0
Nordic Technology Group,Health and Wellness|Healthcare Services|Medical,50000.0,operating,,1,
NormOxys,Biotechnology,25156708.0,operating,USA,5,2310.0
North American Dental Group,Health Care,0.0,operating,USA,1,2778.0
North American Scientific,Manufacturing|Medical|Medical Devices,15500000.0,operating,,1,
North Carolina Biotechnology Center,Biotechnology,2033000.0,operating,USA,2,11356.0
North Dallas Surgical Center,Health Diagnostics|Hospitals|Medical Professionals,1080000.0,operating,USA,1,
North Shore InnoVentures,Biotechnology,311500.0,operating,USA,2,1323.0
NorthStar Anesthesia,Healthcare Services|Medical|Services,0.0,operating,USA,1,3570.0
Northstar Biosciences,Biotechnology,163800.0,operating,USA,1,
Northwest Biotherapeutics,Biotechnology,113895000.0,ipo,USA,5,4725.0
Northwest Medical Isotopes,Health Care,830000.0,operating,USA,1,
Nortis,Biotechnology,2651095.0,operating,USA,3,2641.0
Nosopharm,Biotechnology,1119342.0,operating,FRA,1,1771.0
Notable Labs,Biotechnology|Health and Wellness|Health Care|Testing,120000.0,operating,USA,2,334.0
Notal Vision,Medical Devices,4000000.0,operating,ISR,1,1122.0
Nova Medical Centers,Health Care,0.0,operating,USA,1,365.0
Nova Specialty Hospitals,Health Care,54000000.0,operating,IND,1,1320.0
NovaBay Pharmaceuticals,Health Care,15134300.0,ipo,USA,1,5556.0
NovaBiotics,Biotechnology,7569850.0,operating,GBR,1,4036.0
NovaCardia,Healthcare Services|Medical|Pharmaceuticals,48000000.0,acquired,USA,1,2092.0
Novacea,Biotechnology,35000000.0,operating,USA,1,1102.0
Novacept,Health Care|Hospitals|Medical,30000000.0,acquired,USA,1,2619.0
Novacta Biosystems,Biotechnology,28958656.4224481,operating,GBR,3,1664.0
NOVACYT,Medical Devices,5993671.0,ipo,FRA,2,3265.0
NovaDigm Therapeutics,Biotechnology,34588274.0,operating,USA,2,2972.0
Novadiol,Biotechnology,1095000.0,operating,USA,1,922.0
Novadip Biosciences,Biotechnology|Medical|Therapeutics,31390134.0,operating,BEL,1,
Novaerus,Diagnostics|Health Care|Medical Devices,10000000.0,operating,USA,1,
Santen Pharmaceutical,Biotechnology|Pharmaceuticals,74331593.0,operating,,5,
Novalact,Biotechnology|Health Diagnostics|Life Sciences,40000.0,operating,CHL,1,-141.0
Novalar Pharmaceuticals,Biotechnology,31000999.0,operating,USA,2,2862.0
Novalere FP,Business Development|Health Care|Information Services|Technology,6500000.0,operating,USA,1,435.0
Novaliq,Biotechnology,18142280.0,operating,DEU,1,3390.0
NovaMed Pharmaceuticals,Health Care,18800000.0,acquired,CHN,2,
Novan,Biotechnology|Pharmaceuticals,86825085.0,operating,USA,7,547.0
NovaRay Medical,Health Care,7200000.0,operating,USA,2,6879.0
NovaSom,Biotechnology,46077411.0,operating,USA,3,6960.0
Novast,Health Care,95000000.0,operating,CHN,3,
Novast Laboratories,Biotechnology,20000000.0,operating,CHN,1,
NovaTarg Therapeutics,Biotechnology,3200000.0,operating,USA,1,2462.0
Novate Medical,Health Care,17952285.0596268,operating,IRL,2,
NovaTract Surgical,Health Care,4370000.0,operating,USA,6,313.0
Novavax,Bio-Pharm|Health Care|Medical|Pharmaceuticals,183600000.0,ipo,USA,2,
Novavax AB,Biotechnology,5020000.0,operating,SWE,1,3465.0
Novel Therapeutic Technologies,Biotechnology,75000000.0,operating,USA,1,3274.0
Novelix Pharmaceuticals,Biotechnology,253103.0,operating,USA,1,1756.0
NovellusDx,Health and Wellness|Health Care|Hospitals|Life Sciences|Medical|Personal Health,16000000.0,operating,ISR,2,426.0
NovelMed Therapeutics,Biotechnology,1430000.0,operating,USA,1,3906.0
Novelos Therapeutics,Biotechnology,53850000.0,ipo,USA,5,
NovImmune,Biotechnology,210996580.0,operating,CHE,6,851.0
Novira Therapeutics,Biotechnology,39495233.0,acquired,USA,4,936.0
Novita Pharmaceuticals,Biotechnology,2000000.0,operating,USA,1,365.0
Novita Therapeutics,Biotechnology,4745000.0,operating,USA,5,320.0
Novocor Medical Systems,Biotechnology,961000.0,operating,USA,1,241.0
Novogen,Biotechnology,4530000.0,ipo,AUS,1,7123.0
NovoPedics,Biotechnology,500000.0,operating,,1,
Sample6,Biotechnology|Health Diagnostics,14750000.0,operating,USA,3,880.0
Novopyxis,Biotechnology|Medical|Therapeutics,343000.0,operating,USA,1,
"Novu, LLC",Health and Wellness|Health Care|Health Care Information Technology,20000000.0,operating,USA,1,1922.0
NovX,Biotechnology,7800000.0,operating,CAN,1,
Noxxon Pharma,Biotechnology,93520553.9597972,operating,,3,
NsGene,Biotechnology,5685000.0,operating,DNK,2,
RevPoint Healthcare Technologies,Health Care|Healthcare Services|Medical,2050000.0,acquired,USA,2,2050.0
Nu-Med Plus,Biotechnology,369153.0,operating,USA,4,425.0
Nu-Pulse,Biotechnology,3299800.0,operating,USA,2,4886.0
NuCana BioMed,Biotechnology,67529448.0,operating,GBR,2,
Nuclea Biotechnologies,Biotechnology|Health Diagnostics,27650420.0,operating,USA,9,1621.0
Nucleonics,Biotechnology|Health Care|Medical,49200000.0,operating,USA,1,1248.0
Nuevolution,Biotechnology,28880900.0,operating,DNK,2,1012.0
NuGEN Technologies,Biotechnology,18679995.0,operating,USA,4,1327.0
NuLabel,Biotechnology,5548097.0,operating,USA,10,
Numblebee,Health Care|Manufacturing|Medical,120000.0,operating,USA,1,
NuMedii,Biotechnology,5500000.0,operating,USA,2,2003.0
Numerate,Biotechnology,13740487.0,operating,USA,2,714.0
Numira Biosciences,Biotechnology,5782738.0,operating,USA,3,
Nuokang Medicine,Health Care|Medical,17000000.0,operating,CHN,1,
Nuon Therapeutics,Biotechnology,48050000.0,operating,USA,4,
Nuovo Biologics,Biotechnology,1000000.0,operating,USA,1,
NuPathe,Biotechnology|Healthcare Services,93062500.0,acquired,USA,5,
NuPotential,Biotechnology,725000.0,operating,USA,2,3450.0
Nura,Biotechnology,9500000.0,operating,USA,1,
Nurep Inc.,Health Care Information Technology|Hospitals|Medical Devices|Mobile|Mobile Health|Physicians,1524000.0,operating,USA,1,941.0
Nuritas,Bioinformatics|Biotechnology|Data Mining,3328660.0,operating,IRL,2,
Nurix,Biotechnology,28200000.0,operating,USA,2,1232.0
Nuron Biotech,Biotechnology,52705658.0,operating,USA,2,1098.0
Nurotron Biotechnology,Biotechnology,16236400.0,operating,CHN,2,2069.0
NurseBuddy,Health Care,149615.0,operating,FIN,2,422.0
NurseGrid,Business Analytics|Health Care|Hospitals|SaaS,1160000.0,operating,USA,1,902.0
Nursing Home Quality,Fitness|Healthcare Services|Medical,225000.0,operating,USA,1,
NuScriptRx,Health Care,30479384.0,operating,USA,7,991.0
Nusirt,Biotechnology|Manufacturing|Medical,13983353.0,operating,USA,5,1978.0
Nutech Medical,Biotechnology,325000.0,operating,USA,1,
Nutek Orthopaedics,Biotechnology,3474998.0,operating,USA,2,1215.0
NutraMed,Biotechnology,12500000.0,operating,USA,1,5848.0
Nutraponics Canada,Medical,2200000.0,operating,CAN,1,0.0
Nuubo,Health Care|Medical Devices,4082854.0,operating,ESP,1,
NuVasive,Biotechnology|Health Care,65262984.0,ipo,USA,3,
Nuvilex,Biotechnology,1136000.0,operating,USA,1,4743.0
NuVision,Biotechnology,590000.0,operating,GBR,1,211.0
NuvoMed,Health Care,925653.0,operating,USA,2,752.0
Nvigen,Biotechnology|Clinical Trials|Life Sciences|Nanotechnology,1116749.0,operating,USA,2,1144.0
NVISION MEDICAL,Biotechnology,4279999.0,operating,USA,2,
NX Pharmagen,Biotechnology,6080974.0,operating,USA,3,730.0
NxThera,Health Care,86600000.0,operating,USA,3,1372.0
Nymirum,Biotechnology,550000.0,operating,USA,1,141.0
Nyxoah,Medical Devices,10913456.0,operating,BEL,1,1972.0
O&P Pro,Medical|Software,50000.0,operating,USA,1,466.0
O2 Medtech,Health Care,7144321.0,operating,USA,3,
Oak Street Health,Health Care|Hospitals,40000000.0,operating,USA,1,1165.0
"Obaa, Inc.",Augmented Reality|Google Glass|Health Care|Mobile Health|Video Conferencing|Wearables,60000.0,operating,USA,3,-4.0
Obalon Therapeutics,Health Care,68899998.0,operating,USA,6,1546.0
Obeo Health,Health and Wellness|Health Care|Hospitals,4500000.0,operating,USA,1,29.0
OberScharrer,Health Care,0.0,operating,DEU,1,
Obesity PPM,Health and Wellness|Medical,0.0,operating,USA,1,2300.0
OBMedical,Health Care,2300000.0,operating,USA,1,940.0
Observe Design,Health Care,0.0,operating,IND,1,-24.0
Observe Medical,Health Care|Medical|Medical Devices,0.0,operating,SWE,1,
ObsEva,Biotechnology,92936960.0,operating,CHE,2,301.0
Ocata Therapeutics,Biotechnology,10000000.0,acquired,USA,1,
OccuRx,Bio-Pharm|Medical|Therapeutics,5223274.0,operating,AUS,1,502.0
Oceana Therapeutics,Biotechnology,3000000.0,acquired,USA,1,
Ocean's Halo,Consumer Goods|Health Care,1700000.0,operating,USA,1,1046.0
Ocera Therapeutics,Biotechnology,49500150.0,ipo,USA,3,2645.0
Ocimum Biosolutions,Biotechnology|Health Diagnostics,8000000.0,operating,USA,1,860.0
OCP Collective,Medical|Service Providers|Services,6368603.0,operating,USA,5,335.0
OCS HomeCare,Biotechnology,1706573.0,operating,USA,2,4474.0
Octamer,Biotechnology,820800.0,operating,USA,1,7200.0
OctoPlus,Medical|Pharmaceuticals|Service Providers,23850000.0,operating,NLD,1,
"Octovis, Inc.",Health Care|Health Care Information Technology|Healthcare Services|mHealth,180000.0,operating,USA,2,61.0
OctreoPharm Sciences,Biotechnology,7235000.0,operating,,1,
OcuCure Therapeutics,Biotechnology,1650000.0,operating,USA,5,1993.0
Ocular Therapeutix,Biotechnology,73300000.0,ipo,USA,6,1270.0
Oculeve,Biotechnology,32305473.0,acquired,USA,4,499.0
Oculo Therapy,Health Care|Medical|Therapeutics,20000.0,operating,USA,1,
Oculogica,Health Care|Medical|Neuroscience,599970.0,operating,USA,1,566.0
OcuSciences,Biotechnology,0.0,operating,USA,1,486.0
ODIN,Health Care|Social Media|Software,3060000.0,operating,USA,2,2995.0
ODIN Biotech Partners,Biotechnology|Medical|Therapeutics,600000.0,operating,USA,1,251.0
Odin Medical Technologies,Medical,24000000.0,acquired,,3,1096.0
Odyssey Thera,Biotechnology,6300000.0,operating,USA,2,3728.0
Offsite Care Resources,Biotechnology,1258507.0,operating,USA,1,1740.0
Ogden Tomotherapy,Health and Wellness|Health Care|Medical,676708.0,operating,USA,1,341.0
OHR Pharmaceutical,Biotechnology,996496.0,ipo,USA,3,
Okairos,Biotechnology,20500000.0,acquired,CHE,1,1352.0
OkCopay,Consumers|Doctors|Health and Wellness|Health Care|Marketplaces|Mobile|Search,100000.0,operating,USA,1,1073.0
Oklahoma Medical Research Foundation,Biotechnology|Medical|Non Profit,14500000.0,operating,USA,1,
Olfactor Laboratories,Biotechnology,50000.0,operating,USA,1,168.0
Oligasis,Biotechnology,1836044.0,operating,USA,1,
Oligomerix,Biotechnology,6500000.0,operating,USA,4,2304.0
Omega Diagnostics,Diagnostics|Manufacturing|Medical,6061005.0,operating,GBR,1,9640.0
OMEICOS Therapeutics GmbH,Health Care|Medical|Therapeutics,6579017.0,operating,DEU,2,-44.0
Omeros,Biotechnology|Health Care,141800000.0,ipo,USA,4,
Omicia,Big Data|Health Care,6800000.0,operating,USA,1,1831.0
Omicsis,Biotechnology,289589.0,operating,,1,
OMNI,Medical Devices,4000000.0,operating,USA,1,6040.0
Omni Bio Pharmaceutical,Biotechnology,10093025.0,ipo,USA,5,
Omni Bioceutical Innovations,Medical Devices,400000.0,operating,USA,1,2078.0
Omni Hospitals,Biotechnology,9800000.0,operating,IND,1,1314.0
omniDERM,Biotechnology|Cosmetics|Personal Health,0.0,operating,USA,1,4209.0
OmniLytics,Biotechnology,700000.0,operating,USA,2,20790.0
Omniox,Biotechnology,15403710.0,operating,USA,3,2775.0
Omnisoft Services,Education|Fitness|Health Care|Medical,15000.0,operating,USA,1,
OmniSonics Medical Technologies,Medical,63000000.0,operating,USA,2,
OmniVec,Biotechnology,550000.0,operating,USA,1,125.0
Omrix Biopharmaceuticals,Biotechnology|Health and Wellness|Life Sciences|Medical,4840000.0,acquired,ISR,1,3742.0
Omthera Pharmaceuticals,Biotechnology|Health and Wellness|Medical|Pharmaceuticals,60158333.0,acquired,USA,4,
"Nomful, Inc.",Employer Benefits Programs|Health and Wellness|Health Care|Mobile Health,50000.0,operating,USA,1,155.0
On Demand Therapeutics,Biotechnology,3754369.0,operating,USA,3,590.0
On-Q-ity,Biotechnology,31000000.0,operating,USA,2,
ON TARGET LABORATORIES,Biotechnology,15000000.0,operating,USA,1,1530.0
oncgnostics GmbH,Biotechnology|Health Diagnostics,0.0,operating,DEU,2,76.0
Oncimmune,Biotechnology,0.0,operating,USA,1,638.0
OnCirc Diagnostics,Biotechnology,500000.0,operating,USA,1,
Oncoceutics,Clinical Trials|Medical|Pharmaceuticals,0.0,operating,USA,2,3711.0
Oncodesign,Biotechnology,4710000.0,operating,,1,
OncoEthix,Biotechnology,19000000.0,acquired,CHE,1,2380.0
OncoFusion Therapeutics,Biotechnology,525000.0,operating,USA,1,425.0
OncoGenex,Biotechnology,21500000.0,ipo,USA,2,
OncoHealth,Biotechnology,3450000.0,operating,USA,3,
OncoHoldings,Biotechnology,182500.0,operating,USA,1,
Oncolix,Biotechnology,8458704.0,operating,USA,4,1689.0
Oncology Services International,Biotechnology,3400000.0,operating,USA,1,10459.0
Oncolytics Biotech,Biotechnology,24000000.0,ipo,CAN,1,
Oncomark,Biotechnology|Diagnostics|Medical Professionals,2700000.0,operating,IRL,1,3185.0
OncoMed Pharmaceuticals,Biotechnology|Health Care,196249996.0,ipo,USA,3,1556.0
Onconova Therapeutics,Biotechnology|Health Care,89466477.0,ipo,USA,5,4445.0
OncoPep,Biotechnology,14400000.0,operating,USA,4,469.0
Oncopeptides,Biotechnology,0.0,operating,SWE,1,
OnCore Biopharma,Biotechnology,1000000.0,acquired,USA,1,1006.0
Oncos Therapeutics,Biotechnology,5500000.0,operating,FIN,1,
Oncoscope,Health Care,3648148.0,operating,USA,3,1598.0
OncoSec Medical,Health Care,67263000.0,ipo,USA,5,181.0
OncoStem Diagnostics,Health Diagnostics|Medical|Therapeutics,1000000.0,operating,,1,
Oncothyreon,Biotechnology|Health Care|Pharmaceuticals,64900000.0,ipo,USA,3,
OncoTree DTS,Biotechnology,5550000.0,operating,,3,
Oncovision,Fitness|Health and Wellness|Health Care,0.0,operating,MEX,1,
OncoVista Innovative Therapies,Biotechnology|Health Diagnostics,65000000.0,ipo,USA,2,2507.0
OnCURE Medical,Health Care|Hospitals|Medical,12000000.0,operating,USA,1,2013.0
One Medical Group,Doctors|Health Care|Medical,116500000.0,operating,USA,6,0.0
One Touch EMR,Health and Wellness|Medical,212500.0,operating,USA,2,212.0
One World Lab,Biotechnology,96500.0,operating,USA,2,1614.0
OneDoc,Curated Web|Health Care,250000.0,operating,,1,61.0
OneDrop,Apps|Health Care,8000000.0,operating,USA,1,
ONEighty C Technologies,Biotechnology,385000.0,operating,USA,2,
OneMedNet,Health Care,2770750.0,operating,USA,1,1837.0
OneOme,Biotechnology,1040832.0,operating,USA,1,502.0
OneHealth Solutions,Game Mechanics|Health and Wellness|Health Care|Social Network Media,16000000.0,acquired,USA,2,1304.0
OneTeamVisi,Medical,0.0,operating,CAN,1,554.0
ONFocus Healthcare,Consulting|Enterprise Software|Health Care|Hospitals|Software,4332943.0,acquired,USA,5,9234.0
Onkaido Therapeutics,Biotechnology,20000000.0,operating,USA,1,378.0
OnKure,Biotechnology,1094705.0,operating,USA,2,885.0
ONL Therapeutics,Biotechnology,1871810.0,operating,USA,2,1278.0
Online-OR,Medical,0.0,operating,USA,1,100.0
OnPlan Health,Health Care|Hospitals,450000.0,operating,USA,1,426.0
Onramp BioInformatics,Analytics|Big Data|Bioinformatics|Biotechnology|Genetic Testing|IT Management|Professional Services|Software,0.0,operating,USA,2,440.0
OnShift,Health Care|SaaS|Software,14133008.0,operating,USA,4,610.0
Onsite Health,Health Care|Hospitals,8000000.0,operating,USA,1,
OnTrack Imaging,Biotechnology,100000.0,operating,USA,1,1747.0
Onward Behavioral Health,Biotechnology,9250150.0,acquired,USA,1,1153.0
Onyvax,Biotechnology,14906222.0,operating,GBR,1,
Open Door Counseling,Health and Wellness|Medical,6000.0,operating,USA,1,270.0
Open Health Network,Big Data|Big Data Analytics|Health Care|Health Care Information Technology|Mobile Health,200000.0,operating,USA,1,335.0
Open mHealth,Health and Wellness|Health Care Information Technology|mHealth|Open Source,2347000.0,operating,USA,4,0.0
Opencare,Health Care|Software,1500000.0,operating,USA,1,606.0
OpenTrons,Biotechnology,25000.0,operating,USA,4,
Operating Analytics,Health Care|Hospitals|Predictive Analytics|SaaS|Software,50000.0,operating,USA,1,120.0
Opexa Therapeutics,Biotechnology,5836000.0,ipo,USA,3,
OpGen,Analytics|Biotechnology,86526744.0,ipo,USA,11,1122.0
Ophtalmopharma,Health Care,0.0,operating,CHE,1,1461.0
Ophthotech,Biotechnology|Health Care,282700000.0,ipo,USA,5,224.0
OPKO Health,Biotechnology|Health Diagnostics,206000000.0,ipo,USA,2,1614.0
Opsona,Biotechnology|Health and Wellness|Health Care|Medical|Therapeutics,51732700.0,operating,IRL,3,1993.0
"Opsonix, Inc.",Health Care|Medical|Therapeutics,8000000.0,operating,USA,1,
OptaHEALTH,Medical,0.0,operating,USA,1,1450.0
Optate,Health Care|Internet|Technology,8300000.0,acquired,USA,2,
Opternative,Contact Management|Eyewear|Health Care,3000000.0,operating,USA,3,420.0
Optherion,Biotechnology,42000000.0,operating,USA,2,1011.0
Optics 1,Biotechnology,38000000.0,operating,,1,8421.0
Opticul Diagnostics,Health Diagnostics|Medical Devices,450000.0,operating,ISR,1,2808.0
Optima Neuroscience,Health Care,265299.0,operating,USA,1,2015.0
Optimata,Biotechnology,1500000.0,operating,ISR,1,2965.0
OptiMedica,Biotechnology,81235886.0,acquired,USA,4,511.0
Optimer Pharmaceuticals,Biotechnology,34200000.0,acquired,USA,2,
OPTIMIZERx,Biotechnology,3000000.0,operating,USA,1,
OptiNose,Biotechnology,113500000.0,operating,NOR,3,
OptiScan Biomedical,Biotechnology,100756757.0,operating,USA,4,4300.0
OptMed,Biotechnology,9188120.0,operating,USA,8,974.0
Optofluidics,Biotechnology|Diagnostics|Nanotechnology,75000.0,operating,USA,1,1586.0
OptoForce,Health Care|Industrial Automation|Robotics|Sensors|Test and Measurement,0.0,operating,HUN,1,517.0
Optovue,Health Care,10500000.0,operating,USA,1,1215.0
OR Productivity,Hospitals|Medical Devices|Robotics,2013725.0,operating,GBR,1,1091.0
oragenics,Biotechnology,34473197.0,operating,USA,6,5126.0
Oramed Pharmaceuticals,Biotechnology,54387500.0,ipo,ISR,4,1928.0
Citra Health Solutions,Analytics|Health Care|Health Care Information Technology|Healthcare Services|High Tech|Web CMS,22500000.0,operating,USA,1,104.0
Oraya Therapeutics,Biotechnology,92347081.0,operating,USA,6,168.0
OrbFlex,Medical,60000.0,operating,USA,1,702.0
Orbis Biosciences,Biotechnology|Media,250000.0,operating,USA,2,308.0
Orbis Education,EdTech|Education|Health Care|Professional Services|Services,37684819.0,operating,USA,4,1994.0
Orca Pharmaceuticals,Healthcare Services|Medical Devices|Pharmaceuticals,2500000.0,operating,GBR,2,
Orchestrate Orthodontic Technologies,Biotechnology,782625.0,operating,USA,1,1204.0
ORDISSIMO,Computers|E-Commerce|Health Care|Open Source|Senior Citizens,2091000.0,operating,FRA,1,2544.0
Orega Biotech,Biotechnology,3710000.0,operating,FRA,1,
Orexigen Therapeutics,Biotechnology|Health Care,101000000.0,ipo,USA,3,751.0
Orexo,Biotechnology,72861405.0,ipo,SWE,2,
Organic Society,Biotechnology,40000.0,operating,CZE,1,
OrganiGram,Health Care|Medical|Pharmaceuticals,5000000.0,ipo,CAN,1,848.0
OrganizedWisdom,Health and Wellness|Health Care Information Technology|Search,8045000.0,operating,USA,4,517.0
Organovo Holdings,Biotechnology,66352435.0,ipo,USA,4,
Orgenesis,Biotechnology,3315000.0,operating,USA,2,1960.0
Oricula Therapeutics,Biotechnology,0.0,operating,USA,1,464.0
Origene Technologies,Biotechnology,69551983.0,operating,USA,5,5196.0
Orion Biopharmaceuticals,Medical,0.0,operating,USA,1,1034.0
Orion medical,Medical,3000.0,operating,USA,1,189.0
Orlumet,Medical,0.0,operating,USA,1,812.0
Ornim Medical,Health Care,55000000.0,operating,ISR,3,3155.0
Orphazyme,Biotechnology,44000000.0,operating,DNK,3,774.0
Orpro Therapeutics,Biotechnology,1327498.0,operating,USA,1,
Orqis Medical,Biotechnology,43343787.0,operating,USA,4,1638.0
Orreco,Bio-Pharm|Biotechnology|Sports,1061822.0,operating,IRL,1,
OrSense,Health Care,18000000.0,operating,ISR,1,5600.0
Orteq,Biotechnology,0.0,operating,GBR,1,
OrthAlign,Health Care,24170000.0,operating,USA,3,804.0
Orthera,Active Lifestyle|Fitness|Medical,1555000.0,operating,USA,2,2860.0
Ortho Kinematics,Biotechnology|Health Diagnostics,27418909.0,operating,USA,8,1209.0
Ortho Neuro Management,Health and Wellness|Health Diagnostics|Medical,936000.0,operating,USA,1,
OrthoAccel Technologies,Manufacturing|Medical,30756532.0,operating,USA,12,134.0
Orthobond,Biotechnology,2147092.0,operating,USA,1,2850.0
Orthocon,Health Care,25000000.0,operating,USA,1,
Orthogem,Biotechnology,0.0,operating,GBR,1,
OrthogenRx,Health Care|Life Sciences,5575000.0,operating,USA,2,751.0
OrthoGrid Systems,Medical Devices,600000.0,operating,USA,1,1306.0
Orthohub,Biotechnology,109000.0,operating,USA,1,477.0
OrthoMend Corporation,Medical,0.0,operating,USA,1,289.0
Orthomimetics,Biotechnology,9812643.91877748,acquired,,1,699.0
orthonika,Medical Devices,233767.0,operating,GBR,1,581.0
Orthonova,Medical Devices,16227.0,operating,,1,75.0
Orthopaedic Synergy,Biotechnology,46141000.0,operating,USA,2,981.0
OrthoPediactrics,Biotechnology,12551875.0,operating,USA,2,742.0
OrthoScan,Biotechnology|Customer Service|Medical Devices,8325000.0,acquired,USA,2,2470.0
OrthoSensor,Health Care,90988600.0,operating,USA,9,-231.0
OrthoSpace,Biotechnology,8000000.0,operating,ISR,1,2329.0
Orthovita,Health Care|Medical|Medical Devices,32500000.0,operating,USA,1,
Orthox,Health Care|Medical Devices|Technology,3933167.0,operating,GBR,1,2733.0
Orunje,Health and Wellness|Health Care|Pharmaceuticals,100000.0,operating,,1,137.0
Oryzon Genomics,Biotechnology|Medical,35760510.3789042,operating,ESP,2,2627.0
oscadi,Health Care|Image Recognition|iPad|mHealth,651386.0,operating,MUS,1,1246.0
Oscar Tech,Communities|Families|Health Care|Senior Citizens,30000.0,operating,USA,1,92.0
Osiris Therapeutics,Biotechnology,65000000.0,ipo,USA,2,4551.0
Osmetech,Diagnostics|Health Care|Medical,13555000.0,operating,USA,2,
Osprey Medical,Health Care,30300000.0,operating,USA,2,3210.0
Osprey Pharmaceuticals USA,Biotechnology|Medical,25892744.0,operating,USA,4,3316.0
OssDsign AB,Biotechnology,12623471.2385773,operating,SWE,2,775.0
Osseon Therapeutics,Health Care,16249935.0,operating,USA,1,2223.0
OSSIANIX,Biotechnology,0.0,operating,USA,1,
Osteopathy Quebec,Biotechnology,0.0,operating,CAN,1,
Osteoplastics,Health Care,0.0,operating,,1,
Ostial Solutions,Biotechnology,2030090.0,operating,USA,2,2807.0
Othera Pharmaceuticals,Biotechnology,10619994.0,operating,USA,1,2772.0
Otoharmonics Corporation,Health Care|Medical|Neuroscience,3200000.0,operating,USA,1,1621.0
Otologic Pharmaceutics,Biotechnology,4100000.0,operating,USA,1,
OtoNexus,Medical Devices,754990.0,operating,USA,1,
Otonomy,Biotechnology,143400000.0,ipo,USA,4,892.0
Otto Clave,Health Care,40000.0,operating,USA,1,
MyFitnessWallet,Fitness|Health and Wellness|Health Care Information Technology|Personal Health|Social Media|Software,525000.0,operating,SGP,5,-335.0
Ouro_botics,Biotechnology|Life Sciences|Medical,0.0,operating,,1,
Ouroboros,Biotechnology,1836667.0,operating,USA,2,
Outset Medical,Medical Devices,151000000.0,operating,USA,3,
Ovagen Fertility,Clinical Trials|Health and Wellness|Medical,0.0,operating,USA,1,
OvaGene Oncology,Biotechnology|Health Diagnostics|Medical,2121849.0,operating,USA,3,643.0
Ovalis,Biotechnology,8454877.0,operating,USA,3,
OvaScience,Biotechnology,81999920.0,ipo,USA,4,283.0
Ovid Therapeutics,Health Care,80060000.0,operating,USA,2,439.0
Ovizio,Biotechnology,8616975.44161999,operating,BEL,1,2145.0
Ovna Medical,Medical,0.0,operating,,1,
Ovuline,Analytics|Fertility|Health Care Information Technology|mHealth|Mobile|Women,5719992.0,operating,USA,5,-458.0
Owl biomedical,Biotechnology,3000000.0,operating,USA,1,752.0
Owlet Baby Care,Big Data|Consumer Electronics|Hardware + Software|Medical|Mobile,8850000.0,operating,USA,2,454.0
Owlstone Nanotech,Medical,0.0,operating,USA,1,3792.0
Oxagen,Biotechnology,26700000.0,operating,GBR,1,4710.0
Oxford BioTherapeutics,Biotechnology|Health Diagnostics,21641253.0,operating,GBR,9,446.0
Oxford Biotrans,Biotechnology,4810827.0,operating,GBR,2,273.0
Oxford Genetics,Biotechnology,227287.0,operating,GBR,1,824.0
Oxford Immunotec,Biotechnology|Health Care|Health Diagnostics,106550010.0,ipo,GBR,4,1317.0
Oxford Phamascience Group,Biotechnology,7823378.0,operating,GBR,2,1401.0
Oxie,Fitness|Health Care|Wearables,120000.0,operating,,1,424.0
Oxigene,Biotechnology,7500000.0,ipo,USA,1,8120.0
Oxis International,Medical Devices,3974999.0,operating,USA,3,
Oxitec,Biotechnology,36611963.0,acquired,GBR,6,1254.0
Oxitone Medical,Medical Devices,3000000.0,operating,ISR,1,1704.0
Oxtex,Health Care,1037802.0,operating,GBR,3,
OxThera,Biotechnology,53324213.0,operating,SWE,3,
Oxtox,Health Care,1132930.0,operating,GBR,1,
Oxygen Biotherapeutics,Biotechnology,10650000.0,ipo,USA,2,
Oxyrane UK,Biotechnology,26500000.0,operating,GBR,1,1781.0
OY LX Therapies,Biotechnology,2630000.0,operating,,1,379.0
OyaGen,Biotechnology,5922024.0,operating,USA,4,2451.0
Oz Sonotek,Development Platforms|Energy|Medical,1053837.02059198,operating,AUS,1,
P2 Science,Biotechnology|Chemicals|Specialty Chemicals,2000011.0,operating,USA,4,1056.0
PA & Associates Healthcare,Business Analytics|Consulting|Health Care Information Technology|Medical Devices,525000.0,operating,USA,1,8146.0
Pacgen Biopharmaceuticals,Biotechnology,12288.0,operating,CAN,1,2646.0
pacgenomics,Biotechnology,4500000.0,operating,USA,2,
Pacific Biosciences,Biotechnology,255220000.0,ipo,USA,5,608.0
Padinmotion,Biotechnology|Health and Wellness|Healthcare Services,360000.0,operating,USA,2,
Pager,Health Care|Mobile|Technology,24400000.0,operating,USA,3,0.0
PAIEON,Health and Wellness|Medical Devices,1500001.0,operating,USA,1,3601.0
Pain Doctor,Fitness|Health and Wellness|Health Care,0.0,operating,USA,1,
Pain Therapeutics,Biotechnology,1700000.0,ipo,USA,1,6472.0
Paion AG,Biotechnology,15193056.0,operating,DEU,3,5115.0
Paired Health,Health and Wellness|Health Care,700000.0,operating,USA,2,234.0
Palatin Technologies,Biotechnology|Health Care,87700000.0,ipo,USA,4,
PalindromX,Biotechnology,198608.0,operating,GBR,1,
Palingen,Biotechnology,1302789.0,operating,USA,1,6391.0
Palkion,Biotechnology,2500000.0,operating,USA,1,594.0
Palladium Life Sciences,Biotechnology,1800000.0,operating,USA,1,190.0
Palmaz Scientific,Health Care,29128000.0,operating,USA,5,500.0
Palmetto Veterinary Associates,Medical,0.0,operating,USA,1,766.0
Paloma Pharmaceuticals,Biotechnology,1700000.0,operating,USA,2,1705.0
Palyon Medical,Health Care|Life Sciences,24000000.0,operating,USA,1,2048.0
PamGene,Biotechnology,11.0,operating,NLD,1,1283.0
Panacela Labs,Biotechnology,37000000.0,operating,USA,1,279.0
Panacos Pharmaceuticals,Biotechnology,38300000.0,ipo,USA,2,
PanGenX,Health Care,4933640.0,operating,USA,2,
PanOptica,Biotechnology,75000000.0,operating,USA,2,
Paquin Healthcare Companies,Biotechnology,187500.0,operating,USA,1,
Par8o,Fitness|Health and Wellness|Health Care,13500000.0,operating,USA,4,520.0
paraBebes.com,Babies|E-Commerce|Kids|Medical,261560.0,operating,ESP,1,2084.0
Paracelsus Labs,Biotechnology,135000.0,operating,USA,1,
Paradigm Spine,Health Care,136552310.0,operating,USA,6,
Paragon Bioservices,Biotechnology,15000000.0,operating,USA,2,9066.0
Paragon Print & Packaging Group,Health Care|Manufacturing|Printing|Specialty Foods,167400000.0,operating,GBR,1,7121.0
Paragonix Technologies,Biotechnology,1100000.0,operating,USA,1,
Paranta Biosciences,Biotechnology,4933781.60263323,operating,AUS,1,
Parasol Therapeutics,Biotechnology|Health Diagnostics,6450000.0,operating,USA,2,860.0
Paratek Pharmaceuticals,Biotechnology,133000000.0,operating,USA,2,
Parcell Laboratories,Biotechnology,500000.0,operating,USA,1,
Parcus Medical,Health and Wellness|Health Care|Medical,1296000.0,operating,USA,1,1136.0
Parental Health,Health Care Information Technology|Medical,1005000.0,operating,USA,4,
Pareto Biotechnologies,Biotechnology,0.0,operating,USA,1,
Parica,Health and Wellness|Health Care|Health Care Information Technology,65952.0,operating,DEU,1,
ParinGenix,Biotechnology,5094613.0,operating,USA,2,3137.0
Parion Sciences,Biotechnology|Medical|Startups,3000000.0,operating,USA,1,
Park Place International,Enterprises|Health Care|Information Technology|Medical,0.0,operating,USA,1,
Parkinsor,Biotechnology,0.0,operating,,1,
Parsagen Diagnostics,Health and Wellness|Medical Devices|Women,3456000.0,operating,USA,1,
Partikula,Biotechnology|Chemicals|Life Sciences,550000.0,operating,USA,1,
PARx Solutions,Customer Support Tools|Medical|Therapeutics|Web Browsers,4414848.0,operating,USA,1,
Patara Pharma,Biotechnology,38350000.0,operating,USA,3,365.0
Path Logic,Biotechnology|Health Diagnostics,2500000.0,acquired,USA,1,
Pathfinder Technologies,Biotechnology,7476374.0,operating,USA,7,1750.0
PathGroup,Biotechnology|Health Diagnostics,19500000.0,operating,USA,1,5125.0
Pathogen Systems,Biotechnology,1905000.0,operating,USA,2,3298.0
Pathogenetix,Biotechnology|Health Diagnostics,24010453.0,operating,USA,5,4766.0
Pathology Holdings,Biotechnology,24654366.0,operating,USA,1,11250.0
PathoQuest,Biotechnology,4960000.0,operating,FRA,1,1287.0
PATHSENSORS,Biotechnology|Environmental Innovation|Life Sciences|Manufacturing,2423894.0,operating,USA,4,343.0
Pathway Medical Technologies,Health Care|Medical|Medical Devices,52433800.0,acquired,USA,2,
Pathway Pharmaceuticals,Biotechnology,0.0,operating,THA,1,
Pathwork Diagnostics,Biotechnology|Health Diagnostics,63500000.0,operating,USA,4,1369.0
Patient-Centered Outcomes Research Institute,Health Care,191000000.0,operating,USA,1,1451.0
Patient Communicator,Doctors|Health Care Information Technology|Q&A,0.0,operating,USA,1,15793.0
Patient Conversation Media,Advertising|Health and Wellness|Health Care|Internet|Media|News,1307617.0,operating,USA,2,182.0
Patient Feed,Apps|Medical|Mobile,0.0,operating,USA,1,
Patient Home Monitoring,Biotechnology,8333219.0,ipo,USA,3,
Patient Safety Technologies,Health and Wellness|Medical Devices|Security,15788674.0,acquired,USA,3,
Patientco,Finance Technology|FinTech|Health and Wellness|Health Care|Medical|SaaS,3750000.0,operating,USA,1,1325.0
PatientFocus,Health Care,1045000.0,operating,USA,2,786.0
PatientPing,Health Care,9600000.0,operating,USA,1,
Patients’ and Consumers’ Pharma,Medical Devices,500000.0,operating,USA,1,3849.0
Patients' & Consumers' Pharma,Medical Devices,505000.0,operating,USA,1,5780.0
Patients Know Best,Health and Wellness|Health Care Information Technology|Startups,6506633.1532467,operating,GBR,5,270.0
PatientsLikeMe,Health and Wellness|Medical|Social Media,27000000.0,operating,USA,4,1131.0
PatientsVoices,Health Care|Hospitals|Medical,270000.0,operating,USA,1,
PatientTrac Infomation Technology,Medical,0.0,operating,USA,1,2567.0
Patronus Medical,Medical,1000000.0,operating,USA,1,855.0
Pattern Genomics,Biotechnology,150000.0,operating,USA,1,810.0
Paubox,Cloud Security|Email|Enterprise Software|Health Care Information Technology|SaaS,30000.0,operating,USA,1,236.0
PaxVax,Biotechnology,129606472.0,operating,USA,7,1043.0
payasUgym,Coupons|Discounts|Fitness|Health Care|Search,5735450.0,operating,GBR,5,304.0
PAYFORMANCE HOLDING,Health Care|Healthcare Services|Medical,22259240.0,operating,USA,1,
PayRight Health Solutions,Health Care Information Technology,2101212.0,operating,USA,3,317.0
"PaySpan, Inc.",Health Care|Information Technology|Payments|Services|Software,3000000.0,operating,USA,1,11192.0
PBS-Bio,Biotechnology,338132.0,operating,USA,1,
PDC Biotech,Biotechnology,5500000.0,operating,AUT,1,
PDP Holdings,Health Care,225000.0,operating,USA,1,
Peak Rx #2,Healthcare Services|Medical|Pharmaceuticals,200000.0,operating,USA,1,
PEAK Surgical,Health Care,29000000.0,acquired,USA,2,
Pear Therapeutics,Biotechnology,0.0,operating,USA,1,807.0
Pearl Therapeutics,Biotechnology|Health and Wellness|Medical|Pharmaceuticals,247500100.0,acquired,USA,7,614.0
PECA Labs,Medical Devices|Product Development Services|Technology,1293671.0,operating,USA,2,907.0
Peckforton Pharmaceuticals,Biotechnology,1587246.0,operating,GBR,1,
PediaQ,Health Care|Technology,2150000.0,operating,USA,3,0.0
Pediatric Bioscience,Biotechnology,3117758.0,operating,USA,3,
PeerBridge Health,Health Care|Medical|Wireless,4895181.0,operating,USA,1,
peerfit,Health and Wellness|Health Care,400000.0,operating,USA,1,
Pegasus Biologics,Biotechnology,21047369.0,operating,USA,2,1590.0
Pelican Therapeutics,Health Care|Medical|Therapeutics,410000.0,operating,USA,2,
Pelikan Technologies,Biotechnology,94000000.0,operating,USA,2,2530.0
PellePharm,Bio-Pharm|Biotechnology|Pharmaceuticals,8144825.0,operating,USA,5,932.0
Peloton Therapeutics,Biotechnology,18000000.0,operating,USA,1,
Pembient,3D Printing|Biotechnology|GreenTech,50000.0,operating,USA,1,15.0
Penemarie K Murphy,Medical,0.0,operating,USA,1,7246.0
Peninsula Pharmaceuticals,Bio-Pharm|Medical|Pharmaceuticals,80000000.0,acquired,USA,2,665.0
Penn Medicine,Biotechnology,12000000.0,operating,USA,1,
PENRITH,Biotechnology,3120192.0,operating,USA,1,2201.0
Penumbra,Biotechnology,121230.0,ipo,USA,1,3228.0
Penzata,Analytics|Health and Wellness|Health Care|Optimization,1175000.0,operating,USA,2,
People's Care,Child Care|Health Care|Medical,0.0,operating,USA,1,6181.0
People10 Technologies Inc.,Big Data Analytics|E-Commerce Platforms|Health Care Information Technology|Information Technology|Mobile|Outsourcing|Product Development Services|Retail Technology|SaaS|Software|Technology|User Experience Design|Web Development,1633386.0,operating,USA,1,1390.0
PEP-Therapy,Biotechnology|Medical|Therapeutics,1413319.0,operating,FRA,1,481.0
Pepex Biomedical,Diabetes|Health Care|Health Diagnostics|Medical,10201670.0,operating,USA,2,2556.0
Pepgen Corporation,Bio-Pharm|Clinical Trials|Medical,7500000.0,operating,USA,1,
PEPperPRINT,Biotechnology,676000.0,operating,DEU,1,
Pepscan,Biotechnology,14809800.0,operating,NLD,2,
Peptimmune,Biotechnology|Medical|Services,68760000.0,acquired,USA,3,
PeptiVir,Biotechnology,300000.0,operating,USA,1,321.0
Percardia,Medical Devices,12900000.0,operating,USA,1,
Perceive3D,Medical Devices,574092.0,operating,,1,
PerceptiMed,Health Care,8977235.0,operating,USA,3,703.0
Perceptive Navigation,Medical|Medical Devices,950000.0,operating,USA,3,1047.0
PercSys,Health Care|Manufacturing|Medical Devices,4768655.0,operating,USA,1,3148.0
Percutaneous Valve Technologies (PVT),Health Care Information Technology|Healthcare Services|Medical Devices,19500000.0,acquired,USA,2,731.0
PercuVision,Health Care,2985000.0,operating,USA,1,932.0
Perez Forensic Strategies,Biotechnology|Medical,350000.0,operating,USA,1,1322.0
Perfectore,Consumer Goods|Fitness|Health and Wellness|Health Care,0.0,operating,USA,1,-63.0
PerfectServe,Health and Wellness|Health Care|Physicians,32900000.0,operating,USA,3,1366.0
Perfectus Biomed,Biotechnology,456438.0,operating,GBR,2,535.0
Perfint Healthcare,Biotechnology,32700000.0,operating,IND,4,1064.0
Performance Genomics,Biotechnology,240384.0,operating,,1,5365.0
Performance Indicator,Biotechnology,11235000.0,operating,USA,2,6285.0
Performance Plants,Agriculture|Biofuels|Biotechnology,13000000.0,operating,CAN,1,
Perfusix,Biotechnology,800000.0,operating,USA,1,872.0
Perfuzia Medical,Health Care,0.0,operating,USA,1,
PeriGen,Health Care,11400000.0,operating,USA,2,5489.0
Perimeter Medical Imaging,Medical Devices,5000000.0,operating,CAN,1,932.0
PerioSeal,Biotechnology|Medical,0.0,operating,USA,1,2007.0
PeriphaGen,Biotechnology,6500000.0,operating,USA,1,3377.0
Perle Bioscience,Biotechnology,2000000.0,operating,USA,1,131.0
Perlegen Sciences,Biotechnology,104000000.0,operating,USA,2,1123.0
Perlstein Lab PBC,Biotechnology|Medical|Pharmaceuticals,4700000.0,operating,USA,2,180.0
Permedly,Health Care|Healthcare Services|Medical,0.0,operating,USA,1,17.0
Permeon Biologics,Biotechnology,2500000.0,operating,USA,1,
Pernix Therapeutics,Biotechnology,99000000.0,ipo,USA,2,5851.0
PERORA,Biotechnology,0.0,operating,DEU,1,258.0
Perosphere,Biotechnology,4657479.0,operating,USA,3,349.0
PerSimiO,Medical,0.0,operating,ISR,1,-1049.0
Personal Genome Diagnostics (PGD),Biotechnology|Health Diagnostics,24300000.0,operating,USA,3,-31.0
Personal MedSystems,Health Care,3251500.0,operating,DEU,1,
Personalis,Biotechnology,75000000.0,operating,USA,3,14.0
Apervita,Analytics|Big Data Analytics|Health and Insurance|Health Care|Health Care Information Technology|Hospitals|Pharmaceuticals,20993787.0,operating,USA,3,710.0
Pet Protect Plan,Medical|Veterinary,0.0,operating,USA,1,399.0
Pet Ready,Health Care|Pets|Veterinary,0.0,operating,USA,1,-1.0
PEVESA,Biotechnology,2050880.0,operating,ESP,1,
Pfenex,Biotechnology,24000000.0,ipo,USA,1,2.0
PFO Global,Medical Devices,1000000.0,operating,USA,1,
Phagelux,Biotechnology,10000000.0,operating,CHN,1,889.0
Phagenesis,Biotechnology,29307140.0,operating,GBR,3,1339.0
PhageTech,Medical Devices,2400000.0,operating,USA,1,635.0
Pharma Omnium,Health and Wellness|Health Care|Medical|Pharmaceuticals,14561807.0,operating,FRA,5,
Pharma Two B,Biotechnology,8000000.0,operating,ISR,1,2122.0
PharmAbcine,Biotechnology,6000000.0,operating,KOR,1,
Pharmaca,Biotechnology,40193778.0,operating,USA,4,1807.0
PharmaCell,Eyewear|Manufacturing|Medical Devices,2642473.35506034,operating,NLD,1,
Pharmaceutic Litho & Label,Biotechnology|Medical Devices|Pharmaceuticals,0.0,operating,USA,1,
Pharmaco Kinesis,Delivery|Health Care|Medical Devices,1242500.0,operating,USA,1,1266.0
Pharmacopeia,Biotechnology,7630000.0,acquired,USA,1,4590.0
PharmacoPhotonics,Biotechnology|Health Diagnostics,7084989.0,operating,USA,4,
Pharmacy Development,Biotechnology,15000.0,operating,USA,1,827.0
PharmaDiagnostics,Biotechnology|Health Diagnostics,3700000.0,operating,BEL,1,
PharmaGen,Biotechnology,168500.0,operating,USA,2,
PharmaIN,Biotechnology,1500000.0,operating,USA,1,4883.0
PHARMAJET,Biotechnology,30972063.0,operating,USA,7,1914.0
PharmAkea Therapeutics,Biotechnology,10000000.0,operating,USA,1,645.0
Pharmalink,Biotechnology,19521926.0,operating,SWE,2,7673.0
PharmaNetUSA,Medical,200000.0,operating,USA,1,328.0
Pharmapod,Biotechnology|Cloud Data Services|Pharmaceuticals|Software,0.0,operating,IRL,1,31.0
Pharmaron Holding,Biotechnology,40000000.0,operating,USA,1,
PharmaSecure,Health Care Information Technology,7885002.0,operating,USA,4,995.0
PharmAssistant,Hardware + Software|Health and Wellness|Health Care|Pharmaceuticals,65952.0,operating,,1,206.0
PharmAthene,Biotechnology,19300000.0,ipo,USA,1,3129.0
PharmatrophiX,Biotechnology,11829936.0,operating,USA,5,1136.0
Pharmaxis,Biotechnology,1394437.0,operating,AUS,1,
Pharminex,Biotechnology,11307429.0,operating,USA,3,826.0
Pharminox,Biotechnology,2391737.0,operating,GBR,1,
Pharmly,E-Commerce|Health Care|Medical|Pharmaceuticals,20000.0,operating,USA,1,105.0
PharmRight Corp,Medical|Medication Adherence|Services,3100000.0,operating,USA,4,
Pharnext,Biotechnology,19941400.0,operating,FRA,3,1260.0
Pharos Innovations,Health and Wellness|Health Care|Health Care Information Technology|Healthcare Services|Medication Adherence|Mobile Health,7070545.0,operating,USA,5,5512.0
Phase Focus,Health Care,6751000.0,operating,GBR,3,774.0
Phase Holographic Imaging,Biotechnology,870000.0,operating,SWE,1,1909.0
PhaseBio Pharmaceuticals,Biotechnology,144124067.0,operating,USA,6,2122.0
PhaseRx,Biotechnology,27019304.0,operating,USA,5,788.0
PHEMI Health Systems,Biotechnology,15000000.0,operating,CAN,2,447.0
Phenex Pharmaceuticals,Biotechnology,12921240.0,acquired,DEU,2,1379.0
Phico Therapeutics,Biotechnology,1630571.0,operating,GBR,1,
Phlebotek Phlebotomy Solutions,Health and Wellness|Health Care|Staffing Firms,5000.0,operating,USA,1,0.0
Phlexglobal,Biotechnology,0.0,operating,GBR,1,5202.0
Phloronol,Biotechnology,8260000.0,operating,USA,2,330.0
Phobious,Augmented Reality|Health and Wellness|Health Care|Psychology|Virtual Worlds,0.0,operating,ESP,1,164.0
Phoenix Biotechnology,Biotechnology,4152664.0,operating,USA,2,
PhoreMost,Biotechnology,3800000.0,operating,GBR,1,
PhosImmune,Biotechnology|Clinical Trials,0.0,operating,USA,1,
Phosphate Therapeutics,Biotechnology,13881000.0,operating,GBR,1,
Photetica,Biotechnology,25000.0,operating,USA,1,
Photomedex,Health Care,4257250.0,ipo,USA,2,
PhotoniCare,Medical Devices,250000.0,operating,USA,1,899.0
Photonics Healthcare,Biotechnology,0.0,operating,NLD,1,
Photosonix Medical,Health and Wellness|Health Care|Medical Devices,510000.0,operating,USA,2,
Phraxis,Health Care,3815251.0,operating,USA,4,1084.0
Phrixus Pharmaceuticals,Biotechnology,100000.0,operating,USA,2,562.0
Phthisis Diagnostics,Biotechnology|Health Diagnostics|Medical,1170000.0,operating,USA,3,2301.0
Phylogix Inc.,Biotechnology,12000000.0,operating,USA,1,
Phylos Bioscience,Diagnostics|Health Care|Medical,250000.0,operating,USA,1,
PhysicianPortal,Consulting|Health Care,0.0,operating,USA,1,27.0
Physicians Angels,Health Care,0.0,operating,USA,1,353.0
Physicians Endoscopy,Biotechnology,1250000.0,operating,USA,3,2232.0
PHYSICIANS IMMEDIATE CARE,Biotechnology,350000.0,operating,USA,2,9338.0
Physicians Laboratories,Biotechnology,135000.0,operating,USA,1,821.0
Physicians Own Pharmacy,Health Care,473000.0,operating,USA,1,1221.0
Physicians Surgery Center,Health Care|Medical|Physicians,1200000.0,operating,USA,2,
PhysioSonics,Health Care,7848830.0,operating,USA,4,
Physiq,Health and Wellness|Health Care,4600000.0,operating,USA,1,
PhytoCeutica,Biotechnology,2000000.0,operating,USA,1,4352.0
Phytomedics,Biotechnology|Manufacturing|Technology,16500000.0,operating,USA,2,2941.0
Phyture Biotech,Biotechnology|Medical|Pharmaceuticals,1156416.0,operating,ESP,1,
Pi-Cardia,Healthcare Services|Medical Devices|Startups,0.0,operating,ISR,1,
PicnicHealth,Medical,2120000.0,operating,USA,2,180.0
Picofemto,Health Care,2210000.0,operating,USA,1,1305.0
Pidefarma,Beauty|Health Care|Pharmaceuticals,973877.0,operating,COL,5,
Piedmont BioProducts,Biotechnology,0.0,operating,USA,1,
Piedmont Pharmaceuticals,Biotechnology,13500000.0,operating,USA,2,
Pieris AG,Bio-Pharm|Biotechnology|Pharmaceuticals,11827049.0,operating,DEU,1,
PIERIS Proteolab,Biotechnology,77999989.8627303,ipo,,5,669.0
PijnZorg,Health and Wellness|Health Care|Life Sciences,100000.0,operating,NLD,1,251.0
Pili,Biotechnology,0.0,operating,FRA,1,
PILIHDOKTER.COM,Health Care,0.0,operating,IDN,1,793.0
Pillars4Life,Education|Health Care|Social Media,3410000.0,operating,USA,4,3628.0
PillGuard,Delivery|Health Diagnostics|Medical,1140000.0,operating,USA,2,3287.0
PillPack,Finance|FinTech|Health Care,62800000.0,operating,USA,4,60.0
Ping,Health Care Information Technology|Hotels|SMS|Transportation,10000.0,operating,,1,
Pinnacle Biologics,Biotechnology,1500000.0,operating,USA,1,
Pinnacle Medical Solutions,Health Care,1500000.0,operating,USA,2,2434.0
Pinnacle Pharmaceuticals,Biotechnology,8015002.0,operating,USA,1,
Pinnacle Spine,Biotechnology,250000.0,operating,USA,1,317.0
Pinnacle Transplant Technologies,Medical Devices,2450000.0,operating,USA,1,1925.0
Pinta Biotherapeutics*,Biotechnology|Health Care|Therapeutics,32111759.0,operating,USA,5,455.0
Pioneer Surgical Technology,Health Care|Manufacturing|Medical Devices,61000000.0,acquired,,3,
Pipeline Biomedical Holdings,Biotechnology|Health Diagnostics,11200000.0,acquired,USA,2,
PipelineRx,Biotechnology,14615000.0,operating,USA,3,290.0
Pipette,Health and Wellness|Health Care|mHealth|Mobile,0.0,acquired,USA,1,
Pique Therapeutics,Biotechnology,535500.0,operating,USA,1,1615.0
PIQUR Therapeutics,Biotechnology|Pharmaceuticals,55000000.0,operating,CHE,2,1193.0
Piramed,Biotechnology,13200000.0,acquired,GBR,1,919.0
Pivot Medical,Health Care,42725003.0,acquired,USA,4,
Pivotstream,Biotechnology,279706.0,operating,USA,1,174.0
PixelEXX Systems,Diagnostics|Health Diagnostics|Medical|Medical Devices,875000.0,operating,USA,2,195.0
Avanoo,Health Care,3340026.0,operating,,1,
Planet Biotechnology,Biotechnology,761000.0,operating,USA,2,
Plasmonix,Biotechnology,2590607.0,operating,USA,5,901.0
Plasticell,Biotechnology,6985203.0,operating,GBR,2,
Platform Orthopedic Solutions,3D Technology|Health Care|Manufacturing,30000.0,operating,ISR,1,239.0
Play-it Health,Health Care Information Technology,138750.0,operating,,4,108.0
PlayMaker CRM,Health Care,1125000.0,operating,USA,2,2070.0
PLC Diagnostics,Biotechnology|Health Diagnostics,183691.0,operating,USA,2,1436.0
PLC Systems,Health Care,17290000.0,operating,USA,6,8819.0
Plectix Biosystems,Biotechnology,6916666.0,operating,USA,1,
PlexPress,Biotechnology,2500000.0,operating,FIN,1,868.0
Plexxikon,Biotechnology,46000000.0,acquired,USA,1,1607.0
Pluriomics,Biotechnology,5059192.0,operating,NLD,1,1757.0
pluriSelect,Biotechnology,780000.0,operating,DEU,1,
Pluristem Therapeutics,Biotechnology|Pharmaceuticals,21370003.0,ipo,ISR,4,2689.0
PluroGen Therapeutics,Health Care,3378194.0,operating,USA,4,13616.0
Pluss App,Health Care,1000000.0,operating,IND,1,328.0
Pluss Polymers,Biotechnology,2400000.0,operating,IND,1,7493.0
PLx Pharma,Biotechnology,25274243.0,operating,USA,5,
PMD Solutions,Bioinformatics|Biotechnology|Health and Wellness|Healthcare Services|Medical,100000.0,operating,IRL,1,974.0
PMV Pharmaceutcals,Health and Wellness|Health Care|Pharmaceuticals,30000000.0,operating,USA,1,
PNA Innovations,Biotechnology,1200000.0,operating,USA,1,1586.0
PneumaCare,Biotechnology,5444961.0,operating,GBR,9,-7.0
Pneumoflex Systems,Biotechnology,930000.0,operating,USA,1,3467.0
PneumRx,Health Care,60000000.0,acquired,USA,2,1160.0
PNP Therapeutics,Biotechnology,2204000.0,operating,USA,4,
POC Medical Systems,Diagnostics|Health Diagnostics|Medical,1100000.0,operating,USA,1,720.0
POCARED Diagnostics Ltd.,Health Diagnostics|Medical Devices,15000000.0,operating,ISR,1,4065.0
PocketDerm,Health Care|Medical,2850000.0,operating,USA,1,343.0
Podimetrics,Biotechnology,3700000.0,operating,USA,2,816.0
POINT Biomedical,Biotechnology|Health and Wellness|Health Care|Medical|Pharmaceuticals,29300000.0,operating,USA,2,4207.0
PointCare,Biotechnology,1765594.0,operating,USA,2,1940.0
Pointcare Genomics,Biotechnology,300000.0,operating,USA,1,
PokitDok,Application Platforms|E-Commerce|Health Care|Health Care Information Technology,46200000.0,operating,USA,4,285.0
Polarean,Medical Devices,1929213.0,operating,USA,1,1707.0
Polaris Health Directions,Biotechnology,750000.0,operating,USA,1,6306.0
PolyActiva,Biotechnology,9836167.09442583,operating,AUS,1,
Polybiotics,Biotechnology,175000.0,operating,USA,1,491.0
PolyGen Pharmaceuticals,Medical,0.0,operating,USA,1,0.0
Polyheal,Health Care,1000000.0,operating,ISR,1,
PolyMedix,Biotechnology,14000000.0,ipo,USA,1,3012.0
Polynova Cardiovascular,Biotechnology,100000.0,operating,USA,1,
PolyPid,Biotechnology,3400000.0,operating,ISR,2,
Polyplus-transfection,Biotechnology,3237000.0,operating,FRA,1,
PolyTherics,Biotechnology,32465549.9144792,operating,GBR,4,2361.0
Pono Pharma,Biotechnology,1500000.0,operating,USA,1,78.0
Population Diagnostics,Biotechnology|Health Diagnostics,5360344.0,operating,USA,1,
Portable Medical Technology,Health and Wellness|Health Care|Medical|Medical Devices,0.0,operating,GBR,1,752.0
Portal Instruments,Medical Devices,36000000.0,operating,USA,2,1018.0
Portea Medical,Health Care|Healthcare Services|Medical,46500000.0,operating,IND,2,
Portico Systems,Health Care|Information Technology|Software,14950000.0,acquired,USA,3,
Portola Pharmaceuticals,Biotechnology,249099998.0,ipo,USA,5,343.0
Portsmouth Regional Ambulatory Surgery Center,Biotechnology,1683537.0,operating,USA,3,3640.0
Posit Science,Biotechnology,6396054.0,operating,USA,3,2673.0
"Positive Mobile Health, Inc.",Health and Wellness|Health Care|Health Care Information Technology|Mobile Health,342000.0,operating,USA,2,-32.0
PositiveID,Health Care|Health Diagnostics|Medical Devices,1912996.0,ipo,USA,4,4077.0
Positron,Biotechnology,1500000.0,operating,USA,1,
Potbotics,Biotechnology,2355200.0,operating,USA,1,947.0
"PotentiaMetrics, Inc.",Big Data Analytics|Fitness|Health Care,625000.0,operating,USA,1,1896.0
Pow Health,Health and Wellness|Health Care Information Technology|mHealth,162107.0,operating,GBR,1,632.0
PowerVision,Health Care,86500000.0,operating,USA,5,2190.0
Poxel,Biotechnology,33800000.0,operating,FRA,2,603.0
Practice Fusion,Electronic Health Records|Health and Wellness|Health Care|Physicians,157519998.0,operating,USA,12,1330.0
Practice Interactive,Medical|Services|Software,100000.0,operating,USA,1,1324.0
Practo,Health Care|Marketplaces|SaaS|Software,124000000.0,operating,IND,3,1534.0
Pradama,Biotechnology,250000.0,operating,USA,1,1784.0
Prana Diabetes,Apps|Health Care|Life Sciences,25000.0,operating,USA,1,0.0
Prana Essentials,Dietary Supplements|Fitness|Health and Wellness|Health Care,575000.0,operating,ISR,1,1602.0
PraXcell,Health Care,627000.0,operating,FRA,1,1378.0
Pre Diagnostics,Biotechnology,1615682.89530375,operating,NOR,1,
PreAction Technology Corp,Health and Wellness|Health Care|Medical,75000.0,operating,USA,1,
Precipio Diagnostics,Biotechnology|Health Diagnostics,2875000.0,operating,USA,2,276.0
Precise Light Surgical,Biotechnology,4500000.0,operating,USA,1,2114.0
Precision Biologics,Biotechnology|Health Diagnostics,50795000.0,operating,USA,2,791.0
Precision Biopsy,Biotechnology,36100000.0,operating,USA,2,
Precision BioSciences,Biotechnology,25600000.0,operating,USA,1,
PreCision Dermatology,Biotechnology,115400002.0,acquired,USA,3,333.0
Precision for Medicine,Health Care,150000000.0,operating,USA,1,822.0
Precision NanoSystem,Biotechnology,13400000.0,operating,CAN,1,2097.0
Helomics,Biotechnology|Health Diagnostics,93000000.0,operating,USA,3,1186.0
Precision Toxicilogy,Analytics|Fitness|Medical,14500000.0,acquired,USA,1,
PrecisionMeds,Medical|Retail,0.0,operating,USA,1,4148.0
Precyse,Consulting|Health Care,12020000.0,acquired,USA,2,4029.0
Predictive Biosciences,Biotechnology|Health Diagnostics,56750000.0,operating,USA,3,351.0
Predictus BioSciences,Biotechnology,500000.0,operating,USA,1,376.0
Predix Pharmaceuticals,Health and Wellness|Health Care|Pharmaceuticals,43000000.0,operating,,1,
Pregistry,Health Care|Health Care Information Technology|Mobile Health|Pharmaceuticals,220000.0,operating,USA,2,318.0
PregLem,Biotechnology,57968922.8844951,acquired,GBR,2,
Prematics,Biotechnology,10786338.0,acquired,USA,1,
Premier Biomedical,Biotechnology,57000.0,operating,USA,1,
Premier Diagnostics,Diagnostics|Health and Wellness|Health Diagnostics|Medical,6200000.0,ipo,CAN,2,
Prenetics,Babies|Biotechnology|Parenting,2650000.0,operating,HKG,1,
Presage Biosciences,Biotechnology,13566295.0,operating,USA,4,365.0
Prescient Surgical,Fitness|Health and Wellness|Medical Devices,6014157.0,operating,USA,1,1031.0
Prescribe Well,Health and Wellness|Health Care|Medical,100000.0,operating,USA,1,
Prescription Corporation of America,Biotechnology,5925000.0,operating,USA,1,
Presidio Pharmaceuticals,Biotechnology,100183473.0,operating,USA,6,605.0
Pressure BioSciences,Biotechnology|Health Diagnostics,10628756.0,ipo,USA,9,11373.0
Prestodiag,Biotechnology,0.0,operating,FRA,2,363.0
"Prestwick Pharmaceuticals, Inc.",Bio-Pharm|Biotechnology|Pharmaceuticals,95000000.0,operating,USA,3,
Pretty Litter,Diagnostics|Health Care|Pets,0.0,operating,USA,1,29.0
Prevacus,Biotechnology,1658000.0,operating,USA,2,
Prevention Pharmaceuticals,Biotechnology,650000.0,operating,USA,1,740.0
Prevently,Health and Wellness|Health Care|Mobile Health,2205500.0,operating,USA,6,303.0
Prevtec microbia,Biotechnology|Health and Wellness|Health Care,7200000.0,operating,CAN,2,
Prexa Pharmaceuticals,Biotechnology,10200000.0,operating,USA,2,1944.0
Prexton Therapeutics,Health and Wellness|Medical|Pharmaceuticals,10000000.0,operating,CHE,1,1150.0
PriceMDs.com,Health Care|Medical,75000.0,operating,USA,1,162.0
Prima Temp,Health Care,4350000.0,operating,USA,2,1612.0
Primaeva Medical,Health Care,14250000.0,acquired,USA,3,
PrimaHealth Credit,Credit|Finance|Finance Technology|FinTech|Health Care|Personal Finance,1000000.0,operating,USA,1,465.0
Primcogent Solutions,Health Care,15000000.0,operating,USA,1,1217.0
Prime Genomics,Biotechnology,516685.0,operating,USA,3,725.0
E Ink Holdings,Biotechnology,238174040.0,operating,TWN,1,6427.0
PrimeraDx (Primera Biosystems),Biotechnology,33151129.0,operating,USA,3,1469.0
PrimeSource Healthcare Systems,Biotechnology,5500000.0,operating,USA,1,11560.0
Primordial,Biotechnology,180000.0,operating,USA,1,
Primordial Genetics,Biofuels|Biotechnology|Clean Energy|Pharmaceuticals,1040019.0,operating,USA,2,
Primorigen Biosciences,Biotechnology,2500000.0,operating,USA,1,
Primrose Therapeutics,Biotechnology,752550.0,operating,USA,1,228.0
Principia BioPharma,Biotechnology,89901817.0,operating,USA,4,
Prism Medical,Medical,7000000.0,operating,CAN,1,
Prism Pharmaceuticals,Biotechnology|Medical|Pharmaceuticals,15000000.0,acquired,USA,1,
Prismic Pharmaceuticals,Biotechnology,1200000.0,operating,USA,1,
Privia Health,Doctors|Electronic Health Records|Health and Wellness|Medical|Physicians,417500000.0,operating,USA,3,1451.0
Pro-Cure Therapeutics,Biotechnology,2238535.0,operating,GBR,2,
Galectin Therapeutics,Biotechnology,9514000.0,ipo,USA,13,2995.0
Proa Medical,Biotechnology,3112100.0,operating,USA,8,230.0
Proactive Comfort,Medical,0.0,operating,USA,1,461.0
Probe Scientific,Health Care,1600000.0,operating,GBR,1,4291.0
Probiodrug,Biotechnology,73422000.0,ipo,DEU,2,4688.0
Probity,Biotechnology,1275000.0,operating,USA,1,2282.0
Procarta Biosystems,Biotechnology,2141777.0,operating,,2,315.0
Procept BioRobotics,Biotechnology,91667625.0,operating,USA,3,2378.0
ProCertus BioPharm,Biotechnology,4000000.0,operating,USA,2,
ProChon Biotech,Biotechnology,3950000.0,acquired,USA,1,
Procura,Health Care|Information Technology|Medical Devices|Software,0.0,operating,CAN,1,9271.0
ProCure Treatment Centers,Biotechnology,75000000.0,operating,USA,2,
Prodigo Solutions,Health Care|Software,12500000.0,operating,USA,1,2276.0
Profectus Biosciences,Biotechnology,29591206.0,operating,USA,5,
profectus health research,Biotechnology,480000.0,operating,USA,1,
Professional Diabetes Care Center,Medical,0.0,operating,USA,1,-69.0
Profex,Biotechnology,15500000.0,operating,,1,2796.0
ProFibrix,Biotechnology,33000000.0,acquired,NLD,3,1181.0
Profility,Biotechnology,1687820.0,operating,USA,1,1953.0
Profound,Apps|Medical Devices|Technology,2500000.0,operating,CAN,1,
Profusa,Biotechnology,15219122.0,operating,USA,3,1337.0
PROGENESIS TECHNOLOGIES,Biotechnology,100000.0,operating,USA,1,
Prognomix,Biotechnology,4100000.0,operating,TUR,1,
PrognosDx Health,Biotechnology,10000.0,operating,USA,1,
Progressive Care,Biotechnology,150000.0,operating,USA,1,2536.0
Project 2020,Employer Benefits Programs|Health Care,4714965.0,operating,USA,2,202.0
Projectioneering,Biotechnology,883000.0,operating,USA,1,73.0
Prolacta Bioscience,Biotechnology,33323892.0,operating,USA,4,2881.0
Prolong Pharmaceuticals,Biotechnology,30000000.0,operating,USA,1,
PROLOR Biotech,Biotechnology,26399991.0,acquired,ISR,2,
Promedior,Biotechnology,63000000.0,operating,USA,6,143.0
Promentis Pharmaceuticals,Biotechnology,5337000.0,operating,USA,3,1338.0
Promethean,Biotechnology,3684991.0,operating,USA,1,743.0
Prometheon Pharma,Bio-Pharm|Biotechnology|Medical Devices|Pharmaceuticals,1100000.0,operating,USA,2,1322.0
Promethera Biosciences,Biotechnology,70219776.0,operating,BEL,3,
Prometheus Laboratories,Biotechnology,260000000.0,acquired,USA,1,5485.0
ProMetic Life Sciences,Biotechnology|Health Diagnostics,25100000.0,ipo,CAN,2,7994.0
Promimic,Biotechnology,1541809.0,operating,SWE,1,
Promip Agro Biotecnologia,Agriculture|Biotechnology|Specialty Chemicals,2000000.0,operating,,1,2771.0
ProMIS Neurosciences,Biotechnology,150341.0,operating,CAN,1,
Promosome,Biotechnology,13700000.0,operating,USA,2,
PromptCare,Biotechnology,876150.0,operating,USA,1,8905.0
ProNAi Therapeutics,Biotechnology,80231452.0,ipo,CAN,5,2552.0
ProNerve,Health Care|Hospitals|Medical|Physicians,2443369.0,operating,USA,2,
Pronia Medical Systems,Health Care,300000.0,operating,USA,1,
Pronota,Biotechnology|Health Diagnostics,39310306.0,operating,,8,548.0
ProNova Solutions,Biotechnology,40202460.0,operating,USA,3,682.0
ProNoxis,Biotechnology,0.0,operating,SWE,1,
ProNurse Homecare & Infusion,Health Care,0.0,operating,USA,1,775.0
"Pronutria Biosciences, Inc.",Biotechnology,49800000.0,operating,USA,3,1390.0
ProofPilot,Advertising|Brand Marketing|Clinical Trials|Consumers|Fitness|Health and Wellness|Health Care|Life Sciences|Market Research,1850000.0,operating,USA,2,538.0
Propanc,Biotechnology,30000.0,operating,AUS,1,
Propel(x),Angels|Biotechnology|Deep Information Technology|Medical Devices|Venture Capital,1500000.0,operating,USA,1,304.0
Propeller Health,Health Care,28365200.0,operating,USA,4,2002.0
Proper Pillow,Medical|Sensors,1000000.0,operating,USA,1,1067.0
ProPhase Labs,Health and Wellness|Healthcare Services|Information Technology|Medical,7000000.0,ipo,USA,1,
ProRadis,Diagnostics|Information Technology|Medical|Software,1919773.0,operating,BRA,4,776.0
ProRetina Therapeutics,Biotechnology|Medical,509656.0,operating,ESP,1,1362.0
Prosensa,Biotechnology|Health Care|Medical|Therapeutics,73272800.0,acquired,NLD,4,1857.0
Prosetta,Biotechnology,35039850.0,operating,USA,3,1966.0
Prosonix,Biotechnology,45049261.0,acquired,GBR,2,2012.0
Prospective Research,Medical,0.0,operating,,1,
Prospex Medical,Health Care,3000000.0,operating,USA,2,
ProstaGene,Biotechnology,400000.0,operating,USA,1,1894.0
Prostate Management Diagnostics,Bio-Pharm|Health Diagnostics|Medical,1060000.0,operating,USA,1,
ProtAb,Biotechnology|Pharmaceuticals,4000000.0,operating,ISR,1,1938.0
ProtAffin Biotechnologie,Biotechnology,7130238.78319605,operating,AUT,3,
Protagenic Therapeutics,Biotechnology,1017789.0,operating,USA,2,2450.0
Protagonist Therapeutics,Biotechnology,67000000.0,operating,AUS,4,2087.0
Protalex,Biotechnology,5828000.0,operating,USA,2,
Protalix BioTherapeutics,Biotechnology,10000000.0,operating,ISR,1,7956.0
Protea Biosciences Group,Biotechnology,9886028.0,operating,USA,8,3145.0
Protea Medical,Health Care,8000000.0,operating,USA,1,
Protectimmun GmbH,Bio-Pharm|Biotechnology|Technology,0.0,operating,,1,
Protedyne Corporation,Health and Wellness|Medical|Pharmaceuticals,12000000.0,operating,USA,1,
Protein Forest,Biotechnology,24010000.0,acquired,USA,4,689.0
PROTEIN LOUNGE,Biotechnology,1000.0,operating,USA,1,3086.0
Protenus,Big Data Analytics|Cyber Security|Health and Wellness|Health Care Information Technology,1350000.0,operating,USA,4,9.0
Proteocyte Diagnostics,Collaboration|Diagnostics|Health Diagnostics|Medical Devices|Technology,553573.0,operating,CAN,1,
ProteoGenix,Diagnostics|Medical|Pharmaceuticals,28002500.0,operating,USA,3,1899.0
ProteoMediX,Biotechnology,7138312.0,operating,CHE,3,682.0
Proteon Therapeutics,Biotechnology,126538660.0,ipo,USA,5,2439.0
proteonomix,Biotechnology,3804991.0,operating,USA,1,6289.0
Proteopure,Biotechnology,290000.0,operating,USA,4,
ProteoSense,Health Care Information Technology,0.0,operating,USA,2,484.0
Proteostasis Therapeutics,Biotechnology,110635271.0,operating,USA,3,
ProteoTech,Biotechnology|Health Diagnostics,10540779.0,operating,USA,2,4866.0
Proteros biostructures,Biotechnology,7016360.0,operating,DEU,1,
Proterro,Biotechnology|Specialty Chemicals,3500000.0,operating,USA,1,
Proteus Digital Health,Biotechnology|Health Care|Mobile|Software,315349979.0,operating,USA,10,120.0
Protez Pharmaceuticals,Health and Wellness|Health Care|Pharmaceuticals,15000000.0,acquired,,1,
Protégé Biomedical,Biotechnology,500000.0,operating,,1,1126.0
ProThera Biologics,Biotechnology,750000.0,operating,USA,1,4265.0
ProTip,Health Care,4700000.0,operating,NLD,1,3080.0
Protiva Biotherapeutics,Biotechnology,8250000.0,acquired,USA,2,2385.0
ProtoLytic,Biotechnology,100000.0,operating,USA,1,
Protom International,Biotechnology,1796000.0,operating,USA,2,485.0
Proton Therapy,Biotechnology,4029011.0,operating,USA,2,
ProUroCare Medical,Biotechnology,1350000.0,operating,USA,5,4288.0
Provasculon,Health Care,6000000.0,operating,USA,1,
Provata Health,Fitness|Health and Wellness|Health Care,1400000.0,operating,USA,1,680.0
ProVazo,Medical Devices,90000.0,operating,USA,1,849.0
PROVECTUS PHARMACEUTICALS,Biotechnology,10592426.0,operating,USA,3,2737.0
Provenance Biopharmaceuticals,Biotechnology,8000000.0,operating,USA,1,
PROVENTIX SYSTEMS,Biotechnology,5371254.0,operating,USA,6,835.0
PROVERDE LABORATORIES,Consulting|Medical|Services,640000.0,operating,USA,1,
Provesica,Biotechnology,6179090.0,operating,GBR,1,353.0
Provia Laboratories,Biotechnology|Health Care|Medical|Pharmaceuticals,325000.0,operating,USA,1,2174.0
Providence Medical Technology,Medical Devices,18800000.0,operating,USA,2,2281.0
Providence Surgery,Biotechnology,45000.0,operating,USA,1,2460.0
Providence Therapy,Biotechnology,25000.0,operating,USA,1,
Provision Diagnostic Imaging,Biotechnology,1736410.0,operating,USA,1,
Provista Diagnostics,Biotechnology|Health Diagnostics,29417240.0,operating,USA,6,1892.0
proVITAL,Health Care,0.0,operating,USA,1,
Provivi,Biotechnology,8471104.0,operating,USA,2,801.0
ProVox Technologies,Health Care,6300000.0,operating,USA,2,
Proxeon,Biotechnology,2410000.0,acquired,DNK,1,
Proxima Therapeutics,Health Care|Health Diagnostics|Medical,31000000.0,acquired,USA,2,
Proximagen,Biotechnology,96500000.0,operating,GBR,2,
Proximare Health,Health Care,0.0,operating,,1,
Proxsys,Biotechnology,0.0,acquired,USA,1,
ProZyme,Biotechnology,321414.0,operating,USA,1,7956.0
Pryor Medical Devices,Medical Devices,5000000.0,operating,USA,1,
Pryv,Apps|Health Care Information Technology|Internet of Things|Personalization|Privacy|Quantified Self|Software|Tracking,700000.0,operating,CHE,3,-80.0
PS Biotech,Biotechnology,0.0,operating,DEU,2,244.0
pSivida,Biotechnology,57800000.0,ipo,USA,3,
PsychArmor,Health Care,1000000.0,operating,USA,1,680.0
Psychiatric Solutions,Health Care|Healthcare Services|Hospitals,25000000.0,acquired,USA,1,5488.0
PSYLIN NEUROSCIENCES,Biotechnology,5000000.0,operating,USA,1,
Psynova Neurotech,Biotechnology,3930701.0,operating,GBR,1,
PTC Therapeutics,Biotechnology|Health Care,417100000.0,ipo,USA,11,1357.0
PTS Physicians,Health Care|Hospitals,1500000.0,operating,USA,1,3103.0
Pulmatrix,Biotechnology,83900000.0,operating,USA,6,2261.0
Pulmocide,Health Care,27541217.3218056,operating,GBR,1,329.0
Pulmokine,Bio-Pharm|Biotechnology|Pharmaceuticals,1000000.0,operating,USA,1,
Pulmologix,Health and Wellness|Health Care,12388268.0,operating,,1,
PulmOne,Health and Wellness|Health Care|Medical Devices,500000.0,operating,ISR,1,2700.0
Pulmonx,Biotechnology,93500000.0,operating,USA,5,
Pulse Therapeutics,Health Care,6050000.0,operating,USA,3,
Puma Biotechnology,Biotechnology,417300249.0,ipo,USA,3,
Pump!,Biotechnology,40000.0,operating,CHL,1,248.0
PURE Bioscience,Biotechnology,3251250.0,ipo,USA,3,6887.0
Pure life renal,Biotechnology,20500000.0,operating,USA,2,154.0
PureBrands,Biotechnology,750000.0,operating,USA,1,263.0
Purely Proteins Limited,Biotechnology,3600000.0,operating,GBR,2,
Puridify,Biotechnology,4830067.47772653,operating,GBR,2,454.0
Purigen Biosystems,Biotechnology,1030000.0,operating,USA,2,
Purkinje Farms,Biotechnology|Medical,5000.0,operating,USA,1,304.0
Purple Binder,Health Care|Social Network Media|Software,0.0,operating,USA,1,689.0
Pursuit Vascular,Health Care,10214900.0,operating,USA,5,1155.0
PurThread Technologies,Biotechnology,9076957.0,operating,USA,2,1478.0
Putney,Biotechnology,49600064.0,operating,USA,5,1401.0
PxRadia,Biotechnology,50000.0,operating,USA,1,1557.0
PYA Analytics,Biotechnology,500000.0,operating,USA,1,
Pyng Medical,Biotechnology,1357938.0,operating,CAN,3,
Q Care International,Biotechnology,7650000.0,operating,USA,2,6988.0
Q Chip,Biotechnology,9699336.0,operating,GBR,3,
Q Holdings,Biotechnology,12018047.0,operating,USA,2,
QFO Labs,Health Care,200000.0,operating,USA,1,1153.0
Qikwell Technologies,Health and Wellness|Health Care Information Technology|Mobile Health|Telephony,3000000.0,acquired,IND,2,1093.0
Qliance Medical Management,Health Care|Health Care Information Technology|Health Services Industry|Hospitals,23800264.0,operating,USA,6,1578.0
QMedic,Health Care Information Technology|Internet of Things|Machine Learning|Senior Health,4100000.0,operating,USA,2,1189.0
qointa,Clinical Trials|Health Care Information Technology|Medical Devices,3196787.3568904,operating,BEL,5,-214.0
Qompium,Apps|Health and Wellness|Health Care|Health Care Information Technology|Mobile,65952.0,operating,DEU,1,
QR Pharma,Biotechnology,7516103.0,operating,USA,6,745.0
Qspex Technologies,Health Care,85484760.0,operating,USA,9,1031.0
Qu Biologics Inc.,Health Care|Healthcare Services|Medical,4080830.0,operating,CAN,1,
Quad Technologies,Biotechnology,0.0,operating,USA,1,1038.0
QuaDPharma,Biotechnology,1000000.0,operating,USA,1,
Quadrant 4 Systems Corporation,Cloud Computing|Health Care|PaaS,990000.0,operating,USA,1,
Qualifacts Systems,Health Care|Health Care Information Technology|Software,0.0,operating,USA,1,
Quality Systems,Biotechnology,23394037.0,ipo,USA,2,13191.0
QualMetrix,Health Care,6085000.0,operating,USA,4,452.0
QuanDx,Biotechnology,1250000.0,operating,USA,2,1155.0
Quanta Fluid Solutions,Health Care|Medical|Medical Devices|Technology,60358285.0,operating,GBR,3,670.0
Quantagen Biotech,Biotechnology,11500.0,operating,USA,1,291.0
QuantaLife,Biotechnology|Health Diagnostics,28712619.0,acquired,USA,3,519.0
Quantapore,Biotechnology,35000000.0,operating,USA,1,1966.0
Quanterix,Analytics|Biotechnology|Health Diagnostics,43999999.0,operating,USA,5,602.0
Quantia,Communities|Health and Wellness|Medical|Networking|Physicians|Social Media,41049041.0,operating,USA,4,1915.0
Quantified Care,App Stores|Health Care|Health Care Information Technology|Medical Devices|Mobile|Mobile Devices|Mobile Health,50000.0,operating,USA,3,350.0
QuantiHealth,Biotechnology,3200000.0,operating,CHN,1,
Quantros,Biotechnology,0.0,operating,USA,1,
QuantRx Biomedical,Biotechnology,406039700.0,operating,USA,1,8626.0
Quantum Biosystems,Biotechnology|Health and Wellness|Health Care,20500000.0,operating,JPN,1,763.0
Quantum Immunologics,Biotechnology,7536731.0,operating,USA,3,
Quantum OPS,Biotechnology,1050000.0,operating,USA,1,810.0
Quantum Surgical,Health Care|Medical|Medical Devices,500000.0,operating,USA,1,
QuantuMDx Group,Biotechnology,22039074.0,operating,GBR,6,1033.0
Quark Pharmaceuticals,Biotechnology|Medical,37000000.0,operating,USA,2,4964.0
Quartet Health,Digital Media|Health Care Information Technology|Predictive Analytics,7000000.0,operating,USA,1,425.0
Quartet Medicine,Biotechnology,23000000.0,operating,GBR,2,
QuatRx Pharmaceuticals,Biotechnology,58025045.0,operating,USA,2,2698.0
Quietyme,Health Care,1300000.0,operating,USA,5,3.0
Quincy Bioscience,Biotechnology,5181090.0,operating,USA,1,
Quinnova Pharmaceuticals,Biotechnology,31300000.0,operating,USA,3,1427.0
Quintiles,Biotechnology,526000000.0,acquired,USA,2,
quip,Beauty|Fitness|Health Care,300000.0,operating,USA,2,306.0
Quotient Biodiagnostics,Biotechnology|Health Diagnostics,16200027.0,ipo,USA,3,
Quotient Clinical,Bio-Pharm|Biotechnology|Pharmaceuticals,62661128.6164423,acquired,GBR,1,
Quyi Network,Consulting|Health Diagnostics|Medical,10000000.0,operating,,1,
Quyiyuan,Health and Wellness|Health Care|Mobile,48500000.0,operating,CHN,2,-242.0
Qvanteq,Medical Devices,0.0,operating,CHE,1,455.0
Qview Medical,Health Care Information Technology,4761388.0,operating,USA,1,3358.0
Qwell Pharmaceuticals,Biotechnology,7000000.0,operating,,1,
Ra Pharmaceuticals,Biotechnology,77433082.0,operating,USA,3,
Radial Analytics,Analytics|Health Care|Hospitals,400040.0,operating,USA,1,370.0
Radiant Research,Clinical Trials|Medical|Pharmaceuticals,11000000.0,operating,USA,1,4642.0
Radiation Monitoring Devices,Health Care,3450000.0,operating,USA,1,
Radient Pharmaceuticals,Biotechnology,8437500.0,operating,USA,1,
Radient Technologies,Biotechnology,3576163.0,operating,CAN,5,4266.0
Radiology Partners,Health Care,476680.0,operating,USA,1,
RadioRx,Biotechnology,20450011.0,operating,USA,1,4124.0
Radisens Diagnostics,Diagnostics|Health Care|Health Diagnostics|Medical,1593460.0,operating,IRL,1,890.0
Radisphere Radiology,Biotechnology|Image Recognition,42500005.0,operating,USA,2,3606.0
Adaptix Ltd,Health Care|Health Diagnostics|Semiconductors,0.0,operating,,1,2126.0
Radius Health,Biotechnology,212900000.0,ipo,USA,6,1248.0
RadLogics,Analytics|Big Data|Health and Wellness|Health Care Information Technology|Image Recognition|SaaS,2850000.0,operating,USA,2,365.0
RadMit,Medical,192000.0,operating,USA,1,20.0
RadPharm,Health Care|Image Recognition|Medical,10000000.0,operating,,1,
radRounds Radiology Network,Curated Web|Health Care|Networking|Physicians,0.0,operating,USA,1,245.0
Raiing,Health Care,1647446.0,operating,CHN,2,
Rainbow Hospitals,Biotechnology,19500000.0,operating,IND,1,6434.0
"Rainbow Medical, Ltd.",Medical Devices,25000000.0,operating,ISR,1,
RainDance Technologies,Biotechnology,138660528.0,operating,USA,6,1202.0
RainTree Oncology Services,Biotechnology,33887517.0,operating,USA,2,
RaNA Therapeutics,Biotechnology,87172231.0,operating,USA,3,333.0
Randolph Hospital,Health Care,350000.0,operating,USA,1,31274.0
Rani Therapeutics,Biotechnology,15486363.0,operating,USA,2,
Rapamycin Holdings,Health Care,3926094.0,operating,USA,4,335.0
Rapid Diagnostek,Biotechnology,12803748.0,operating,USA,4,8794.0
Rapid Micro Biosystems,Biotechnology,97401413.0,operating,USA,7,1313.0
Rapid Pathogen Screening,Biotechnology,56040950.0,operating,USA,4,2231.0
Rapidscan Pharma Solutions,Health Care|Medical|Pharmaceuticals,2350000.0,operating,USA,1,249.0
Raptor Pharmaceuticals,Biotechnology,87386000.0,ipo,USA,4,
Rarebase,Medical,0.0,operating,GBR,1,0.0
RareCyte,Biotechnology,0.0,operating,USA,1,
Ras Labs,Biotechnology,1345000.0,operating,USA,2,4598.0
Ratio,Biotechnology,343000.0,operating,USA,1,2015.0
Raven Biotechnologies,Biotechnology,88300000.0,acquired,USA,2,1463.0
Ravgen,Health Care,1091663.0,operating,USA,1,4515.0
Raymedica,Medical Devices,10000000.0,operating,USA,1,
Raze Therapeutics,Health Care|Health Care Information Technology,24000000.0,operating,USA,1,
RCT Logic,Biotechnology,831001.0,operating,USA,3,1358.0
Reacción,Health Care,40000.0,operating,CHL,1,360.0
REACH Health,Biotechnology|Health Care,20040271.0,operating,USA,6,1730.0
Real Imaging Holdings,Health Care,1644000.0,operating,ISR,2,2613.0
Real Time Genomics,Biotechnology,3000000.0,operating,USA,1,
Real Time Medical Systems,Health Care,435000.0,operating,USA,1,1441.0
RealBio Technology,Biotechnology,1609750.0,operating,USA,2,186.0
ReaLens,Medical,100000.0,operating,USA,1,2322.0
RealSelf,Beauty|Cosmetic Surgery|Dental|Doctors|Health and Wellness|Lifestyle|Medical|Q&A|Reviews and Recommendations|Social Media|Social Network Media,1950000.0,operating,USA,2,204.0
RealView Imaging,Health Care,10000000.0,operating,ISR,1,2519.0
ReaMetrix,Biotechnology,5650000.0,operating,USA,2,744.0
Reapplix,Biotechnology,2028242.0,operating,DNK,3,433.0
Reata Pharmaceuticals,Biotechnology,433949840.0,operating,USA,6,1046.0
Rebiotix,Biotechnology,27780000.0,operating,USA,2,310.0
REBIScan,Health Care,100000.0,operating,USA,1,1273.0
ReCept Holdings,Biotechnology,10154182.0,operating,USA,1,
RECEPTA biopharma,Biotechnology,2500000.0,operating,,1,
Receptor Biologix,Medical|Pharmaceuticals|Therapeutics,33640000.0,operating,,2,
Receptos,Biotechnology,73480066.0,acquired,USA,4,872.0
Recipharm,Biotechnology,210384730.0,ipo,SWE,1,7201.0
Recombine,Biotechnology|Health Care,3300000.0,operating,USA,1,1158.0
RECOMBINETICS,Biotechnology,5346050.0,operating,USA,4,2005.0
ReCor Medical,Health Care|Medical|Therapeutics,15000000.0,operating,USA,1,
RecordSled,Health Care|Medical|Technology,250000.0,operating,USA,1,
Recovery Ranch,Medical,0.0,operating,USA,1,0.0
Recro Pharma Inc.,Health Care,16000008.0,ipo,USA,1,
ReCyte Therapeutics,Biotechnology,9900000.0,operating,USA,3,
"Red Lozenge, inc.",Digital Media|Health Care|Online Gaming,825000.0,operating,,2,14.0
Red Mountain Medical Response,Medical,0.0,operating,USA,1,-9.0
Red Pigeon Interactive LLC,Education|Health Care|Retail Technology,50000.0,operating,USA,1,62.0
Redbiotec,Biotechnology,1865968.0,operating,CHE,3,866.0
Rede D'Or Sao Luiz,Health Care|Hospitals|Medical,600000000.0,operating,BRA,1,13996.0
ReDent Nova,Health Care|Medical Devices,2700000.0,operating,ISR,1,917.0
RedHill Biopharma,Biotechnology,70200000.0,ipo,ISR,4,676.0
Redmax,Application Platforms|Health Care Information Technology|Internet Marketing|Web Development,0.0,operating,NLD,1,
RedOak Logic,Biotechnology,250000.0,operating,USA,1,720.0
Redox Pharmaceutical,Biotechnology,123200.0,operating,USA,1,10963.0
RedPath Integrated Pathology,Biotechnology|Health and Wellness|Physicians,9300718.0,acquired,USA,4,1084.0
Redpoint Bio,Biotechnology|Healthcare Services|Medical,10200000.0,operating,USA,1,
REDPoint International,Biotechnology,50000.0,operating,USA,1,1084.0
Redtree People,Biotechnology,80837.0,operating,,1,
Redwood Bioscience,Biotechnology,11898299.0,operating,USA,5,792.0
Redwood Scientific Technologies,Medical Devices,1565000.0,operating,USA,2,414.0
"ReelDx, Inc.",Health Care|Technology|Video,1040000.0,operating,USA,2,334.0
ReferBright,Health Care|Healthcare Services|Internet Marketing,0.0,operating,USA,1,9.0
Referral.IM,Health Care|Medical|Services,0.0,operating,USA,1,
Reflectance Medical,Health Care,500000.0,operating,USA,1,
ReFlow Medical,Biotechnology,1399997.0,operating,USA,2,165.0
Reflux Medical,Health Care,0.0,operating,AUT,1,
Refractec,Manufacturing|Medical|Medical Devices,9000000.0,operating,USA,2,3535.0
Regado Biosciences,Biotechnology|Health Care,177000000.0,ipo,USA,5,2276.0
RegBinder,Clinical Trials|Hospitals|Medical,425000.0,operating,USA,1,
RegDesk,Biotechnology|Business Services|Consulting|Health Care|Medical Devices|Mobile Health|Pharmaceuticals,0.0,operating,USA,1,208.0
ReGen Biologics,Biotechnology,7051572.0,operating,USA,1,8065.0
RegenaStem,Biotechnology,500000.0,operating,CAN,1,733.0
RegeneMed,Health Care,1000000.0,operating,USA,1,
Regenerate,Biotechnology|Life Sciences,2300000.0,operating,USA,1,
Regenerative Medical Solutions,Biotechnology,1445000.0,operating,USA,2,1266.0
RegeneRx,Biotechnology,2550000.0,operating,USA,3,
Regenesance,Biotechnology,0.0,operating,NLD,1,699.0
Regenesis Biomedical,Health Care,5300000.0,operating,USA,1,
RegenMedTX,Biotechnology,4366667.0,operating,USA,1,581.0
Regenobody Holdings,Biotechnology,0.0,operating,,1,3800.0
Regentis Biomaterials,Biotechnology,10000000.0,operating,ISR,1,
REGENXBIO,Biotechnology,108391875.0,ipo,USA,3,1771.0
REGiMMUNE Corporation,Biotechnology,21000000.0,operating,JPN,4,167.0
Region BV,Health Care Information Technology|Peer-to-Peer,0.0,operating,NLD,1,
Regional Diagnostic Laboratories,Health Care,4537001.0,operating,USA,1,114.0
REGISTRAT-MAPI,Biotechnology,1500000.0,operating,USA,1,4548.0
Regulus Therapeutics,Biotechnology|Health Care,34999992.0,ipo,USA,2,1879.0
Reha Technology AG,Medical Devices|Robotics|Technology,13120011.6622326,operating,,1,
Rehab Management Services,Healthcare Services|Medical|Rehabilitation,0.0,acquired,USA,1,7005.0
ReInnervate,Biotechnology|Health Diagnostics,4734165.0,acquired,GBR,2,3069.0
Rejuvenon,Bio-Pharm|Biotechnology|Medical,49000000.0,operating,USA,2,
Rekovo,Hardware + Software|Health Care|Health Care Information Technology|Mobile Health,100000.0,operating,USA,1,178.0
Relaxis,Health Care|Hospitals|Pharmaceuticals,1500000.0,operating,USA,1,
RelayHealth,Health Care|Health Care Information Technology|Pharmaceuticals,48400000.0,acquired,USA,4,
Relevare Pharmaceuticals,Biotechnology,750000.0,operating,AUS,1,3456.0
Reliant Technologies,Biotechnology,15000000.0,acquired,USA,1,2299.0
ReliantHeart,Medical Devices,10800000.0,operating,USA,1,611.0
Relievant Medsystems,Biotechnology,55050000.0,operating,USA,3,1025.0
ReliSen,Medical,0.0,operating,USA,1,950.0
Relmada Therapeutics,Biotechnology,26231110.0,operating,USA,4,2031.0
Relox Medical,Biotechnology,700000.0,operating,USA,1,818.0
Relypsa,Biotechnology|Health Care,357129887.0,ipo,USA,8,28.0
Remedy Pharmaceuticals,Biotechnology,15300755.0,operating,USA,5,2456.0
Remon Medical Technologies,Medical|Medical Devices|Physicians,16000000.0,operating,,1,
Remotemedical,Biotechnology,8000000.0,operating,USA,1,3794.0
RemoteReps,Medical|Medical Devices,50000.0,operating,USA,1,214.0
Rempex Pharmaceuticals,Biotechnology,67500000.0,acquired,USA,1,
Renal Solutions,Medical|Medical Devices,32700000.0,acquired,USA,2,1067.0
RenaMed Biologics,Biotechnology,40000000.0,operating,USA,1,4267.0
Renavance Pharma,Biotechnology,500000.0,operating,USA,1,
ReNeuron Group,Biotechnology,162784127.243759,operating,GBR,4,
Rennovia,Biotechnology,78537524.0,operating,USA,5,59.0
Renova Health,Health Care,2241600.0,operating,USA,1,1049.0
Renova Therapeutics,Biotechnology,7520000.0,operating,USA,1,2116.0
Renovis,Innovation Management|Medical|Professional Services,34300000.0,operating,USA,1,
Renovis Surgical Technologies,Biotechnology|Hardware,6195600.0,ipo,USA,3,1138.0
RenovoRx,Health Care,1810000.0,operating,USA,2,1560.0
Repairogen,Beauty|Biotechnology|Cosmetics|Cosmetic Surgery,460000.0,operating,USA,1,489.0
Replenish,Biotechnology,10249632.0,operating,USA,1,926.0
Replication Medical,Biotechnology,1709999.0,operating,USA,3,
REPLICEL LIFE SCIENCES,Biotechnology,737083.0,operating,CAN,2,
Replidyne,Bio-Pharm|Biotechnology|Medical,13000000.0,acquired,USA,1,
Repligen,Biotechnology,5400000.0,ipo,USA,2,10940.0
Replimune,Health Care|Medical|Therapeutics,30000000.0,operating,GBR,1,176.0
RepRegen,Biotechnology,1600000.0,operating,GBR,1,
Reproductive Research Technologies,Biotechnology,720000.0,operating,USA,1,2335.0
Repros Therapeutics,Biotechnology,29499310.0,ipo,USA,2,8120.0
Reset Therapeutics,Biotechnology,23896231.0,operating,USA,2,2163.0
ReShape Medical,Health Care,100250000.0,operating,USA,8,-123.0
Resistentia Pharmaceuticals,Biotechnology,13960000.0,operating,SWE,1,3190.0
"Resolution Health, Inc",Health Care|Insurance|Personalization,0.0,operating,USA,1,
Resolve Therapeutics,Biotechnology,8883334.0,operating,USA,3,501.0
Resolvyx Pharmaceuticals,Biotechnology,20700000.0,operating,USA,3,1796.0
Resonant Sensors Inc.,Biotechnology|Health Diagnostics|Medical,0.0,operating,USA,1,2331.0
Respicardia,Health Care|Health Care Information Technology|Medical Devices,32004000.0,operating,USA,3,2803.0
Respiderm Corporation,Medical,0.0,operating,USA,1,1020.0
Respira Therapeutics,Healthcare Services|Medical|Therapeutics,5100000.0,operating,USA,4,
Respiratory Motion,Health Care,6581289.0,operating,USA,10,577.0
Response Biomedical,Biotechnology,21665600.0,ipo,CAN,6,6358.0
Response Genetics Inc.,Biotechnology,12000000.0,acquired,USA,1,
ResQ™ Medical,Health Care|Medical|mHealth|Mobile Health|Physicians,230000.0,operating,USA,1,233.0
Restoration Robotics,Biotechnology|Health Care,112999999.0,operating,USA,4,2050.0
Restore Flow Allografts,Biotechnology,750000.0,operating,USA,1,162.0
Restore Medical,Medical,26500000.0,acquired,USA,1,1907.0
"Restore Medical Solutions, Inc.",Health and Wellness|Health Care|Hospitals|Medical|Medical Devices,4150000.0,operating,USA,5,13.0
Results Physiotherapy,Health Care,0.0,operating,USA,1,
Resverlogix,Biotechnology,60741995.0,ipo,CAN,5,3374.0
Retas Medical Assistance,Health and Wellness|Health Care|Medical|Travel,14348.0,operating,DEU,1,9.0
Rete+Pay,Health and Wellness|Healthcare Services|Medical Devices,0.0,operating,USA,1,
Retina Implant,Biotechnology,18000000.0,operating,DEU,1,
RetraceHealth,Health and Wellness|Health Care|Technology,1475001.0,operating,USA,2,584.0
Retrophin,Biotechnology|Health Care,116000000.0,ipo,USA,3,958.0
RetroSense Therapeutics,Biotechnology,12075000.0,operating,USA,4,792.0
Retrotope,Health Care|Health Care Information Technology,10000000.0,operating,USA,1,
RetroVirox,Biotechnology,3000000.0,operating,USA,1,
Revance Therapeutics,Biotechnology|Health Care,156820000.0,ipo,USA,5,2171.0
Reven Pharmaceuticals,Biotechnology,6273649.0,operating,USA,2,5507.0
Reverse Medical,Biotechnology,15500000.0,acquired,USA,2,
reViral,Biotechnology,1000000.0,operating,GBR,1,
ReVision Optics,Biotechnology,129999998.0,operating,USA,4,4137.0
ReVision Therapeutics,Biotechnology,3370231.0,operating,USA,2,112.0
Revista,Commercial Real Estate|Medical|Real Estate,500000.0,operating,USA,1,264.0
Reviva Pharmaceuticals,Biotechnology,35456381.0,operating,USA,3,2423.0
Revolution Bioengineering,Biotechnology,0.0,operating,,1,
Revolution Medicines,Healthcare Services|Medical|Pharmaceuticals,45000000.0,operating,USA,1,
Revolutionary Medical Devices,Medical Devices,516000.0,operating,USA,1,
Revon Systems,Digital Signage|Health Care Information Technology|Medical,2360203.0,operating,USA,2,359.0
revoPT,Exercise|Health and Wellness|Health Care|Video,12000.0,operating,USA,1,213.0
REX Landmark,Health Care|Medical,0.0,operating,USA,1,69.0
Rex Animal Health,Health and Wellness|Marketplaces|Medical|Pets|Veterinary,145000.0,operating,USA,2,143.0
RF Surgical Systems,Health Care,29620000.0,acquired,USA,4,2332.0
RFS Pharma,Biotechnology,5000000.0,operating,USA,1,
Rgenix,Biotechnology,8000000.0,operating,USA,1,2055.0
Rhenovia Pharma,Biotechnology,694764.0,operating,,1,2477.0
Rheonix,Biotechnology|Health Diagnostics,88724758.0,operating,USA,8,
RhinoCyte,Biotechnology,4699721.0,operating,USA,6,
Rhytec,Health and Wellness|Healthcare Services|Medical Devices,15278449.7466324,operating,USA,1,335.0
Rhythm Pharmaceuticals,Biotechnology,135900000.0,operating,USA,9,804.0
Rhythmia Medical,Health Care,14700000.0,acquired,USA,3,1132.0
Riboxx,Biotechnology,1184422.0,operating,DEU,4,218.0
Ridge Diagnostics,Biotechnology|Health Diagnostics,927000.0,operating,USA,3,1622.0
Rigel Pharmaceuticals,Biotechnology,176000000.0,ipo,USA,2,2734.0
Rigontec GmbH,Bio-Pharm|Health and Wellness|Health Care,17227587.0,operating,,2,
Rijuven,Health and Wellness|Health Care|Medical Devices|Mobile Health,3468879.0,operating,USA,5,0.0
Rim Healthcare Strategies,Health Care|Medical,0.0,operating,USA,1,34.0
Rimidi,Health and Wellness|Health Care Information Technology|Hospitals,1425700.0,operating,USA,3,228.0
Rinat Neuroscience,Biotechnology|Technology,57500000.0,operating,USA,2,
Rincon Pharmaceuticals,Biotechnology,4700000.0,operating,USA,1,1414.0
RingMD,Apps|Health Care|Medical,500000.0,operating,SGP,1,106.0
Rio Grande Neurosciences,Medical Devices,4398304.0,operating,USA,3,1326.0
RioGin,Biotechnology,0.0,operating,USA,1,
Rise Medical Staffing,Health Care,1002743.0,operating,USA,1,2721.0
Rising Sun Assisted Living,Medical,6889180.0,operating,USA,1,146.0
"RITA Medical Systems, Inc",Health Care Information Technology|Medical|Medical Devices,9000000.0,acquired,USA,1,3314.0
Rivanna Medical,Health Care,50000.0,operating,USA,1,
Riverchase Dermatology and Cosmetic Surgery,Health Care,33620000.0,operating,USA,1,4389.0
RiverD International,Medical Devices,0.0,operating,NLD,1,
Riverfield,Health Care|Robotics,2000000.0,operating,JPN,1,
RNDOMN,Medical,10000.0,operating,USA,1,2617.0
Roam Technologies,Aerospace|Health Care,0.0,ipo,AUS,1,264.0
ROBAUTO,Hardware|Hardware + Software|Health Care|Medical|Robotics,50000.0,operating,USA,1,0.0
Robert Applebaum MD,Medical,120000.0,operating,USA,1,8553.0
Robertson Global Health Solutions,Biotechnology,1445000.0,operating,USA,2,2124.0
Roche NimbleGen,Biotechnology,12750000.0,operating,USA,1,2132.0
Rock Health,Apps|Health and Wellness|Health Care|Mobile|Startups|Venture Capital,5000000.0,operating,USA,3,368.0
Rockview Rehabiliation,Medical,100000.0,operating,USA,1,0.0
Rockwell Medical,Biotechnology,35000000.0,ipo,USA,2,6743.0
Rocky Mountain Biosystems,Biotechnology,256000.0,operating,USA,1,3658.0
Rocky Mountain Dental Institute,Health Care,350000.0,operating,USA,1,859.0
Rodin Therapeutics,Biotechnology,12900000.0,operating,USA,2,177.0
Rodo Medical,Biotechnology,1620431.0,operating,USA,1,
Rodos BioTarget,Biotechnology,3413540.0,operating,DEU,2,492.0
ROI²,Biotechnology,1000000.0,operating,USA,2,541.0
Roka Bioscience,Biotechnology,109496656.0,ipo,USA,4,938.0
Rollins Medical Soluitons,Health Care|Medical,475000.0,operating,USA,2,614.0
Romark Laboratories,Biotechnology,49659037.0,operating,USA,4,6578.0
RoosterBi,Biotechnology,350000.0,operating,USA,2,744.0
Rootdown,Curated Web|Databases|Health and Wellness|Medical,0.0,operating,USA,1,0.0
Rosetta Genomics,Biotechnology|Health Care,8493751.0,ipo,USA,4,
RotaGeek,Health Care|Retail|Small and Medium Businesses|Staffing Firms,249803.25131739,operating,,2,1952.0
Rothman Healthcare,Biotechnology,1303738.0,operating,USA,2,2567.0
Rowheels,Medical|Medical Devices,610000.0,operating,USA,1,976.0
ROX Medical,Health Care,10000000.0,operating,USA,2,2759.0
Royal Madina,Health Care|Health Services Industry|Tourism|Travel & Tourism,68856.0,operating,ARE,2,0.0
RPM Sustainable Technologies,Biotechnology,0.0,operating,USA,1,811.0
RQx Pharmaceuticals,Biotechnology,7000000.0,operating,USA,1,396.0
RSB SPINE,Biotechnology,30649.0,operating,USA,1,3340.0
RSens,Hardware + Software|Health and Wellness|Medical,352957.0,operating,ITA,1,-340.0
Rubicon Genomics,Biotechnology,5500000.0,operating,USA,2,1004.0
RubiconMD,Health Care|Health Care Information Technology|Mobile Health,1300000.0,operating,USA,1,661.0
Rubicor Medical,Health Care|Medical|Medical Devices,10000000.0,operating,USA,1,3526.0
Ruifu Biological Medicine Science and Technology (Shanghai),Biotechnology,0.0,operating,CHN,1,455.0
RuiYi,Biotechnology,19000000.0,operating,USA,2,
Rules-Based Medicine,Biotechnology,25000000.0,acquired,USA,1,
Run3D,Health Services Industry|Medical Devices|Personal Health,200011.0,operating,USA,2,
Ruxton Pharmaceuticals,Biotechnology|Medical|Pharmaceuticals,5200000.0,operating,USA,1,
rVita,Fitness|Health and Wellness|Health Care Information Technology|Internet,1000000.0,operating,USA,1,88.0
Rx Network,Curated Web|Health Care Information Technology,500000.0,operating,USA,1,365.0
Rx Savings Solutions,Health Care,2700000.0,operating,USA,1,2519.0
RxAdvance,Biotechnology,0.0,operating,USA,1,
RxAnte,Health Care,4612000.0,operating,USA,2,620.0
RxEye,Health Care,2692000.0,operating,,1,
RXi Pharmaceuticals,Biotechnology,20300000.0,ipo,USA,2,
RxMP Therapeutics,Biotechnology,300000.0,operating,USA,1,
RxResults,Biotechnology,4150000.0,operating,USA,2,808.0
RxVault.in,Health and Wellness|Health Care|Mobile|Mobile Health,10000.0,operating,IND,1,181.0
Ryefield Court Care,Health Care|Services,3738338.0,operating,GBR,1,
RyMed Technologies,Biotechnology,7935325.0,operating,USA,4,5703.0
S.E.A. Medical Systems,Health Care,3000000.0,operating,USA,1,
S.T. Stent,Health Care|Medical Devices,450000.0,operating,ISR,1,847.0
S2 Interactive,Medical Devices,375000.0,operating,USA,1,274.0
Sabal Medical,Health Care,500000.0,acquired,USA,2,
Sabik Medical,Diagnostics|Health Care|Health Diagnostics|Medical|Pharmaceuticals,2112753.0,operating,USA,2,1237.0
SabrTech,Biotechnology|Environmental Innovation|Oil|Waste Management,515223.0,operating,CAN,2,
Sadra Medical,Health Care,62000000.0,acquired,USA,4,533.0
Saegis Pharmaceuticals,Health and Wellness|Health Care|Medical|Pharmaceuticals,30000000.0,operating,USA,1,
Safehis,Health and Wellness|Health Care|Hospitals,40000.0,operating,CHL,1,516.0
SafeOp Surgical,Medical Devices,2370008.0,operating,USA,1,1312.0
SafePath Medical,Biotechnology,449000.0,operating,USA,3,649.0
Safer Lock,Medical|Social Innovation,0.0,operating,USA,1,551.0
BaseTrace,Biotechnology|Clean Energy|Energy|Oil and Gas,245000.0,operating,USA,2,444.0
Sage Science,Biotechnology,4020000.0,operating,USA,2,2161.0
SAGE Therapeutics,Biotechnology,93000000.0,ipo,GBR,3,290.0
Sagent Pharmaceuticals,Biotechnology|Health Care,153000000.0,ipo,USA,4,269.0
Sagetis Biotech,Biotechnology,2000000.0,operating,ESP,1,567.0
Saguaro Group,Biotechnology,27396000.0,operating,USA,1,
SAJE Pharma,Biotechnology,50000.0,operating,USA,1,1230.0
Saladax Biomedical,Biotechnology,47723399.0,operating,USA,4,2101.0
salgomed,Biotechnology,205000.0,operating,USA,1,1260.0
Salient Pharmaceuticals,Biotechnology,2000000.0,operating,USA,2,1124.0
Salient Surgical Technologies,Health Care,45000000.0,acquired,USA,2,1743.0
Salix Pharmaceuticals,Health and Wellness|Health Care|Medical|Pharmaceuticals,750000000.0,acquired,USA,1,
Salmedix Inc,Biotechnology|Medical|Pharmaceuticals,45000000.0,acquired,,1,
Salucro Healthcare Solutions,Biotechnology,567605.0,operating,USA,1,3108.0
Saluda Medical,Health and Wellness|Health Care|Medical|Medical Devices,10000000.0,operating,AUS,1,780.0
SaludFÁCIL,Biotechnology,0.0,operating,MEX,1,
Salutaris Medical Devices,Biotechnology,7029202.0,operating,USA,7,
Salveo Specialty Pharmacy,Biotechnology|Health and Wellness|Healthcare Services,19250000.0,acquired,USA,2,159.0
SamanTree Technologies,Health Care Information Technology|Health Diagnostics|Medical,4426106.0,operating,ZAF,1,
SAMI Health,Biotechnology,143578.0,operating,USA,1,1372.0
SampalRx,Bio-Pharm|E-Commerce|Health and Insurance|Health Care Information Technology|Pharmaceuticals,0.0,operating,,1,
Sampling Technologies,Biotechnology,2000000.0,operating,CAN,1,
Sanarus Medical,Health Care,47920000.0,operating,USA,3,935.0
Sancilio and Company,Health Care,22250000.0,operating,,3,2800.0
Sangamo BioSciences,Biotechnology,74200000.0,ipo,USA,1,6841.0
Sangon Biotech,Biotechnology,6200000.0,operating,CHN,1,2738.0
Sanguine,Biotechnology|Clinical Trials|Health Care|Life Sciences,6000000.0,operating,USA,3,1149.0
SANIFIT,Biotechnology|Life Sciences|Medical,40834314.0,operating,ESP,1,4633.0
Sano,Health Care|Health Diagnostics|Medical,50000.0,operating,,1,
Sanovas,Biotechnology|Health and Wellness|Health Care,9165521.0,operating,USA,4,203.0
Santa Maria Biotherapeutics,Biotechnology,6311156.0,operating,USA,1,743.0
Santaris Pharma,Biotechnology,42000735.31214,acquired,DNK,2,1824.0
Santarus,Biotechnology,51400000.0,acquired,USA,1,
Santhera Pharmaceuticals Holding,Biotechnology,44566724.0,ipo,CHE,3,351.0
SantoSolve,Biotechnology,12500000.0,operating,NOR,2,
Santus,Health and Wellness|Health Care|Pharmaceuticals,0.0,operating,USA,1,
Sanuthera,Health Care|Medical|Pharmaceuticals,100697.0,operating,USA,1,
SANUWAVE Health,Health Care,24055629.0,operating,USA,8,
Saphena Medical,Medical Devices,1265000.0,operating,USA,1,
Sapheon,Health Care,35771750.0,acquired,USA,6,666.0
Sapiens,Health Care|Life Sciences|Medical|Medical Devices,55004618.0,acquired,DEU,3,1.0
Saranas,Health Care,7000000.0,operating,USA,5,443.0
SARcode Bioscience,Biotechnology,98000000.0,acquired,USA,3,334.0
Sarentis Therapeutics,Biotechnology,4359654.0,operating,USA,2,
Sarepta Therapeutics,Biotechnology,40000000.0,ipo,USA,1,
Sarkitech Sensors,Agriculture|Medical|Sensors,430000.0,operating,USA,1,
Sarvint Technologies,Medical Devices,6000000.0,operating,USA,1,588.0
Saset Healthcare,Health Care|Medical,6250000.0,operating,CYM,2,0.0
Save On Medical,E-Commerce|Health Care,250000.0,operating,USA,1,31.0
Savi Health,Dietary Supplements|Fitness|Health Care,0.0,operating,USA,1,210.0
Saviant Consulting,Big Data Analytics|Consulting|E-Commerce|Health Care|IaaS|Information Technology|Internet of Things|Manufacturing|Mobile Enterprise|PaaS|SaaS,250000.0,operating,USA,1,156.0
Savoy Pharmaceuticals,Health Care|Medical|Pharmaceuticals,2500000.0,operating,USA,1,3375.0
Scanadu,Health Care|Medical|Mobile Health,49660000.0,operating,USA,4,311.0
Scancell,Biotechnology,4611176.0,operating,GBR,2,
Scholar Rock,Biotechnology|Medical|Therapeutics,20000000.0,operating,USA,1,988.0
Schrodinger,Biotechnology,52000000.0,operating,USA,3,7423.0
Schumacher Group,Health Care|Hospitals|Medical,120000000.0,operating,USA,1,
Schweiger Dermatology,Cosmetic Surgery|Health and Wellness|Health Care|Medical,12400000.0,operating,USA,1,
SCI Solution,Health Care|Mobility|SaaS|Software,1013000.0,operating,USA,1,
Scienion,Biotechnology,5638950.0,operating,,1,
Scientific Intake,Health Care|Life Sciences,5316630.0,operating,USA,4,1161.0
SciFluor Life Sciences,Biotechnology,35000000.0,operating,USA,2,213.0
Scil Proteins,Biotechnology|Health Diagnostics,33127200.0,operating,DEU,1,
Scioderm,Biotechnology,37000000.0,acquired,USA,3,449.0
Sciona,Biotechnology,13300000.0,operating,USA,2,2284.0
Scopis,Augmented Reality|Health Care,636213.0,operating,,2,31.0
Scranton Gillette Communications,Biotechnology,1550000.0,operating,USA,1,18483.0
Screen,Biotechnology,29000.0,operating,USA,1,4702.0
ScripsAmerica,Biotechnology,4200537.0,operating,USA,2,2137.0
ScriptPad,Doctors|Finance|Medical|Mobile,432000.0,operating,USA,2,54.0
ScriptRx,Biotechnology,1000000.0,operating,USA,1,
Scylab medic,Health Care,856000.0,operating,DEU,1,169.0
SCYNEXIS,Health Care,11449343.0,ipo,USA,1,4886.0
SE Holding,Biotechnology,5437500.0,operating,USA,2,
Seadev-FermenSys,Biotechnology,4370000.0,operating,FRA,1,
Seahorse Bioscience,Biotechnology,31746594.0,acquired,USA,4,3355.0
Seamless Medical Systems,Health Care,5500000.0,operating,USA,3,885.0
SeamlessMD,Health Care,1100000.0,operating,CAN,1,1411.0
Seascape Health Alliance,Medical,50000.0,operating,USA,1,0.0
Seaside Therapeutics,Biotechnology,30000000.0,operating,USA,1,1720.0
Seattle Biomedical Research Institute,Biotechnology,26000000.0,operating,USA,2,13741.0
Seattle Genetics,Biotechnology|Health Care|Therapeutics,164000000.0,ipo,USA,2,4780.0
Secant Therapeutics,Biotechnology,150000.0,operating,USA,1,383.0
"SecLingua, Inc.",Cyber Security|Health Care|Information Technology,500000.0,operating,USA,1,84.0
Second Genome,Biotechnology|Health Diagnostics,18999999.0,operating,USA,3,950.0
Second Sight,Health Care,14500000.0,operating,USA,4,4633.0
Securisyn Medical,Biotechnology,2901000.0,operating,USA,2,649.0
Securus Medical Group,Biotechnology,7500000.0,operating,USA,3,212.0
Sedia Biosciences,Biotechnology|Health Diagnostics,1484998.0,operating,USA,3,1601.0
SEDLine,Health Care,3500000.0,operating,,1,
Seguro Surgical,Biotechnology,1277832.0,operating,USA,2,546.0
Selah Companies,Health Care,625000.0,operating,USA,1,3079.0
Selah Genomics,Biotechnology,900000.0,acquired,USA,1,527.0
Selah Technologies,Manufacturing|Medical Devices|Nanotechnology,1600000.0,acquired,USA,1,851.0
Seldar Pharma,Biotechnology,12999000.0,operating,USA,1,
Selecta Biosciences,Biotechnology,182042306.0,operating,USA,11,421.0
SelectX Pharmaceuticals Inc.,Health and Wellness|Health Care|Pharmaceuticals,8000000.0,operating,,1,
Selexagen Therapeutics,Biotechnology,597387.0,operating,USA,1,1308.0
Selexys Pharmaceuticals Corporation,Biotechnology,74631831.0,operating,USA,4,
Self Care Catalysts,Health and Wellness|Health Care|Health Care Information Technology|Hospitals,1770044.0,operating,CAN,1,
Self Health Network,Health and Wellness|Health Care|Health Care Information Technology,5643780.0,operating,USA,1,1325.0
Selventa,Biotechnology|Health Diagnostics,12000000.0,operating,USA,3,980.0
SemanticMD,Apps|Medical,0.0,operating,USA,1,797.0
Semba Biosciences,Biotechnology,1731175.0,operating,USA,4,1956.0
Sembiosys Genetics Inc.,Biotechnology|Medical|Services,1500000.0,operating,,1,
semiosBIO Technologies,Biotechnology,474000.0,operating,CAN,1,1299.0
Semler Scientific,Biotechnology|Health Care,498600.0,ipo,USA,1,2779.0
Semma Therapeutics,Biotechnology|Healthcare Services|Medical,44000000.0,operating,USA,1,82.0
Semnur Pharmaceuticals,Biotechnology,6000000.0,operating,USA,1,227.0
Semprus BioSciences,Biotechnology,27000000.0,acquired,USA,3,1078.0
Senaptec,Biotechnology,100000.0,operating,USA,1,
Senex Biotechnology,Biotechnology,600000.0,operating,USA,2,3416.0
Senhwa Biosciences,Biotechnology,17000000.0,operating,USA,1,
Senior Moments,Medical,0.0,operating,USA,1,1602.0
Senior Wellness Solutions,Biotechnology,435775.0,operating,USA,2,411.0
Senior Whole Health,Health and Wellness|Health Care|Health Care Information Technology|Medical,47000000.0,operating,USA,3,
seniorshelf.com,E-Commerce|Elder Care|Health Care,0.0,operating,IND,1,198.0
"Seno Medical Instruments, Inc.",Health Care|Medical Devices,52732281.0,operating,USA,4,
Sense A/S,Medical,0.0,operating,,1,3277.0
Sense Health,Health and Wellness|Health Care|Health Care Information Technology|Mobile Health,2000000.0,operating,USA,1,748.0
Sense.ly,Enterprise Software|Entertainment|Health Care|Speech Recognition,3778000.0,operating,USA,3,70.0
Sensentia,Health and Insurance|Health and Wellness|Health Care|Health Care Information Technology|Healthcare Services|Health Services Industry,160750.0,operating,USA,2,612.0
Senseonics,Medical Devices,40299989.0,operating,USA,4,6683.0
Sensible Medical Innovations,Biotechnology,20000000.0,operating,ISR,1,2386.0
SensiGen,Biotechnology|Health Diagnostics,250000.0,acquired,USA,1,
SENSIMED,Health Care,33256521.7391304,operating,CHE,6,1811.0
Sensiotec,Health Care,1000000.0,operating,USA,2,1897.0
Sensorion,Biotechnology,5627820.0,operating,FRA,2,1211.0
Sensory Medical,Biotechnology,2750000.0,operating,USA,3,1622.0
Sensulin,Biotechnology|Diabetes|Life Sciences|Pharmaceuticals,330000.0,operating,USA,1,569.0
Sente Inc.,Biotechnology,26842000.0,operating,USA,5,761.0
Sentec Pte Ltd,Medical Devices,800000.0,operating,SGP,1,
Sentien Biotechnologies,Health Care|Pharmaceuticals|Therapeutics,1049999.0,operating,USA,1,
Sentimed Medical Corporation,Health Care|Telecommunications,475000.0,operating,USA,2,0.0
SentreHEART,Health Care,26000000.0,operating,USA,1,
Sentrian,Big Data Analytics|Health and Wellness|Health Care|Health Care Information Technology|Hospitality|Information Technology|Machine Learning,9366000.0,operating,USA,5,
SEPMAG Technologies,Biotechnology,1151550.0,operating,ESP,1,755.0
SeptRx,Health Care,2700000.0,operating,USA,1,
SeqLL,Biotechnology,1000000.0,operating,USA,1,625.0
Sequana Medical,Medical Devices,35410772.2636776,operating,CHE,2,3036.0
Sequel Pharmaceuticals,Biotechnology,25373034.0,operating,USA,4,269.0
Sequella,Biotechnology,47425097.0,operating,USA,8,4183.0
Sequence Bio,Analytics|Lifestyle|Medical,1000000.0,operating,USA,1,1021.0
Sequenom,Biotechnology|Health Diagnostics,183117265.0,ipo,USA,3,5841.0
Sequent Medical,Health Care,65100000.0,operating,USA,5,862.0
Sequenta,Biotechnology|Health Diagnostics,41460000.0,acquired,USA,4,1072.0
Sera Prognostics,Biotechnology,69586850.0,operating,USA,7,1099.0
SeraCare Life Sciences,Biotechnology|Health Diagnostics,82000000.0,ipo,USA,1,
Seragon Pharmaceuticals,Biotechnology,30000000.0,acquired,USA,1,288.0
Seratis,Communications Infrastructure|Health Care|Health Care Information Technology|Mobile Health,890000.0,operating,USA,4,-19.0
Serene Oncology,Biotechnology,1770000.0,operating,USA,2,96.0
Serenex,Biotechnology|Health Care|Medical,56000000.0,acquired,USA,2,
Serenus Biotherapeutics,Health Care|Medical Devices|Pharmaceuticals,43000000.0,operating,USA,1,
Seres Health,Biotechnology,113000000.0,ipo,USA,4,1061.0
Serica Technologies,Biotechnology|Hardware|Medical,12000000.0,acquired,USA,1,3345.0
Serina Therapeutics,Biotechnology,27505080.0,operating,USA,4,
SERMO,Apps|Doctors|Health and Wellness|Health Care|Health Care Information Technology|Medical|Networking|Physicians|Technology,41000000.0,acquired,,4,608.0
Sernova,Biotechnology,85077.0,operating,GBR,1,
SeroMatch,Medical,0.0,operating,,1,149.0
Serometrix,Biotechnology,227979.0,operating,USA,1,4195.0
Serstech,Biotechnology,1821193.0,operating,SWE,1,2708.0
Servant Health Group,Biotechnology,270000.0,operating,USA,1,640.0
ServiceSource,Business Services|Cloud Computing|Health Care|Life Sciences|SaaS|Services|Software|Tech Field Support|Technology,66000000.0,ipo,USA,1,2610.0
SetPoint Medical,Biotechnology,85907152.0,operating,USA,5,1241.0
SevaMob,Health Care,0.0,operating,USA,1,
Seventh Sense Biosystems,Biotechnology,42027500.0,operating,USA,13,854.0
Sevo Nutraceuticals,Medical|Nutraceutical,300000.0,operating,USA,2,21.0
Seymour Innovative,Health Care,0.0,operating,USA,1,
SFJ Pharmaceuticals,Biotechnology|Pharmaceuticals|Venture Capital,69500000.0,operating,USA,4,1552.0
SGB,Biotechnology,37400000.0,operating,USA,3,1352.0
SGX Pharmaceuticals,Biotechnology,25000000.0,acquired,USA,1,3610.0
Shades of Green,Green Consumer Goods|Medical,50000.0,operating,USA,1,67.0
Shady Grove Fertility,Biotechnology,250000.0,operating,USA,1,7845.0
Celgen Biopharma,Biotechnology,0.0,operating,CHN,1,
"Shanghai eChinaChem, Inc.",Medical,0.0,operating,,1,
Lumi Shanghai,Biotechnology,6000000.0,operating,CHN,2,
Shanghai Southgene Technology,Medical,0.0,operating,CHN,1,0.0
Shape Medical Systems,Biotechnology,8320993.0,operating,USA,1,3094.0
Shape Pharmaceuticals,Biotechnology,3000000.0,acquired,USA,1,1015.0
ShapeUp,Fitness|Gamification|Health and Wellness|Health Care Information Technology|Incentives|Mobile Health|SaaS|Social Media|Wearables,15500000.0,operating,USA,3,1688.0
Share Practice,Biotechnology|Health Care|Medical|Mobile,4125000.0,operating,USA,6,92.0
Sharklet Technologies,Biotechnology|Medical,3174554.0,operating,USA,3,523.0
Sharp Edge Labs,Biotechnology,950000.0,operating,USA,3,369.0
Shaser,Biotechnology,3855613.0,operating,USA,2,1940.0
Anke,Health Care,0.0,operating,CHN,1,
Belter Health,Health Care,1569037.0,operating,CHN,1,
Hybio Pharmaceutical,Biotechnology,13875434.0,operating,CHN,2,
Sheridan Surgical Center,Healthcare Services|Medical|Medical Professionals,190466.0,operating,USA,1,2467.0
Shield Therapeutics,Biotechnology,11814560.0,operating,GBR,1,
ShiftLabs,Emerging Markets|Health Care|Medical Devices|Product Design,1219500.0,operating,USA,2,1095.0
Shockwave Medical,Health Care,52500000.0,operating,USA,2,1852.0
Siamab Therapeutics,Biotechnology,8191381.0,operating,USA,5,2474.0
Sideris Pharmaceuticals,Biotechnology,32599000.0,operating,USA,2,474.0
SiDLY,Medical Devices,0.0,operating,POL,1,
Siemens,Consumer Electronics|Electrical Distribution|Energy Efficiency|Health Care|Semiconductors,8900000.0,ipo,DEU,1,59734.0
Sientra,Health Care,150000000.0,ipo,USA,2,107.0
Sierra Surgical,Biotechnology,21600000.0,operating,USA,2,
Sight Diagnostics,Health Care,6.0,operating,ISR,1,1400.0
Sigma Pharmaceuticals,Biotechnology,18215562.0,operating,,1,
Sigmascreening,Biotechnology,0.0,operating,NLD,1,
Sigmoid Pharma,Biotechnology|Delivery|Pharmaceuticals,6339385.0,operating,IRL,1,5385.0
"Signature Therapeutics, Inc.",Biotechnology,10000000.0,operating,USA,1,16420.0
Signifikance,Health Diagnostics|Medical|Service Providers|Software,20000.0,operating,,1,
Signostics,Biotechnology|Health Care,44000000.0,operating,AUS,3,1718.0
Signpath Pharma,Biotechnology,5255500.0,operating,USA,3,2102.0
Signum Biosciences,Biotechnology,5600000.0,operating,USA,2,3492.0
Silarus Therapeutics,Health Care|Medical|Therapeutics,10000000.0,operating,USA,1,
Silence Therapeutics,Biotechnology|Information Technology|Medical|Therapeutics,58200000.0,operating,GBR,1,5941.0
Silenseed,Biotechnology|Pharmaceuticals,500000.0,operating,ISR,1,5576.0
Silere Medical Technology,Biotechnology,120000.0,operating,USA,1,617.0
Silicon Kinetics,Biotechnology,3122821.0,operating,USA,2,2583.0
Silk Road Medical,Health Care,113625793.0,operating,USA,6,126.0
SilverCloud Health,Cloud Data Services|Enterprise Software|Health and Wellness|Health Care,1929900.0,operating,USA,2,-365.0
Silvergate Pharmaceuticals,Biotechnology,4015000.0,operating,USA,2,504.0
Silversheet,Health Care|Investment Management,2900000.0,operating,,1,497.0
Simbionix,Health and Wellness|Medical Devices,7000000.0,acquired,USA,1,4333.0
Simfinit,Medical,0.0,operating,USA,1,-2.0
Simpathic,Health Care|Medical|Mobile,0.0,operating,,1,
Simpirica Spine,Health Care,27000000.0,operating,USA,2,2088.0
Simplee,Enterprise Software|FinTech|Health Care|Payments|SaaS,17800000.0,operating,USA,3,455.0
SimpleTherapy,Health Care,1800000.0,operating,USA,1,1513.0
Simplex Healthcare,Delivery|Health Care|Medical,2999997.0,operating,USA,1,1097.0
SimplyInsured,E-Commerce|Health and Insurance|Health Care|Insurance,7650000.0,operating,USA,3,640.0
Simris Alg,Agriculture|Biotechnology|Clean Technology|Consumer Goods|Dietary Supplements|Fmcg|Health and Wellness|Nutrition|Organic Food|Sustainability,8946967.10570582,operating,SWE,6,321.0
Sinexus,Health Care|Medical|Medical Devices,20000000.0,operating,USA,1,
Single Cell Technology,Biotechnology,323777.0,operating,USA,1,1815.0
Singulex,Biotechnology,127336875.0,operating,USA,7,1293.0
Sinocom Pharmaceutical,Biotechnology,15000000.0,operating,HKG,1,4731.0
Sinopsys Surgical,Health Care,10168014.0,operating,USA,4,95.0
"Sintact Medical Systems, Inc.",Health and Wellness|Health Care|Medical Devices,180000.0,operating,USA,2,492.0
Sirakoss,Medical Devices,4800000.0,operating,GBR,1,1798.0
Sirigen,Biotechnology|Health Diagnostics,15948800.0,acquired,GBR,7,
SIRION BIOTECH,Biotechnology|Life Sciences,0.0,operating,DEU,2,1638.0
Sirion Holdings,Biotechnology,29184010.0,operating,USA,2,1312.0
Sirion Therapeutics,Biotechnology,45000000.0,operating,USA,1,
Sirnaomics,Biotechnology,0.0,operating,USA,2,359.0
Sirona Biochem,Biotechnology,24295.0,operating,CAN,1,2634.0
Sirona Spring,Medical,0.0,operating,USA,1,52.0
SironRX Therapeutics,Biotechnology,3900000.0,operating,USA,2,
Sirtris Pharmaceuticals,Biotechnology|Health Care|Pharmaceuticals,82000000.0,acquired,USA,4,0.0
SIRUM,Health Care,120000.0,operating,USA,1,1883.0
SiSaf,Biotechnology,757625.0,operating,GBR,1,2847.0
SISCAPA Assay Technologies,Biotechnology,1562000.0,operating,USA,2,600.0
Sistemic,Biotechnology,1000000.0,operating,GBR,1,440.0
Sitari Pharmaceuticals,Biotechnology,10000000.0,operating,USA,1,
SiteOne Therapeutics,Diagnostics|Health Diagnostics|Medical|Therapeutics,4178358.0,operating,USA,3,
Siva Therapeutics,Biotechnology,400000.0,operating,USA,1,719.0
Six Month Smiles,Health Care,0.0,operating,USA,1,
SK biopharmaceuticals,Biotechnology,0.0,operating,,1,
Skin Scan,Biotechnology|Health and Wellness|Medical,68630.0,operating,ROM,1,0.0
SkinMedica,Biotechnology,68438712.0,acquired,USA,5,1433.0
Skuldtech,Biotechnology|Health Diagnostics,1286600.0,operating,,1,5367.0
Skyline Medical Inc.,Health Care,18101676.0,operating,USA,5,2864.0
Skylit Medical,Health Care|Medical|Medical Devices,0.0,operating,USA,1,797.0
SkyMD,Health and Wellness|Health Care|Health Care Information Technology|Mobile Health,800000.0,operating,USA,1,608.0
SL Pathology Leasing of Texas,Biotechnology,1800000.0,operating,USA,1,406.0
Slate Pharmaceuticals,Biotechnology,9777000.0,operating,USA,3,571.0
Sleep HealthCenters,Health Care,1045984.0,operating,USA,1,5562.0
SlipChip,Biotechnology,26550002.0,operating,USA,1,1890.0
Sloning BioTechnology,Biotechnology,10691320.0,acquired,DEU,2,
SMA Informatics,Consulting|Health Care,125000.0,operating,USA,1,0.0
Small Bone Innovations,Health Care,244000000.0,acquired,USA,6,-486.0
Smart Holograms,Health Care,6790000.0,operating,GBR,1,1492.0
Smart Medical Systems,Manufacturing|Medical Devices|Product Development Services,6500000.0,operating,ISR,1,3401.0
Smart Relief,Medical,0.0,operating,USA,1,192.0
Smart Vision Labs,Hardware + Software|Internet of Things|Medical Devices|Mobile Health,6100000.0,operating,USA,1,902.0
Smartcare,Enterprise Software|Health Care|Small and Medium Businesses,365000.0,operating,,1,
SmartCells,Biotechnology,5220000.0,acquired,USA,4,
SmartFlow Technologies,Biotechnology,7673434.0,operating,USA,3,7633.0
SmartPill,Health and Wellness|Health Diagnostics|Medical,9517008.0,operating,USA,1,
SmartRx,Health Care Information Technology|Software,0.0,operating,IND,1,456.0
SmartwareToday.com,Medical,0.0,operating,USA,1,3921.0
SmellMe,Apps|Health Care|Pets,6000000.0,operating,CHN,1,520.0
SMILE,Health and Wellness|Health Care|Life Sciences|Personal Health|Public Relations,15000.0,operating,AUS,1,0.0
Smisson-Cartledge Biomedical,Biotechnology,3432992.0,operating,USA,4,5463.0
Smithers Avanza,Biotechnology,620000.0,operating,USA,1,369.0
SMSA CRANE ACQUISITION,Biotechnology,3372371.0,operating,USA,1,1883.0
Snabboteket,Health and Wellness|Medical|Mobile|Pharmaceuticals,843973.0,operating,SWE,3,0.0
SnapMD,Health Care,600000.0,operating,USA,1,226.0
Syndax Pharmaceuticals,Biotechnology,192243015.0,ipo,USA,8,822.0
Snug Vest,Medical Devices,404688.0,operating,CAN,1,1621.0
So Sound Solutions,Medical,0.0,operating,USA,1,905.0
SoCal Patient Association,Biotechnology|Medical|Pharmaceuticals,5000.0,operating,USA,1,-1.0
Melon Health,Health Care,120000.0,operating,USA,1,
Sofie Biosciences,Biotechnology,8500000.0,operating,USA,3,1072.0
Soft Tissue Regeneration,Health Care,19633619.0,operating,USA,5,105.0
Softheon,Biotechnology,200000.0,operating,USA,1,3360.0
Softlanding Labs,Biotechnology,250000.0,operating,USA,1,1201.0
SOL ELIXIRS,Biotechnology,762500.0,operating,USA,1,
Solace Lifesciences,Dental|Medical|Neuroscience,50000.0,operating,USA,1,269.0
Solace Therapeutics,Health Care,20000000.0,operating,USA,2,5565.0
SolAeroMed,Biotechnology,101035.0,operating,CAN,1,6903.0
"Solera Health, Inc.",Data Integration|Health Care Information Technology|Healthcare Services,3000000.0,operating,USA,1,33.0
Solexa,Biotechnology,172500000.0,operating,USA,3,
Solidagex,Biotechnology,315000.0,operating,USA,2,370.0
Solle Naturals,Dietary Supplements|Fitness|Health Care,100000.0,operating,USA,1,361.0
Solos Endoscopy,Biotechnology,88000.0,operating,USA,1,
Sols,Curated Web|Fashion|Health Care|Manufacturing,19253219.0,operating,USA,3,142.0
Solstice Biologics,Biotechnology,36000000.0,operating,USA,4,
Solstice Neurosciences,Biotechnology,93000000.0,acquired,USA,2,
Solta Medical,Health Care,21950000.0,acquired,USA,2,5489.0
Soluble Systems,Health Care,16482852.0,operating,USA,4,4158.0
Solulink,Biotechnology|Health Diagnostics,2890000.0,operating,USA,3,4077.0
Solus Scientific Solutions,Biotechnology,1090863.0,operating,GBR,1,
SolveBio,Biotechnology|Health Diagnostics,2000000.0,operating,USA,1,497.0
Solvonics,Health Care,25000.0,operating,USA,1,1502.0
Solx,Health Care,9074000.0,operating,USA,3,3953.0
Somae Health,Biotechnology,127338.0,operating,USA,2,287.0
SomaLogic,Biotechnology|Health Diagnostics,47499993.0,operating,USA,5,4249.0
Somanta Pharmaceuticals,Biotechnology,4920000.0,operating,USA,2,1694.0
SOMARK Innovations,Biotechnology,300000.0,operating,USA,2,1493.0
Somaxon Pharmaceuticals,Biotechnology,93999990.0,acquired,USA,3,
Somerset Outpatient Surgery,Biotechnology,1043770.0,operating,USA,2,1254.0
Sommer Pharmaceuticals,Biotechnology,750000.0,operating,USA,1,286.0
Sommetrics,Medical Devices,5200000.0,operating,USA,1,
Somna Therapeutics,Clinical Trials|Hospitals|Medical|Medical Devices,700000.0,operating,USA,1,944.0
SomnoMed,Medical Devices,7000000.0,ipo,AUS,1,3856.0
Somnus Therapeutics,Biotechnology,15000000.0,operating,USA,1,
SonarMed,Biotechnology,5489792.0,operating,USA,4,
"Sonavex, Inc.",Biotechnology,1345192.0,operating,USA,5,226.0
Sonendo,Biotechnology,79349874.0,operating,USA,7,909.0
Sonexa Therapeutics,Biotechnology,41224987.0,operating,USA,5,395.0
Sonivate Medical,Biotechnology|Medical,1015000.0,operating,USA,4,3448.0
Sonocine,Health Care,7086011.0,operating,USA,1,5518.0
Sonogenix,Biotechnology,250000.0,operating,USA,1,213.0
Sonoma Orthopedics,Biotechnology,57492968.0,operating,USA,5,870.0
Sonormed GmbH,Health and Wellness|Medical|Technology,0.0,operating,DEU,1,1187.0
Sopherion Therapeutics,Biotechnology,73000000.0,operating,USA,2,
Sophia Genetics,Biotechnology,13750000.0,operating,GBR,1,1283.0
Sophiris Bio,Biotechnology,37226398.0,ipo,USA,3,
Sophono,Health Care,8523998.0,operating,USA,3,1334.0
Sorbent Therapeutics,Biotechnology,90889217.0,operating,USA,6,2081.0
Soricimed,Biotechnology,109000.0,operating,CAN,1,2481.0
Sosei,Biotechnology,65065215.0,operating,JPN,2,
Sotera Wireless,Health Care,91510000.0,operating,USA,7,1551.0
Sothic Bioscience Limited,Bioinformatics|Biotechnology|Technology,50000.0,operating,IRL,1,3.0
Sound ID,Health Care|Medical Devices,8000000.0,operating,USA,1,740.0
Sound Pharmaceuticals,Biotechnology|Health and Wellness|Health Care|Healthcare Services,16815105.0,operating,USA,3,4368.0
Source MDx,Biotechnology|Health Diagnostics,2009123.0,operating,USA,2,4436.0
SourceMedical,Health Care,16000000.0,operating,USA,1,
South Doctors,Bridging Online and Offline|Doctors|Medical|Tourism,150000.0,operating,USA,2,-152.0
Southern Implants,Biotechnology,5000000.0,operating,USA,2,8195.0
Souzhou Ribo Life Science,Biotechnology,7400000.0,operating,CHN,1,
SOV Therapeutics,Biotechnology,425000.0,operating,USA,2,413.0
Sovicell,Biotechnology,1190000.0,operating,DEU,2,
Soylent Corporation,Consumer Goods|Health Care|Hospitality|Nutrition|Specialty Foods,22300000.0,operating,USA,4,-214.0
SP Solution Pool GmbH,Medical|Medical Devices|Navigation,710728.0,operating,,1,
Spark Diagnostics,Diagnostics|Health Care|Medical,500000.0,operating,USA,1,547.0
Spark Therapeutics,Biotechnology,122800000.0,ipo,USA,2,294.0
Sparo Labs,Health and Wellness|Health Care|Health Care Information Technology|Mobile Devices,1250000.0,operating,USA,1,981.0
Spartacus Medical,Medical,0.0,operating,USA,1,697.0
Spartan Bioscience,Biotechnology,260000.0,operating,CAN,2,1565.0
Spartek Medical,Health Diagnostics|Medical|Medical Devices,4976584.0,operating,USA,2,1032.0
Specialists On Call,Consulting|Health and Wellness|Health Care|Hospitals,36850000.0,operating,USA,2,2547.0
Specialized Health Products International,Biotechnology|Medical Devices,5000000.0,acquired,USA,1,4651.0
Specialized Pharmaceuticalss,Biotechnology,623649.0,operating,USA,1,
Specialized Vascular Technologies,Biotechnology,90249.0,operating,USA,1,1340.0
Specialty Physicians Surgicenter of Kansas City,Health Care,1553266.0,operating,USA,1,12457.0
Specialty Surgery of Secaucus,Biotechnology,2175000.0,operating,USA,1,189.0
SpecialtyCare,Clinical Trials|Health Care|Hospitals,569968.0,operating,USA,1,2775.0
Spectra Health,Communications Infrastructure|Health and Wellness|Health Care|Health Care Information Technology|Information Services|Personalization|Software Compliance,500000.0,operating,USA,1,0.0
Spectral Diagnostics,Biotechnology|Diagnostics|Health Diagnostics|Medical Devices|Technology,13200000.0,ipo,CAN,1,
Spectral Edge,Health Care,510660.0,operating,GBR,1,
Spectral Genomics,Biotechnology|Medical|Technology,9300000.0,operating,USA,1,
Spectral Image,Health Care,5000000.0,operating,USA,1,306.0
SpectraScience,Biotechnology,5893231.0,operating,USA,5,9635.0
Spectropath,Biotechnology,1927920.0,operating,USA,1,1474.0
SpePharm,Health Care,38431786.0433491,operating,NLD,1,720.0
Spero Therapeutics,Biotechnology,33000000.0,operating,USA,3,-1096.0
SpeSo Health,Health Care,0.0,operating,USA,1,93.0
Sphere Fluidics,Biotechnology,4858520.0,operating,GBR,2,1091.0
Spherics,Biotechnology,36400000.0,operating,USA,2,2053.0
SphynKx Therapeutics,Biotechnology,50000.0,operating,USA,1,
Spinal Integration,Biotechnology,40000.0,operating,USA,1,1729.0
Spinal Kinetics,Biotechnology|Health Care,49300000.0,operating,USA,3,437.0
Spinal Modulation,Health Care|Medical Devices,111270388.0,operating,USA,5,754.0
Spinal Restoration,Biotechnology|Health Care|Therapeutics,43999998.0,operating,USA,4,1377.0
Spinal Simplicity,Health Care,3855156.0,operating,USA,2,1459.0
SpinalMotion,Health Care,20610000.0,operating,USA,2,442.0
SpinDrift,Health Care,0.0,operating,,1,
Spine Next,Manufacturing|Medical|Medical Devices,13708764.0,acquired,FRA,2,
Spine Pain Management,Biotechnology,100000.0,operating,USA,1,652.0
Spine Wave,Health Care,62500000.0,operating,USA,2,2260.0
SpineAlign Medical,Health Care,8800000.0,operating,USA,1,1249.0
SpineForm,Health Care,1083695.0,operating,USA,2,2651.0
SpineGuard,Health Care,13348172.0,ipo,USA,3,257.0
Spinelab,Health Care,15085185.0,operating,CHE,2,2780.0
SpineMark,Health Care,10000000.0,operating,USA,1,
Spineology,Health and Wellness|Medical|Medical Devices,1500000.0,operating,,1,4244.0
SpineVision,Health Care,15000000.0,operating,,2,4569.0
Spinifex Pharmaceuticals,Biotechnology,64000000.0,acquired,GBR,2,2274.0
Spinnaker Biosciences,Biotechnology,1900000.0,operating,USA,2,712.0
Spinomix,Biotechnology|Health Diagnostics,3000000.0,operating,CHE,1,
Spiracur,Health Care,71300000.0,operating,USA,3,910.0
Spirometrix,Medical Devices,8600000.0,operating,USA,1,1041.0
Spirus Medical,Development Platforms|Medical|Medical Devices,9341046.0,acquired,USA,3,
SPO Medical,Biotechnology|Medical Devices,688250.0,operating,ISR,2,4596.0
Spokane Therapist,Medical,14000.0,operating,USA,2,608.0
Spot On Sciences,Health and Wellness|Health Care|Medical Devices,750000.0,operating,USA,1,1627.0
SPR Therapeutics,Hardware|Health Care,16403514.0,operating,USA,7,481.0
SprainGo,Medical,0.0,operating,USA,1,279.0
Spreemo,Cloud Computing|Health and Wellness|Health Care,13000006.0,operating,USA,2,1984.0
Spring Bank Pharmaceuticals,Biotechnology,25995418.0,operating,USA,4,
Spring Pharmaceuticals,Biotechnology,3750000.0,operating,USA,1,
Sprint Bioscience,Biotechnology,0.0,operating,SWE,2,423.0
Sprout Pharmaceuticals,Biotechnology,79095777.0,acquired,USA,4,559.0
Spruce Health,Health and Wellness|Health Care|Health Care Information Technology,17000000.0,operating,USA,2,632.0
Spyryx Biosciences,Health Care,18000000.0,operating,USA,1,856.0
SQI Diagnostics,Biotechnology|Health Diagnostics,4200000.0,ipo,,1,
SQZ Biotech,Biotechnology,5115000.0,operating,USA,3,301.0
SRS Holdings,Biotechnology,1020000.0,operating,USA,1,
SRS Medical Systems,Biotechnology,5109750.0,operating,USA,2,
St. Renatus,Health Care,14745580.0,operating,USA,7,
St. Teresa Medical,Health Care,4680344.0,operating,USA,6,182.0
Stabilitech,Biotechnology,3500000.0,operating,GBR,1,
Stabiliz Orthopaedics,Health Care,420000.0,operating,USA,2,
StaffInsight,Business Productivity|Health Care|Hospitality|Human Resource Automation,0.0,operating,USA,1,1364.0
Stage I Diagnostics,Biotechnology|Health Diagnostics,421250.0,operating,USA,4,1291.0
StageMark,Biotechnology,1900000.0,operating,USA,3,784.0
Stanmore Implants Worldwide,Biotechnology,6452960.0,operating,GBR,1,
Stanson Health,Health Care,3000000.0,operating,USA,1,875.0
StaphOff Biotech,Biotechnology,25000.0,operating,USA,1,649.0
Starpoint Health,Healthcare Services|Infrastructure|Medical,14000000.0,operating,USA,1,
STARR Life Sciences,Health Care,7429362.0,operating,USA,4,
Startupbootcamp HighTechXL,3D Printing|Advanced Materials|Electric Vehicles|Energy|Hardware|Health Care|High Tech|Incubators|Internet of Things|Medical Devices|Robotics|Startups,0.0,operating,NLD,2,0.0
StartX,All Students|Automotive|Biotechnology|Clean Technology|Consumer Internet|E-Commerce|Entrepreneur|Nonprofits|Startups,4800000.0,operating,USA,3,1330.0
Stason Animal Health,Biotechnology,4200000.0,operating,USA,1,531.0
Stat,Health Care|Mobile,0.0,operating,USA,1,612.0
STAT-Diagnostica,Biotechnology,31784070.0,operating,ESP,2,531.0
Stat Doctors,Doctors|Healthcare Services|Medical,5850000.0,operating,USA,4,3418.0
Statim Health,Health Care,0.0,operating,USA,1,
SteadMed Medical,Health Care,3075000.0,operating,USA,1,543.0
SteadyMed Therapeutics,Health Care|Pharmaceuticals,15400122.0,ipo,ISR,4,1488.0
Stealth Therapeutics,Biotechnology,451916.0,operating,USA,1,3159.0
Synthego,Biotechnology|Industrial Automation|Innovation Engineering|Software,8544226.0,operating,USA,2,44.0
Steep Hill,Biotechnology|Medical|Recreation,1350050.0,operating,USA,2,2627.0
Stem Cell Theranostics,Health Care|Medical|Therapeutics,4500000.0,operating,,1,
Stem CentRx,Biotechnology|Health Diagnostics,473526990.0,operating,USA,3,1170.0
StemBioSys,Biotechnology,10000000.0,operating,USA,2,1138.0
StemCells,Biotechnology,20000000.0,ipo,USA,1,8237.0
Stemedica Cell Technologies,Biotechnology,22000000.0,operating,USA,1,1825.0
Stemgent,Biotechnology,51885190.0,operating,USA,8,425.0
Stemina Biomarker Discovery,Biotechnology,7502187.0,operating,USA,4,717.0
Stemline Therapeutics,Biotechnology|Health and Wellness|Health Care|Health Diagnostics,15090000.0,ipo,USA,4,1713.0
Stemnion,Biotechnology,570746.0,operating,USA,1,4211.0
StemPar Sciences,Biotechnology,0.0,operating,,1,
StemPath,Biotechnology,1000000.0,operating,CAN,1,1515.0
Stentys,Health Care,40200000.0,operating,FRA,3,368.0
StepOne Health,Medical,0.0,operating,USA,1,813.0
Stereotaxis,Biotechnology,46000000.0,ipo,USA,3,
SteriGenics International,Medical Devices,0.0,ipo,USA,1,5750.0
Sterilucent,Medical Devices,4564996.0,operating,USA,2,4029.0
STERIS Corporation,Biotechnology,285000.0,ipo,USA,1,9271.0
Stevia First,Biotechnology,1500000.0,ipo,USA,1,2831.0
Stillwater Scientific Instruments,Health Care,1150000.0,operating,USA,1,
Stimatix GI,Health Care|Medical Devices,1000000.0,operating,ISR,1,644.0
StnDrd Infusion,Medical,350000.0,operating,USA,1,
Stone Medical Corporation,Medical,175000.0,operating,USA,2,2149.0
StoreDot,Biotechnology,76000000.0,operating,ISR,4,542.0
Strain Merchant,Biotechnology|Cannabis|Medical,0.0,operating,USA,1,151.0
Strand Diagnostics,Biotechnology|Health Diagnostics,30000000.0,operating,USA,1,1182.0
Strata Health Solutions,Health Care,0.0,operating,CAN,1,4964.0
StrataGent Life Sciences,Biotechnology,16000000.0,operating,USA,1,
Stratatech Corporation,Biotechnology,3000000.0,operating,USA,1,
Strategic Science & Technologies,Biotechnology,5061900.0,operating,USA,1,7310.0
StratoScientific,Medical Devices,550000.0,operating,USA,1,766.0
Strohl Medical,Health Care,0.0,operating,USA,1,730.0
Stroll Health,Health Care,0.0,operating,USA,1,342.0
Stroma Medical,Medical,0.0,operating,USA,1,1861.0
Stromedix,Biotechnology,28000000.0,acquired,USA,3,
STX Healthcare Management Services,Biotechnology,35715237.0,operating,USA,2,356.0
Subitec,Biotechnology,6291194.0,operating,DEU,2,2721.0
Suburban Ostomy Supply Company,Health and Wellness|Health Care|Medical|Medical Devices,0.0,ipo,USA,1,7485.0
Suda,Biotechnology,5600000.0,operating,AUS,1,
Sudhir Srivastava Robotic Surgery Centre,Health Care,0.0,operating,,1,
Sulfagenix,Health Care|Medical|Therapeutics,1300000.0,operating,USA,1,
SUMA Care,Fitness|Health Care|Technology,625000.0,operating,DNK,1,
Summit Behavioral Healthcare,Health Care|Hospitals,2000000.0,operating,USA,1,813.0
Summit Care,Medical,0.0,operating,USA,1,33.0
SUN Behavioral HoldCo,Health and Wellness|Health Care|Medical,5246759.0,operating,USA,1,751.0
Sun BioPharma,Biotechnology,4548898.0,operating,USA,3,420.0
Sun Diagnostics,Biotechnology|Health Diagnostics,50000.0,operating,USA,1,
Sun LifeLight,Medical,100000.0,operating,USA,1,88.0
Sunbeam,Biotechnology,9329636.0,operating,USA,1,2536.0
Sundance Diagnostics,Biotechnology|Health Diagnostics,6513.0,operating,USA,2,428.0
Sundia MediTech,Health Care|Medical,10500000.0,operating,CHN,2,
Sunesis Pharmaceuticals,Biotechnology|Health Care,43500000.0,ipo,USA,1,4114.0
Suneva Medical,Health Care,95199996.0,operating,USA,5,1339.0
Sunshine Biopharma,Biotechnology,459313.0,operating,CAN,1,
Sunshine Heart,Biotechnology,13142400.0,ipo,USA,6,
Superbac,Biotechnology,0.0,operating,BRA,1,4383.0
SuperDimension,Health Care|Medical,75800000.0,acquired,USA,4,2952.0
SuperGen,Biotechnology,3000000.0,operating,USA,1,6869.0
Supernus Pharmaceuticals,Biotechnology|Health Care,72000000.0,ipo,USA,2,
SuperSonic Imagine,Biotechnology|Health Care,139847578.0,ipo,FRA,5,424.0
SuppreMol,Biotechnology,62875905.5346019,acquired,DEU,4,1604.0
SureGene,Biotechnology,400000.0,operating,USA,1,
SurePoint Medical,Health Care,0.0,operating,USA,1,
Surface Logix,Biotechnology,23899974.0,acquired,USA,2,
Surface Medical,Health Care,0.0,operating,,1,1489.0
Surface Oncology,Biotechnology,35000000.0,operating,USA,1,372.0
Surgery Academy,3D Technology|Augmented Reality|Education|Health Care,73964.0,operating,ITA,2,401.0
Surgical Care Affiliates,Biotechnology|Health Care,25745170.0,ipo,USA,2,9321.0
Surgical Theater,3D|Health Care|Medical Devices,9525000.0,operating,USA,2,1190.0
Surgimatix,Health Care,120377.0,operating,USA,1,2279.0
SurgiQuest,Health Care,65333092.0,acquired,USA,6,1194.0
"SurgRx, Inc",Manufacturing|Medical Devices,20000000.0,operating,USA,1,
Sutro Biopharma,Biotechnology,116305000.0,operating,USA,7,1096.0
Suven Life Sciences,Bio-Pharm|Health and Wellness|Health Care|Life Sciences|Manufacturing|Pharmaceuticals,32000000.0,operating,IND,1,9468.0
Tianma Medical Group,Biotechnology,17825845.0,operating,CHN,3,
SVBio,Cloud Computing|Health Care|Machine Learning,20500000.0,operating,,2,212.0
Svelte Medical Systems,Health Care,90566945.0,operating,USA,8,878.0
Swallow Solutions,Biotechnology,2060130.0,operating,USA,1,
Swan Valley Medical,Health Care,5684658.0,operating,USA,1,3345.0
Sway Medical Technologies,Biotechnology|Software,750000.0,operating,USA,1,902.0
"SwervePay, LLC.",Health Care|Payments,11600000.0,operating,USA,2,1452.0
Swift Biosciences,Biotechnology,11999999.0,operating,USA,4,230.0
swiftQueue,Health Care|Health Care Information Technology|mHealth,723090.682838401,operating,IRL,3,328.0
Swiss Smile,Medical,0.0,operating,CHE,1,3865.0
Swissmed Mobile,Information Technology|Medical|Mobile|Software,3000.0,operating,CHE,1,700.0
Swissray,Medical Devices,12500000.0,operating,TWN,1,
Swizcom Technologies,Medical,0.0,operating,IND,1,56.0
Sword Diagnostics,Biotechnology|Health Diagnostics,5450802.0,operating,USA,6,
SWORD Health,Health Care,1470000.0,operating,,3,304.0
Syandus,Biotechnology,532500.0,operating,USA,1,3207.0
Syapse,Enterprise Software|Health Care Information Technology|Semantic Search,14600000.0,operating,USA,3,1025.0
SymBio Pharmaceuticals,Biotechnology,41680390.0,ipo,,2,2187.0
SymbioCellTech,Biotechnology,200000.0,operating,USA,1,3001.0
Symbiosis Health,Health Care|Hospitals|Marketplaces|Medical,848540.0,operating,USA,2,200.0
Symbiota,Biotechnology|Green,7500000.0,operating,USA,1,
Symbiotec Pharmalab,Biotechnology,48000000.0,operating,IND,1,4312.0
Symbiotix Biotherapies,Health Care|Medical|Therapeutics,2300000.0,operating,USA,1,
Symetis,Biotechnology,25800000.0,operating,CHE,2,
Symic Biomedical,Biotechnology,42875687.0,operating,USA,4,677.0
Sympara Medical,Health and Wellness|Medical|Therapeutics,12816000.0,operating,USA,3,335.0
Symphogen,Biotechnology,495314228.848417,operating,DNK,9,1770.0
Symphony Dynamo,Biotechnology,20000000.0,acquired,USA,1,108.0
Symptify,Artificial Intelligence|Health Care|Software,250000.0,operating,USA,1,558.0
Symptom.ly,Health Care|Health Care Information Technology|Hospitals,300000.0,operating,USA,1,315.0
Symvato,Electronic Health Records|Health Care Information Technology|Medical|Physicians|SaaS|Software,50000.0,operating,USA,1,619.0
Synaffix,Biotechnology,0.0,operating,,1,1509.0
Rodenburg Biopolymers,Biotechnology,0.0,operating,NLD,1,
Synageva BioPharma,Biotechnology,70000000.0,acquired,USA,4,
SynAgile,Biotechnology,898618.0,operating,USA,1,
SynapCell,Biotechnology,4430000.0,operating,FRA,1,1435.0
SynapDx,Health Care,32400000.0,operating,USA,5,151.0
Synapse Biomedical,Health Care,3103358.0,operating,USA,3,1581.0
Synaptive Medical,Hospitals|Medical|Services,2988936.0,operating,CAN,2,
Synbody Biotechnology,Biotechnology,750000.0,operating,USA,1,
Synchroneuron,Biotechnology,26000000.0,operating,USA,2,
SynchroPET,Biotechnology|Health Care|Life Sciences|Medical Devices,725000.0,operating,USA,1,917.0
Syndero,Beauty|Consumer Goods|Health Care,15200000.0,operating,USA,4,
Syndevrx,Biotechnology,2404659.0,operating,USA,3,934.0
Synedgen,Biotechnology,7290877.0,operating,USA,3,1579.0
Synereca Pharmaceuticals,Biotechnology,2340000.0,operating,USA,3,768.0
SynerGene Therapeutics,Biotechnology,10319989.0,operating,USA,3,5004.0
Synergy Biomedical,Biotechnology,1224112.0,operating,USA,3,
Synergy Pharmaceuticals,Biotechnology,17431243.0,ipo,USA,3,
SynerZ Medical,Biotechnology,1735000.0,operating,USA,2,
SynGen,Health Care,13750000.0,operating,USA,6,930.0
Synlogic,Biotechnology,34400000.0,operating,USA,2,
Synosia Therapeutics,Biotechnology,91500000.0,acquired,CHE,3,
Synoste Oy,Biotechnology,5802480.0,operating,FIN,2,683.0
Synpromics Ltd,Biotechnology|Medical|Therapeutics,3285922.0,operating,GBR,1,2054.0
Synta Pharmaceuticals,Biotechnology|Health Care,155350000.0,ipo,USA,5,1474.0
Syntarga,Biotechnology,0.0,operating,,1,
Syntaxin,Biotechnology,71390000.0,acquired,GBR,3,
Syntervention,Biotechnology,39000.0,operating,USA,1,865.0
Synthace,Biotechnology,4869826.0,operating,GBR,4,832.0
Synthelis,Biotechnology,784826.0,operating,FRA,1,
Synthetic Biologics,Biotechnology,16103380.0,operating,USA,2,4327.0
Synthetic Genomics,Biotechnology,40000001.0,operating,USA,2,356.0
Synthorx,Biotechnology,6000000.0,operating,USA,1,110.0
Syntropharma,Biotechnology,2572043.0,operating,,2,692.0
Syros Pharmaceuticals,Biotechnology,83000000.0,operating,USA,2,-5.0
Syrrx,Bio-Pharm|Biotechnology|Pharmaceuticals,5100000.0,acquired,,1,
T2 Biosystems,Health Care,83500000.0,ipo,USA,5,0.0
T3D Therapeutics,Biotechnology,3212999.0,operating,USA,4,219.0
Tacere Therapeutics,Biotechnology,0.0,operating,USA,1,
Tachyon Holistic Medical Counseling Center,Medical,0.0,operating,USA,1,113.0
Tactile Systems Technology,Health Care,23200000.0,operating,USA,3,
Taiga Biotechnologies,Biotechnology,15445965.0,operating,USA,3,1565.0
Taigen,Biotechnology,75000000.0,operating,TWN,2,1050.0
TaiMed Biologics,Biotechnology,22000000.0,operating,TWN,1,1185.0
Takeda Cambridge,Biotechnology|Health Care|Pharmaceuticals,22340000.0,operating,GBR,2,
Tal Medical,Health Care,14700000.0,operating,USA,2,164.0
Taligen Therapeutics,Biotechnology|Health and Wellness|Pharmaceuticals,78750000.0,acquired,USA,3,578.0
TALON THERAPEUTICS,Biotechnology,10315800.0,acquired,USA,1,
Talyst,Health Care|Pharmaceuticals|Software,36000000.0,operating,USA,3,1774.0
Tandem Diabetes Care,Health Care,152001200.0,ipo,USA,4,188.0
Tandem Technologies,Biotechnology,12500000.0,operating,USA,1,
Tangent Medical Technologies,Health Care,26999992.0,operating,USA,6,
Tango Health,Curated Web|Health Care,10173807.0,operating,USA,4,685.0
Tansna Therapeutics,Biotechnology,0.0,operating,USA,2,1145.0
TapGenes,Health and Wellness|Health Care|Healthcare Services,20000.0,operating,USA,1,574.0
Taragenyx,Dental|Healthcare Services|Medical,3000000.0,operating,GBR,2,967.0
Targacept,Biotechnology|Health Care,124414483.0,ipo,USA,4,1249.0
TargAnox,Biotechnology,5100000.0,operating,USA,1,
Targanta Therapeutics,Health Care,70000000.0,ipo,USA,1,
TargeGen,Biotechnology,33728379.0,acquired,USA,2,744.0
Targeted Growth,Agriculture|Biotechnology|Energy,37300000.0,operating,USA,3,
Targovax,Biotechnology,3600000.0,operating,NOR,1,1252.0
TARIS Biomedical,Biotechnology,83800001.0,operating,USA,5,541.0
Tarpon Biosystems,Biotechnology,3572281.0,operating,USA,4,
Tarsa Therapeutics,Biotechnology,121050000.0,operating,USA,7,295.0
Tau Therapeutics,Biotechnology,12837500.0,operating,USA,1,4180.0
TauRx Pharmaceuticals,Biotechnology|Health Diagnostics,177000000.0,operating,SGP,3,3976.0
TB Biosciences,Biotechnology|Health Diagnostics,1500000.0,operating,USA,1,47.0
TCD Pharma,Biotechnology|Investment Management|Medical|Pharmaceuticals,8940000.0,operating,ESP,1,
NGI,Biotechnology,11795700.0,operating,FRA,1,
TeamLINKS,Biotechnology|Medical,2238920.0,operating,USA,2,3125.0
Tears for Life,Medical,0.0,operating,USA,1,115.0
TearScience,Health Care|Medical Devices,114500000.0,operating,USA,2,1951.0
Technimotion,Biotechnology,180000.0,operating,USA,1,887.0
Technologie BiolActis,Biotechnology,10000000.0,operating,CAN,1,2959.0
TechnoVax,Medical,0.0,operating,USA,1,3587.0
Techpool Bio-Pharma,Biotechnology,20480000.0,operating,CHN,1,5999.0
TechSkills,Health Care,3175000.0,operating,USA,1,
Techulon,Biotechnology,1065000.0,operating,USA,2,1277.0
TecMed,Medical,0.0,operating,USA,1,6655.0
Tedcas,Hardware + Software|Health and Wellness|Kinect|Medical,630355.0,operating,ESP,2,0.0
Teddy The Guardian,Hardware + Software|Health Care|Mobile|Parenting,400000.0,operating,GBR,2,248.0
TELA Bio,Biotechnology,51870140.0,operating,USA,3,591.0
Telemedicine Clinic,Health Care Information Technology|Health Diagnostics|Hospitals,9711297.0130825,acquired,ESP,2,1277.0
Telemedicine Solutions LLC,Health Care Information Technology|mHealth,11705000.0,operating,USA,7,699.0
TelePharm,Health Care|Software|Telecommunications,2500000.0,operating,USA,2,721.0
Telerad Express,Health Care|Medical|Medical Devices,300000.0,operating,USA,1,
TeleSkin,Analytics|Biotechnology,86758.5613348325,operating,SRB,1,2512.0
Telesofia Medical,Data Mining|Document Management|Medical|Video,1000000.0,operating,ISR,2,844.0
Telesta Therapeutics,Bio-Pharm|Biotechnology|Therapeutics,28600000.0,operating,CAN,1,13380.0
Telik,Biotechnology,4581250.0,ipo,USA,1,
TellmeGen,Biotechnology|Genetic Testing,270862.0,operating,ESP,1,162.0
Telormedix,Biotechnology,16225456.0,operating,CHE,2,1884.0
Telsar Pharma,Biotechnology,14000000.0,operating,USA,1,
TempDaddy,Health Care Information Technology,500000.0,operating,USA,1,638.0
Tempo Pharmaceuticals,Bio-Pharm|Medical|Pharmaceuticals,20200000.0,operating,,2,
Tenaxis Medical,Health Care,28277366.0,acquired,USA,8,1321.0
Tendyne Holdings,Biotechnology,37476197.0,acquired,USA,3,
Tengion,Biotechnology,297263531.0,ipo,USA,8,945.0
Tenon Medical,Biotechnology,500000.0,operating,USA,1,290.0
Tensegrity Technologies,Biotechnology,981990.0,operating,USA,1,1577.0
Tensha Therapeutics,Biotechnology,15000000.0,operating,USA,1,
Tepha,Health Care,29942849.0,operating,USA,4,3443.0
TeraFold Biologics Inc.,Biotechnology,40000.0,operating,USA,1,437.0
Terapio,Biotechnology,6700000.0,operating,USA,2,1264.0
Terarecon,Health Care|Manufacturing|Medical Devices,0.0,operating,USA,1,1885.0
Tercica,Biotechnology,148500000.0,acquired,USA,4,85.0
Tergum,Biotechnology|Health and Wellness|Personal Health,117500.0,operating,,1,
TERUMO MEDICAL CORPORATION,Health Care,5546715.0,operating,USA,2,
TESARO,Biotechnology|Health Care,252000000.0,ipo,USA,3,88.0
TesoRx Pharma,Biotechnology,21830589.0,operating,USA,4,927.0
Tetherex Pharmaceuticals,Biotechnology,600000.0,operating,USA,1,532.0
Tethis,Biotechnology,1205700.0,operating,USA,2,402.0
Tetra Discovery,Biotechnology,2945000.0,operating,USA,4,1287.0
Tetragenetics,Biotechnology,3804730.0,operating,USA,4,2154.0
TetraLogic Pharmaceuticals,Biotechnology|Health Care,73000000.0,ipo,USA,6,
Tetraphase Pharmaceuticals,Biotechnology|Health Care,80040000.0,ipo,USA,4,
Texere,Medical|Publishing|Technology,1435149.0,operating,GBR,1,
TG Therapeutics,Biotechnology,25000000.0,ipo,USA,1,
TGR BioSciences,Biotechnology,2240000.0,operating,AUS,1,
TGX Medical Systems,Fitness|Healthcare Services|Intellectual Asset Management|Medical Devices|Tracking,1500000.0,operating,USA,1,
Thar Geothermal,Biotechnology|Carbon|Solar,0.0,operating,USA,1,
Thar Pharmaceuticals,Biotechnology,9608656.0,operating,USA,5,720.0
The Advisory Board Company,Biotechnology|Health Care|Hospitals,0.0,ipo,USA,1,10557.0
The App3,Apps|Electronic Health Records|Health Care|Mobile|Open Source,90000.0,operating,PRT,1,243.0
The Cambridge Center For Medical & Veterinary Sciences,Medical,0.0,operating,CAN,1,8836.0
The Foundry,Health Care,3000000.0,operating,USA,1,
The Gym,Health Care,0.0,operating,,1,-153.0
The Invisible Armor,Medical|Retail,0.0,operating,USA,1,1780.0
Iron Yard Ventures,EdTech|Health and Wellness|Health Care|Software,750000.0,operating,USA,1,1119.0
The Jackson Laboratory,Biotechnology,59929933.0,operating,USA,3,30052.0
The Little Blue Book Mobile,Doctors|Medical Professionals|Mobile Commerce,10000000.0,acquired,USA,1,8741.0
The Luneau Technology Group,Health and Wellness|Medical|Technology,0.0,operating,,1,
The Medical Marijuana Group,Medical,80000.0,operating,ROM,1,139.0
The Medical Memory,Diagnostics|Health Care|Hospitals,2350000.0,operating,USA,2,2309.0
The Rounds,Health Care,1474090.0,operating,CAN,2,842.0
The Surgical Center,Biotechnology,134452.0,operating,USA,1,
The University of Texas Health Science Center at Houston,Education|Life Sciences|Medical|Medical Professionals,8800000.0,operating,USA,2,15573.0
"The Usability People, LLC",Enterprise Software|Health Care Information Technology|Usability|User Experience Design|User Testing|Web Design,0.0,operating,USA,1,0.0
Thelial Technologies,Biotechnology|Health and Wellness,477133.0,operating,PRT,2,0.0
Themis Bioscience,Biotechnology|Clinical Trials|Health Care,7800000.0,operating,PHL,1,2073.0
Theocorp Holding Company,Biotechnology|Clean Technology|Innovation Engineering,900000.0,operating,USA,1,
Therabiol,Biotechnology,150000.0,operating,USA,1,288.0
TheraBiologics,Biotechnology|Medical,0.0,operating,USA,1,415.0
Therabron,Biotechnology,17850000.0,operating,USA,2,
TheraCell,Medical Devices,1419000.0,operating,USA,2,611.0
Therachon,Biotechnology,35000000.0,operating,FRA,1,
Theraclion,Medical,250000.0,operating,USA,1,4199.0
Theraclone Sciences,Biotechnology|Health Care|Therapeutics,30164603.0,operating,USA,5,2267.0
TheraCoat,Biotechnology|Pharmaceuticals,7000000.0,operating,ISR,1,3428.0
Theracos,Biotechnology,93092700.0,operating,USA,1,5014.0
Theragene Pharmaceuticals,Biotechnology,548000.0,operating,USA,2,1168.0
Theramyt Novobiologics,Biotechnology,4500000.0,operating,,1,283.0
Theranexus,Medical|Medical Professionals|Therapeutics,4499568.0,operating,,1,
Theranos,Biotechnology|Health Care|Health Diagnostics,88400000.0,operating,,5,772.0
Theranostics Health,Biotechnology|Health Diagnostics,5480000.0,operating,USA,7,1967.0
Therapeutic Monitoring Services,Biotechnology,100000.0,operating,USA,1,1376.0
Therapeutic Proteins,Biotechnology,2500000.0,operating,USA,1,2750.0
Therapeutic Solutions International,Biotechnology,100000.0,operating,USA,1,
Therapeutic Systems,Bio-Pharm|Medical Devices|Services,50000.0,operating,USA,1,
Natrogen Therapeutics,Biotechnology,1400000.0,operating,USA,1,3016.0
TherapeuticsMD,Biotechnology,41500001.0,ipo,USA,2,
Teraphysics Corporation,Consumer Electronics|Hardware + Software|Health Care|Physicians,0.0,operating,USA,1,3261.0
Theraptosis,Bio-Pharm|Medical|Neuroscience,11207671.0,operating,,1,
Therapydia,Health and Wellness|Health Care|Social Media|Social Network Media,6300000.0,operating,USA,3,233.0
TheraSim,Biotechnology,1250000.0,operating,USA,1,2928.0
TheraSolve,Health Care|Medical|Medication Adherence,2780319.0,operating,BEL,1,2212.0
Therasport Physical Therapy,Biotechnology,50000.0,operating,USA,1,282.0
TheraTest Laboratories,Biotechnology,490000.0,operating,USA,1,
Therative,Health Care,9000000.0,operating,USA,2,1112.0
TheraTorr Medical,Health Care,105080.0,operating,USA,1,1879.0
Theravance,Biotechnology|Health Care,129375000.0,ipo,USA,1,5446.0
Theravasc,Biotechnology,3372501.0,operating,USA,4,370.0
THERAVECTYS,Biotechnology,30449358.0,operating,FRA,3,2803.0
TheraVida,Biotechnology,13504894.0,operating,USA,3,
Therio,Health Care|Medical|Pharmaceuticals,275000.0,operating,USA,1,241.0
Therion Biologics Corporation,Health Care|Medical|Therapeutics,39000000.0,operating,USA,1,
Thermalin Diabetes,Biotechnology,16570991.0,operating,USA,6,1183.0
Thermedical,Biotechnology,7000000.0,operating,USA,2,1540.0
ThermiAesthetics,Health and Wellness|Medical Devices|Pharmaceuticals|Services,11000000.0,operating,USA,2,1101.0
ThermoAura,Biotechnology,750000.0,operating,USA,1,1035.0
Theron Pharmaceuticals,Biotechnology,2209319.0,operating,USA,4,
TherOx,Health Care|Medical Devices,57075746.0,operating,USA,5,5144.0
Thesan Pharmaceuticals,Biotechnology,65000000.0,operating,,2,
Thetis Pharmaceuticals,Clinical Trials|Medical|Pharmaceuticals,7405730.0,operating,USA,2,223.0
Thimble Bioelectronics,Health Care,225000.0,operating,USA,3,-106.0
Think Upgrade,Medical,2000.0,operating,USA,1,533.0
THINKmd,Health and Wellness|Health Care|Medical,155000.0,operating,USA,1,912.0
Third Eye Diagnostics,Health Care,250000.0,operating,USA,1,
Third Eye Health,Google Glass|Health Care|Medical|Software,50000.0,operating,USA,1,408.0
Third Wave Technologies,Biotechnology,25000000.0,acquired,USA,1,5456.0
Thompson SCI,Health Care|Medical|Therapeutics,50000.0,operating,USA,1,
ThoughtSwift Medical Assessments,Medical,0.0,operating,USA,1,514.0
Thrasos,Biotechnology,56000000.0,operating,CAN,2,
Three Rivers Pharmaceuticals,Biotechnology,6555000.0,operating,USA,1,3398.0
Threshold Pharmaceuticals,Biotechnology|Health and Wellness|Health Care,96000000.0,ipo,USA,3,1108.0
thromboDx BV,Diagnostics|Health Diagnostics|Life Sciences|Medical Devices,819843.0,operating,NLD,2,-105.0
ThromboGenics,Biotechnology,3859800.0,operating,BEL,1,
Thrombolytic Science International,Biotechnology,7500000.0,operating,USA,1,
ThromboVision,Biotechnology,4000000.0,operating,USA,1,
Thyritope Biosciences,Health and Wellness|Medical|Therapeutics,20000000.0,operating,USA,2,
Tianjin CanSino Biotechnology Inc.,Biotechnology,30000000.0,operating,CHN,1,
Tianjin GreenBio Materials,Biotechnology,23450000.0,operating,CHN,2,1886.0
Tibion Bionic Technologies,Health Care,18038630.0,acquired,USA,4,2961.0
TiGenix,Biotechnology,68285881.8492276,ipo,BEL,6,1370.0
Tigris Pharmaceuticals,Biotechnology,22500000.0,operating,USA,2,746.0
Tiltan Pharma,Biotechnology|Pharmaceuticals,1500000.0,operating,ISR,1,2957.0
TimberFish Technologies,Biotechnology,0.0,operating,USA,1,1876.0
Tioga Pharmaceuticals,Biotechnology,57000000.0,operating,USA,5,373.0
TIP Imaging,Health Care|Medical|Technology,100000.0,operating,USA,1,
Tissue Genesis,Biotechnology,13939309.0,operating,USA,4,3398.0
Tissue Regeneration Systems,Biotechnology,13332002.0,operating,USA,3,2806.0
Tissue Regenix,Health Care,1349658.0,operating,GBR,1,246.0
TissueInformatics,Analytics|Bioinformatics|Biotechnology,12500000.0,acquired,,1,
TISSUELAB,Biotechnology,4000000.0,operating,BRA,2,1070.0
Tissuetech,Biotechnology|Health Care|Medical,37790000.0,operating,USA,5,4305.0
Titan Pharmaceuticals,Biotechnology,5000000.0,ipo,USA,1,
Tivorsan Pharmaceuticals,Biotechnology,1000000.0,operating,USA,1,
TM Bioscience,Biotechnology|Health Diagnostics,13000000.0,operating,CAN,2,9458.0
TMJ Health,Biotechnology,2000000.0,operating,USA,1,379.0
TMS NeuroHealth Centers Tysons Corner,Biotechnology,750000.0,operating,USA,1,234.0
TNG Pharmaceuticals,Biotechnology,4600000.0,operating,USA,1,
Immune Therapeutics,Biotechnology|Pharmaceuticals,2892750.0,ipo,USA,1,619.0
TNI medical,Health Care|Manufacturing|Medical Devices,3364680.94412947,operating,DEU,1,
to-BBB,Biotechnology,29580831.0,operating,NLD,5,1647.0
Toad Medical,Health Care,550000.0,operating,USA,1,
Tobira Therapeutics,Biotechnology,85999999.0,ipo,USA,5,
Tocagen,Biotechnology,89201970.0,operating,USA,8,883.0
Tokai Pharmaceuticals,Biotechnology,100499993.0,ipo,USA,4,1986.0
Tokalas,Biotechnology,6239995.0,operating,USA,2,428.0
Tokamak Solutions,Biotechnology,274902.0,operating,GBR,1,
Tolera Therapeutics,Biotechnology,12323710.0,operating,USA,6,532.0
Tolero Pharmaceuticals,Biotechnology,25734560.0,operating,USA,2,573.0
TOLTEC PHARMACEUTICALS,Biotechnology,2929538.0,operating,USA,1,3302.0
Toltech Healthcare Integrated Solutions,Health Care|Medical,0.0,operating,CAN,1,1132.0
Tolven Inc.,Biotechnology,3614333.0,operating,USA,1,1755.0
Toma Biosciences,Biotechnology,8686418.0,operating,USA,2,1117.0
Tonix Pharmaceuticals Holding,Biotechnology,2335000.0,ipo,USA,2,1753.0
Tooth Bank,Biotechnology,200000.0,operating,USA,1,76.0
Toothpick,Curated Web|Health Care|Health Care Information Technology|Healthcare Services,0.0,acquired,GBR,2,162.0
Top Doctors Labs,Health Care,18750.0,operating,USA,1,1315.0
Topaz Pharmaceuticals Inc,Medical|Pharmaceuticals,20000000.0,operating,,1,
TopCat Research,Biotechnology,80606.0,operating,GBR,1,
Topera,3D|Health Care|Medical|Medical Devices,31518531.0,acquired,USA,3,865.0
Topica Pharmaceuticals,Biotechnology,58519071.0,operating,USA,2,2847.0
TopiVert,Health Care,19328350.0,operating,GBR,2,
Topokine Therapeutics,Biotechnology,0.0,operating,USA,1,1552.0
Topspin Medical,Health Care Information Technology,16500000.0,operating,ISR,1,
Torax Medical,Health Care,75699997.0,operating,USA,6,1274.0
Torch Group,Biotechnology,5400000.0,operating,USA,1,623.0
Tornado Spectral Systems,Biotechnology,14743453.0,operating,CAN,4,312.0
Torque Medical Holdings,Health Care,4665000.0,operating,USA,1,349.0
TorreyPines Therapeutics,Medical|Pharmaceuticals|Therapeutics,34800000.0,operating,,1,
Tosk,Biotechnology,5449274.0,operating,USA,1,6055.0
Total Nutraceutical Solutions,Biotechnology,617000.0,operating,USA,2,
Touch Bionics,Biotechnology,9058042.76049378,operating,GBR,3,
Touch of Life Technologies,Design|Education|Medical,0.0,operating,USA,1,4906.0
TouchCare,Health Care|Mobile|Services,4000000.0,operating,USA,1,693.0
TowerView Health,Health and Insurance|Health Care|Medication Adherence|Pharmaceuticals,200000.0,operating,USA,1,
TP Therapeutics,Biotechnology,1429999.0,operating,USA,1,986.0
TPP Global Development,Biotechnology,12200000.0,operating,GBR,1,
TRACON Pharmaceuticals,Biotechnology,52040000.0,ipo,USA,4,
Tragara,Biotechnology,63259984.0,operating,USA,5,73.0
Trailhead Lodge,Biotechnology,9690000.0,operating,USA,1,310.0
Trainer Rx,Health Care|Information Services|Medical Professionals,50000.0,operating,USA,1,495.0
Training Amigo,Corporate Wellness|Education|Employer Benefits Programs|Fitness|Health and Wellness|Health Care Information Technology|Human Resources|Social Network Media|Technology,172500.0,operating,USA,2,191.0
Transave,Biotechnology,11042572.0,acquired,USA,2,
TransBiodiesel,Biotechnology,1500000.0,operating,ISR,1,
Transbiomed,Biotechnology,1635240.0,operating,ESP,1,
TransCardiac Therapeutics,Biotechnology,200000.0,operating,USA,1,2402.0
Transcatheter Technologies,Health Care,4156262.0,operating,DEU,3,193.0
Transcend Medical,Health Care,80000000.0,operating,USA,4,678.0
TranscendIT Health,Consulting|Health Care Information Technology|Incubators,4500000.0,operating,USA,1,308.0
Transcept Pharmaceuticals,Biotechnology|Pharmaceuticals,40000000.0,ipo,USA,1,
TRANSCORP,Biotechnology,755958.0,operating,USA,1,1227.0
Transcriptic,Biotechnology|Robotics,14370000.0,operating,USA,5,288.0
TransCure bioServices,Health and Wellness|Health Care|Medical|Pharmaceuticals,936246.0,operating,FRA,1,957.0
TransEnterix,Health Care,385891470.0,ipo,USA,10,1375.0
Transgenomic,Biotechnology|Health Diagnostics,13789760.0,ipo,USA,4,5490.0
Transition Therapeutics,Biotechnology,41800000.0,ipo,CAN,2,
Transluminal Technologies,Biotechnology,1500004.0,operating,USA,1,
TransMedics,Health Care|Medical Devices,158178559.0,operating,USA,10,2217.0
TransMolecular,Biotechnology,33200000.0,acquired,USA,1,2800.0
transOMIC,Biotechnology,20000.0,operating,USA,1,67.0
Transplant Genomics Inc.,Biotechnology|Diagnostics|Health Diagnostics|Medical|Technology,3013000.0,operating,USA,2,
Transposagen Biopharmaceuticals,Biotechnology|Pharmaceuticals,5380000.0,operating,USA,3,2980.0
TransTech Pharma,Biotechnology,74500000.0,operating,USA,2,1498.0
Tranzyme,Biotechnology|Medical|Therapeutics,20000000.0,operating,USA,2,
Travanti Pharma,Biotechnology,7500000.0,operating,USA,1,
Traverse Biosciences,Biotechnology,100000.0,operating,USA,1,524.0
Traxer,Medical,590000.0,operating,FIN,1,0.0
Traycer Diagnostic Systems,Biotechnology,9007512.0,operating,USA,4,387.0
Treace Medical Concepts,Medical Devices,910000.0,operating,USA,1,385.0
Treasure Valley Surgery Center,Biotechnology,980000.0,operating,USA,1,138.0
Treasure Valley Urology Services,Biotechnology,382014.0,operating,USA,6,2078.0
Treat U,Biotechnology,1003918.0,operating,PRT,1,1281.0
Treatment Scores,Health and Wellness|Medical|Personal Health,35000.0,operating,,2,
RightClinic,Health Care,372090.0,operating,GBR,1,1904.0
Treato,Big Data|Health and Wellness|Health Care|Health Care Information Technology|Natural Language Processing|Neuroscience|Pharmaceuticals|Social Media,14500000.0,operating,ISR,1,1665.0
Treatspace,Health Care|Health Care Information Technology|Mobile Health|Social Media,25000.0,operating,USA,2,238.0
Tree Street Dermatology,Health Care|Hospitals,8800000.0,operating,USA,1,485.0
Trellis Bioscience,Biotechnology,21950708.0,operating,USA,3,
Trellis Earth Products,Biotechnology,75000.0,operating,USA,1,1902.0
TRELYS,Biotechnology,3750000.0,operating,USA,2,456.0
Trendlines Medical,Medical Devices,1000000.0,operating,ISR,1,7788.0
Trevena,Biotechnology,174000000.0,ipo,USA,5,425.0
Treventis,Biotechnology|Health Diagnostics,4400000.0,operating,USA,1,2088.0
Trevi Therapeutics,Biotechnology,47564102.0,operating,USA,3,717.0
TreVia Digital Health,Health and Wellness|Health Care|Service Providers,116973.0,operating,USA,1,
Tri-Medics,Biotechnology,160000.0,operating,USA,1,4591.0
TrialReach,Clinical Trials|Health and Wellness|Health Care|Health Care Information Technology|Internet|Pharmaceuticals|Search,17900000.0,operating,GBR,3,1030.0
TRIAXIS MEDICAL DEVICES,Health Care,150000.0,operating,USA,1,
Tribogenics,Manufacturing|Material Science|Medical Devices|Mining Technologies|Oil & Gas|Recycling,19700000.0,operating,USA,3,157.0
Tribute Pharmaceuticals Canada,Biotechnology,31998025.0,acquired,CAN,2,601.0
Trice Medical,Health Diagnostics|Medical,18100000.0,operating,USA,2,
Trice Orthopedics,Biotechnology|Health Diagnostics,3000000.0,operating,USA,1,
Tricida,Biotechnology|Pharmaceuticals,44514244.0,operating,USA,3,394.0
Trigemina,Biotechnology,5204967.0,operating,USA,3,1452.0
Trillium Therapeutics,Biotechnology,1000000.0,acquired,CAN,1,
TriLogic Pharma,Biotechnology,2972866.0,operating,USA,4,2805.0
Trimel Pharmaceuticals,Biotechnology,12631268.0,ipo,CAN,2,2245.0
SHYFT,Biotechnology,19000000.0,operating,,2,2907.0
Trino Therapeutics,Biotechnology|Health and Wellness|Health Care|Therapeutics,11579400.0,operating,IRL,1,5261.0
Trio Health,Health Care|Healthcare Services|Services,3765000.0,operating,USA,1,
TrioMed Innovations,Health Care,6000000.0,operating,,1,
Triomi,Health Care,120000.0,operating,,1,
Triosyn,Health Care|Medical|Therapeutics,4000000.0,operating,,1,
tripMD,Doctors|Health Care|Healthcare Services|Medical,45000.0,operating,IND,1,722.0
TriReme Medical,Health Care,57554997.0,operating,USA,4,1018.0
Triton Algae Innovations,Biotechnology,10000000.0,operating,USA,2,
Trius Therapeutics,Biotechnology|Health Care,69325793.0,acquired,USA,3,1154.0
TriVascular,Health Care|Medical Devices,266950270.0,ipo,USA,7,3742.0
Trivitron Healthcare,Biotechnology,95500000.0,operating,IND,3,
TROD Medical,Health Care,6111350.0,operating,FRA,1,2854.0
Trophos,Biotechnology,11582485.4651163,acquired,,1,
Tru Dental Management,Health Care,2500000.0,operating,USA,1,
Trubion Pharmaceuticals,Biotechnology|Health Services Industry,55600000.0,ipo,USA,3,
TruClinic,Health Care|Health Care Information Technology|Telecommunications,300000.0,operating,USA,2,868.0
True North Healthcare,Document Management|Health and Wellness|Medical Professionals,0.0,operating,USA,1,
True North Therapeutics,Biotechnology,97000000.0,operating,USA,3,532.0
True Office,Analytics|Apps|Banking|Financial Services|FinTech|Games|Gamification|Health Care|Law Enforcement|Legal|Pharmaceuticals|Risk Management|Training,3000000.0,acquired,USA,1,1119.0
TrueVault,Cloud Computing|Enterprise Software|Health and Insurance|Health Care|mHealth|Security|Storage,2500000.0,operating,,1,450.0
Truevision,Biotechnology,14579328.0,operating,USA,6,2599.0
TruInject,Big Data Analytics|Education|Health Care Information Technology|Software,892500.0,operating,USA,2,132.0
TruMed Systems,Medical Devices,5500000.0,operating,USA,1,1109.0
Truminim,Health Care|Medical|Physicians,1239488.0,operating,USA,2,
Truven Health Analytics,Analytics|Health Care Information Technology|Hospitals,1350000.0,operating,USA,2,
Truveris,Health Care|SaaS,26550000.0,operating,USA,3,761.0
TruVitals,Health Care,0.0,operating,USA,1,1215.0
Truweight,Health Care,0.0,operating,IND,1,
Trxade Group,Medical,1475000.0,ipo,USA,2,1674.0
Tryton Medical,Health Care,86267224.0,operating,USA,4,2813.0
TTi Turner Technology Instruments,Biotechnology,3069949.0,operating,CAN,1,
TTS Pharma,Biotechnology,880895.0,operating,GBR,1,
Turing Inc.,Artificial Intelligence|Biotechnology|Medical,1200000.0,operating,USA,1,
Turing Pharmaceuticals,Biotechnology|Pharmaceuticals,90000000.0,operating,USA,1,
Turning Ranch,Medical,4000.0,operating,USA,1,2849.0
Turnstone Biologics,Biotechnology,11300000.0,operating,USA,1,
Tursiop Technologies,Design|Medical Devices|Nanotechnology,500000.0,operating,USA,2,
Tute Genomics,Biotechnology|Genetic Testing|Health Care|Software,7700000.0,operating,USA,3,537.0
TUUN HEALTH,Health Care|Healthcare Services|Medical,25000.0,operating,USA,1,
TV2 Holding,Biotechnology,119865030.0,operating,USA,5,1040.0
TVA Medical,Health and Wellness|Health Care|Health Care Information Technology,27100000.0,operating,USA,3,741.0
TVAX Biomedical,Biotechnology,7023128.0,operating,USA,4,
Twelve,Health Care,71826025.0,acquired,USA,6,811.0
Twin Star ECS,Biotechnology,95000.0,operating,USA,1,336.0
Twinstrand Therapeutics,Biotechnology|Health Care Information Technology|Medical,6704285.0,acquired,CAN,1,2980.0
Twist Bioscience,Biotechnology,82110714.0,operating,USA,4,405.0
"twoXAR, Incorporated",Big Data|Bio-Pharm|Machine Learning|Medical,3400000.0,operating,USA,2,485.0
TxCell,Biotechnology,70183280.0,operating,FRA,4,
Tyber Medical,Health Care,0.0,operating,USA,1,695.0
Tympany,Health and Wellness|Medical|Medical Devices,990000.0,acquired,USA,2,
Tyro Payments,Banking|Finance|FinTech|Medical|Payments|Retail|Software,103594390.0,operating,AUS,16,-2.0
Tyrogenex,Biotechnology,19264909.0,operating,USA,3,1905.0
Zocere,Biotechnology|Health Diagnostics,100000.0,operating,,1,633.0
TyRx Pharma,Biotechnology,20000000.0,acquired,USA,1,
TytoCare,Health Care|Health Care Information Technology|Medical Devices|Mobile Health,18500000.0,operating,ISR,3,182.0
U.S. Healthworks,Biotechnology,40500000.0,operating,USA,1,
UASC PHYSICIANS,Hospitals|Medical|Physicians,93600.0,operating,USA,1,
Uberseq,Medical,1175000.0,operating,USA,3,
uBiome,Big Data|Health Care|Machine Learning|Quantified Self,4971193.0,operating,USA,3,-46.0
Ubiquigent,Biotechnology,757625.0,operating,GBR,1,1721.0
UCB Pharma,Biotechnology,100787628.0,operating,BEL,2,29941.0
UE LifeSciences,Medical Devices,3000000.0,operating,USA,1,2447.0
ugichem,Biotechnology,3974850.0,operating,AUT,2,3423.0
Ultivue,Biotechnology,5150000.0,operating,USA,1,285.0
Ultragenyx Pharmaceutical,Biotechnology|Health Care,135100005.0,ipo,USA,3,
Ultralife,Health Care,3000000.0,ipo,USA,1,7428.0
Ultrasound Medical Devices,Manufacturing|Medical|Medical Devices,2841879.0,operating,USA,3,
ULURU,Biotechnology,3152600.0,ipo,USA,4,
Uman Pharma,Biotechnology,26502948.0,operating,CAN,1,
Umthunzi,Medical,0.0,operating,USA,1,5.0
Unchained Labs,Biotechnology|Services,25000000.0,operating,USA,1,73.0
Underbike,Fitness|Health Care|Internet|Sports|Startups|Technology|Training,131319.0,operating,ESP,1,92.0
Unilife Corporation,Health Care,75328948.0,ipo,USA,3,2850.0
Union Biometrica,Biotechnology,0.0,acquired,USA,1,730.0
UniQure,Biotechnology|Health Care,78000000.0,ipo,NLD,2,250.0
Unisense FertiliTech,Biotechnology,20000000.0,operating,,1,3719.0
United Allergy Services,Health Care,0.0,operating,USA,1,1190.0
United Biosource Corporation,Biotechnology,37800.0,operating,USA,1,2781.0
united healthcare practice solutions,Healthcare Services|Medical|Services,50000.0,operating,USA,1,
United Medical Portal,Doctors|Fitness|Health Care|Internet|Medical,300000.0,operating,RUS,1,1120.0
UNITED ORTHOPEDIC GROUP,Biotechnology,2105265.0,operating,USA,1,1976.0
United Pharmacy Partners (UPPI),Biotechnology,105000.0,operating,USA,1,4842.0
UNITED Pharmacy Staffing,Medical|Recruiting|Staffing Firms,0.0,operating,USA,1,3403.0
UnitedHealthcare,Health Care,290000000.0,ipo,USA,1,
Univercells,Biotechnology,3377617.6536816,operating,BEL,1,1025.0
Universal Biosensors,Biotechnology|Health Diagnostics,985095.0,operating,AUS,1,
Univita Health,Health Care|Hospitals|Medical,45100000.0,operating,USA,2,736.0
UNUM Therapeutics,Biotechnology,77000000.0,operating,USA,2,293.0
UNYQ,Medical Devices,2513724.0,operating,USA,3,114.0
Up & About Products,Medical,0.0,operating,USA,1,245.0
Upfront Chromatography,Biotechnology,9200000.0,operating,DNK,1,
Uptake Medical,Biotechnology|Health Care,66416775.0,operating,USA,5,1600.0
UrgentRx,Health and Wellness|Medical,26950000.0,operating,USA,6,-59.0
Urigen Pharmaceuticals,Biotechnology,1050000.0,operating,USA,2,
Urologic,Fitness|Healthcare Services|Medical|Mens Specific,44669.0,operating,DNK,1,
Uromedica,Biotechnology,1250000.0,operating,USA,1,5840.0
UroSens,Biotechnology,1136438.0,operating,GBR,1,2361.0
UroTec,Biotechnology,0.0,acquired,DEU,1,1180.0
Urova Medical,Medical Devices,404000.0,operating,USA,4,17.0
US Biologic,Biotechnology|Health Care|Pharmaceuticals,1250000.0,operating,USA,2,
US Health Broker.com,Biotechnology,1010004.0,operating,USA,1,1654.0
US HealthCenter,B2B|Health Care|Healthcare Services|Medical,150000.0,operating,USA,1,2073.0
US HealthVest,Biotechnology,36000000.0,operating,USA,1,
USARAD Holdings,Health Care,0.0,operating,USA,1,
USDS,Biotechnology|Health Diagnostics,6108466.0,operating,USA,2,459.0
USGI Medical,Health Care,45048169.0,operating,USA,3,4162.0
USIS HOLDINGS,Biotechnology,550000.0,operating,USA,1,
USRetina,Biotechnology,7551742.0,operating,USA,2,
Utah Surgery Center,Health Care,313250.0,operating,USA,1,
Utilize Health,Health and Wellness|Medical|Services,750000.0,operating,USA,2,584.0
UV Flu Technologies,Biotechnology,254117.0,operating,USA,1,
UV Memory Care,Fitness|Health Care|Medical,2005844.0,operating,USA,1,308.0
UVLrx Therapeutics,Biotechnology,943200.0,operating,USA,4,996.0
UWI Technology,Biotechnology,2852535.0,operating,GBR,2,
V-Sense Medical,Health Care Information Technology,0.0,operating,USA,2,258.0
V Wave,Biotechnology,2000000.0,operating,,1,1279.0
Vaccibody,Biotechnology,3490077.0,operating,NOR,2,2142.0
Vaccine Technologies International,Biotechnology,17750025.0,operating,CYM,1,
Vaccinogen,Biotechnology,99051350.0,ipo,USA,5,702.0
Vacunek,Biotechnology,277000.0,operating,ESP,1,
Valcare Medical,Health and Wellness|Medical Devices,8000000.0,operating,ISR,1,
Valderm,Biotechnology,3370000.0,operating,DNK,1,
Valentia Biopharma,Biotechnology,0.0,operating,ESP,1,695.0
ValenTx,Health Care,27800000.0,operating,USA,2,2830.0
Valeo Medical,Biotechnology,1000000.0,operating,USA,1,3781.0
Valerion Therapeutics,Biotechnology,1195762.0,operating,USA,1,
"Valerion Therapeutics, LLC",Biotechnology,20000000.0,operating,USA,1,1890.0
Valeritas,Biotechnology|Diabetes,271951220.0,operating,USA,3,2080.0
Validic,Apps|Big Data|Developer APIs|Enterprises|Health and Wellness|Health Care|mHealth,18358500.0,operating,USA,5,591.0
ValiRX,Biotechnology|Health Diagnostics,1224392.0,ipo,GBR,1,
Valneva,Biotechnology,51721320.0,operating,FRA,1,5278.0
Valor Capital Partners,Medical,1500000.0,operating,USA,1,-152.0
Valor Medical,Biotechnology,4080255.0,operating,USA,1,947.0
Valtech Cardio,Health Care,17800000.0,acquired,ISR,1,1534.0
Vanda Pharmaceuticals,Biotechnology|Health Care,54000000.0,ipo,USA,1,4319.0
Vandalia Research,Biotechnology|Health Diagnostics,2424999.0,acquired,USA,3,617.0
Vanderbilt University Medical Center,Health Care,22300000.0,operating,USA,3,
Vanquish Oncology,Biotechnology,4386221.0,operating,USA,1,1195.0
Vanson HaloSource,Biotechnology,5000000.0,operating,USA,1,1171.0
Vantage Hospice,Biotechnology,686000.0,operating,USA,1,
Vantage Oncology,Health and Wellness|Health Care|Hospitals,37500000.0,operating,USA,2,784.0
Vantia Therapeutics,Biotechnology,6500000.0,operating,GBR,1,
Vapogenix,Fitness|Health Care|Medical,7200000.0,operating,USA,2,
Vapotherm,Biotechnology,119750000.0,operating,USA,6,3226.0
Varada Innovations,Biotechnology|Electronics|Medical,15000.0,operating,,1,99.0
Variad Diagnostics,Biotechnology|Health Care|Medical,100000.0,operating,USA,1,
Varsa Health,Analytics|Big Data|Health Care|Health Care Information Technology|Mobile Health|Surveys,50000.0,operating,USA,1,122.0
Vasca,Health Care|Services|Therapeutics,13200000.0,operating,,1,
Vascular Biogenics Ltd.,Bio-Pharm|Biotechnology|Healthcare Services,15000000.0,operating,ISR,1,
Vascular Closure,Health Care,0.0,operating,,1,
Vascular Designs,Biotechnology,294481.0,operating,USA,1,
Vascular Graft Solutions,B2B|Healthcare Services|Hospitals|Medical Devices,4800000.0,operating,ISR,4,730.0
Vascular Imaging,Biotechnology,2386283.0,operating,USA,1,
Vascular Magnetics,Biotechnology,7000000.0,operating,USA,1,
Vascular Pathways,Biotechnology,19000000.0,operating,USA,2,
Vascular Pharmaceuticals,Biotechnology,26000000.0,operating,USA,3,2811.0
Vascular Therapies,Biotechnology,26923891.0,operating,USA,6,3766.0
Vasculox,Biotechnology|Medical|Therapeutics,9403801.0,operating,USA,2,
VasoGenix,Biotechnology,400000.0,operating,USA,1,
Vasolux Microsystems,Diagnostics|Health and Wellness|Image Recognition|Medical,380000.0,operating,USA,1,1669.0
VasoNova,Health Care,3494340.0,acquired,USA,2,
Vasopharm,Biotechnology,24300000.0,operating,DEU,4,2232.0
Vasoptic Medical,Medical Devices,250000.0,operating,USA,1,
Vastech,Medical,0.0,operating,USA,1,423.0
Vaughn Burton,Medical Devices,0.0,operating,USA,1,1813.0
Vaxart,Biotechnology,52668419.0,operating,USA,5,1414.0
VaxCare,Biotechnology,1500000.0,operating,USA,1,2466.0
Vaxess Technologies,Biotechnology|Health Care|Life Sciences|Pharmaceuticals,6100000.0,operating,USA,5,522.0
Vaximm,Biotechnology,8000000.0,operating,CHE,1,
Vaxin,Biotechnology|Clinical Trials|Health and Wellness|Health Care|Pharmaceuticals|Testing,16000000.0,operating,USA,1,6621.0
VaxInnate,Biotechnology,129258455.0,operating,USA,7,801.0
Vaxxas,Biotechnology,40000000.0,operating,AUS,2,213.0
"Vayu, Inc.",Aerospace|Drones|Innovation Engineering|Logistics|Manufacturing|Medical Devices|Mobile Emergency&Health|Radical Breakthrough Startups,250000.0,operating,USA,2,0.0
VBI Vaccines,Biotechnology,32393693.0,ipo,USA,10,3607.0
VBOX,Biotechnology,2043860.0,operating,USA,2,
VDI Laboratory,Medical,0.0,operating,USA,1,2358.0
Vectorious Medical Technologies,Medical Devices,5000000.0,operating,ISR,1,1517.0
Vedantra Pharmaceuticals,Biotechnology,3300000.0,operating,USA,1,580.0
Velano Vascular,Medical Devices,5700000.0,operating,USA,2,1047.0
Velocimed,Health Care|Medical|Medical Devices,34500000.0,acquired,USA,2,183.0
Velomedix,Biotechnology,19000000.0,operating,USA,3,1045.0
velos,Advertising|Analytics|Health Care|Information Technology|Optimization,5875000.0,acquired,USA,4,1116.0
VenatoRx Pharmaceuticals,Biotechnology,3419051.0,operating,USA,1,
Veniti,Biotechnology,40220856.0,operating,USA,3,430.0
Venneos,Biotechnology,1127972.0,operating,DEU,1,618.0
Vensun Pharmaceuticals,Biotechnology,25508000.0,operating,USA,3,452.0
Ventec Life Systems,Health Care,15053480.0,operating,USA,2,416.0
VentiRx Pharmaceuticals,Biotechnology|Health Care|Pharmaceuticals,104502514.0,operating,USA,4,0.0
VentriPoint Diagnostics,Biotechnology,4860797.0,ipo,USA,8,
Ventrix,Biotechnology,5310118.0,operating,USA,2,561.0
Ventrus Biosciences,Biotechnology|Health Care,2725000.0,ipo,USA,1,1942.0
Venture Catalysts,Advanced Materials|Biotechnology|Genetic Testing|Hardware + Software|Life Sciences|Medical Devices|Nanotechnology|Specialty Chemicals|Specialty Foods,40000.0,operating,PRT,1,285.0
Ventus Medical,Health Care|Medical Devices,40000000.0,operating,USA,1,2048.0
VenuCare Medical,Medical,0.0,operating,USA,1,74.0
Venus Concept,Beauty|Biotechnology|Medical Devices,30000000.0,operating,CAN,2,1967.0
Vera Whole Health,Medical Devices,2000000.0,operating,USA,1,2737.0
Veracity Medical Solutions,Medical Devices,250000.0,operating,USA,1,1886.0
Veracyte,Biotechnology|Health Care|Health Diagnostics,70950000.0,ipo,USA,3,892.0
VeraLight,Health Care,25233333.0,operating,USA,4,
Veran Medical Technologies,Health Care,81952864.0,operating,USA,7,
Verastem,Biotechnology|Health Care,70000000.0,ipo,USA,4,
Verato,Big Data|Big Data Analytics|Cloud Data Services|Data Privacy|Health Care Information Technology|Information Services|Personal Data|SaaS,12500000.0,operating,USA,1,1092.0
Verax Biomedical,Biotechnology,28217263.0,operating,USA,7,3093.0
Verdezyne,Biotechnology,67000000.0,operating,USA,5,922.0
Verdi,Health Care,0.0,operating,AUS,1,
Verenium,Biotechnology,97309564.0,acquired,USA,2,
Verge Genomics,Health Care,4000000.0,operating,USA,1,
Verge Solutions,Health Care,8745000.0,operating,USA,2,2674.0
"Vericred, Inc",Health Care Information Technology,1250000.0,operating,USA,1,559.0
VeriTainer,Biotechnology,4930800.0,operating,USA,3,2344.0
Vermillion,Biotechnology|Diagnostics|Health Care,84392358.0,ipo,USA,4,6220.0
Verona Pharma,Biotechnology,11500000.0,operating,GBR,1,
Versartis,Health Care,144499999.0,ipo,USA,6,183.0
Verseon,Biotechnology,5832264.0,ipo,USA,1,4881.0
Vertebral Technologies,Medical Devices,2500000.0,operating,USA,1,
Vertex Pharmaceuticals,Biotechnology,600397225.0,ipo,GBR,4,7380.0
Vertical Health Solutions,Biotechnology|Health Diagnostics,1708800.0,operating,USA,2,
Vertical Nursing Partners,Health Care|Healthcare Services|Medical,200000.0,operating,USA,1,
VertiFlex,Health Care,66798160.0,operating,USA,8,751.0
Vertos Medical,Biotechnology,78241437.0,operating,USA,10,479.0
Verus Pharmaceuticals,Health and Wellness|Health Care|Pharmaceuticals,78000000.0,operating,USA,1,
Verve Medical,Health Diagnostics|Medical|Medical Devices,1904207.0,operating,USA,1,
Verve Rehab,Health Care|Medical,0.0,operating,USA,1,49.0
Veryan Medical,Health Care|Medical|Medical Devices,49195616.0,operating,GBR,5,
Vesocclude Medical,Biotechnology,1515615.0,operating,USA,1,2488.0
Vesselon,Medical Devices,1000000.0,operating,USA,1,1257.0
Vessix Vascular,Health Care,27700000.0,acquired,USA,2,2850.0
Vesta Medical,Health Care,6225932.0,operating,USA,1,3318.0
Vestaron Corporation,Biotechnology,24200000.0,operating,USA,4,2492.0
Vested Health,Biotechnology|Health and Wellness,0.0,operating,USA,1,739.0
VetCentric,Biotechnology,17500000.0,acquired,USA,2,
VetDC,Health Care,5513113.0,operating,USA,4,1063.0
Vetiary,B2B|Health Care|Pets,0.0,operating,LTU,1,-1.0
Vetter Software,Cloud Computing|Freemium|Health and Wellness|Health Care|Health Care Information Technology|Healthcare Services|SaaS|Software|Veterinary,2025000.0,operating,USA,2,930.0
VG Life Sciences,Biotechnology,2785000.0,operating,USA,2,6634.0
VGo Communications,Health Care,10322726.0,operating,USA,4,1376.0
VGTI Florida,Biotechnology,3600000.0,operating,USA,1,2022.0
Vheda Health,Health Care Information Technology|Mobile Health|Predictive Analytics,100000.0,operating,USA,1,
VHSquared,Health Care,0.0,operating,GBR,1,
ViaCell,Biotechnology,20000000.0,ipo,USA,1,4018.0
ViaCell,Biotechnology,48000000.0,operating,USA,1,
ViaCyte,Biotechnology,97600000.0,operating,USA,6,2679.0
Viamet Pharmaceuticals,Biotechnology,91149997.0,ipo,USA,5,237.0
Viatar CTC Solutions,Diagnostics|Health Care|Medical,796000.0,operating,USA,4,2838.0
Vibrynt,Health Care,18750000.0,operating,USA,2,597.0
Vicept Therapeutics,Biotechnology|Medical,16000000.0,acquired,USA,1,
Victory EMS,Medical,60000.0,operating,USA,1,922.0
Victory Healthcare,Health Care,1320000.0,operating,USA,1,
Victory Pharma,Biotechnology|Pharmaceuticals,9999997.0,operating,USA,1,
Vicus Therapeutics,Biotechnology,15999564.0,operating,USA,3,1399.0
VIDA Diagnostics,Biotechnology,2800000.0,operating,USA,3,1987.0
Vida Health,Health and Wellness|Health Care|Health Care Information Technology|Healthcare Services,5000000.0,operating,USA,1,300.0
viDA Therapeutics,Biotechnology,2550000.0,operating,CAN,2,1910.0
Video Medicine,Medical,80000.0,operating,USA,1,
VideoKall,Medical|Retail,500000.0,operating,USA,1,2923.0
Videregen,Biotechnology,4977547.0,operating,GBR,1,1392.0
Videum,Curated Web|Health Care|Medical|Translation|Video,0.0,operating,GBR,1,0.0
View Medical,Health Care|Lighting|Medical,100000.0,operating,USA,1,113.0
Viewics,Analytics|Business Analytics|Health Care,8000000.0,operating,USA,2,1600.0
ViewRay,Biotechnology|Health Care,265692385.0,operating,USA,12,1483.0
ViewsIQ,Health Care Information Technology,495498.0,operating,CAN,4,-55.0
Vigeo Therapeutics,Biotechnology|Health Care|Therapeutics,20000000.0,operating,USA,2,1613.0
Vigil Monitoring,Health Care,8300000.0,operating,NZL,3,0.0
Vigilant Biosciences,Biotechnology,7800000.0,operating,USA,3,1179.0
Vigor Pharma,Medical,0.0,operating,IND,1,919.0
Viking Systems,Biotechnology,3000000.0,operating,USA,1,
Viking Therapeutics,Health and Wellness|Health Care|Medical|Therapeutics,2500000.0,ipo,USA,1,876.0
VillageMD,Health Care,36000000.0,operating,USA,1,989.0
Vinomis Laboratories,Biotechnology,600613.0,operating,USA,2,817.0
ViOptix,Biotechnology,27226676.0,operating,USA,4,
VIPAAR,Health Care,850000.0,operating,USA,1,
Viragen,Biotechnology,9430000.0,operating,USA,3,9754.0
Virdante Pharmaceuticals,Biotechnology,60075000.0,operating,USA,2,1059.0
VIRIDAXIS,Biotechnology,1410000.0,operating,BEL,1,
Virobay,Biotechnology,18300000.0,ipo,USA,3,1474.0
Viroblock,Biotechnology,3600000.0,operating,CHE,1,2296.0
Viroclinics Biosciences,Biotechnology|Health Diagnostics,0.0,operating,NLD,1,5122.0
virocyt,Biotechnology,8700000.0,operating,USA,2,466.0
Virometix AG,Biotechnology|Health Care|Medical,0.0,operating,CHE,1,
Viron Therapeutics,Biotechnology,20000000.0,operating,GBR,1,
Viropro,Bio-Pharm|Manufacturing|Medical,500000.0,operating,USA,1,
ViroXis,Biotechnology,10795700.0,operating,USA,3,1474.0
Virtual Incision Corp (VIC),Medical Devices|Robotics,25700000.0,operating,USA,5,0.0
Virtual Ports,Health Care,3700000.0,operating,ISR,2,1281.0
Virtually Free,Augmented Reality|Health and Wellness|Lifestyle|Medical|Mobile|Software,103037.0,operating,GBR,1,802.0
VisEn Medical,Biotechnology,13385418.0,operating,USA,3,2848.0
Visgo Therapeutics,Biotechnology,725349.0,operating,USA,1,797.0
Visicon Technologies,Medical Devices|Software|Test and Measurement,2102000.0,operating,USA,2,4199.0
Visiogen,Health Care,40000000.0,acquired,USA,1,3049.0
Vision Sciences,Biotechnology,10500000.0,ipo,USA,1,8797.0
Vision Source,Health Care,108000000.0,acquired,USA,1,7421.0
Visionary Mobile,Biotechnology,1570000.0,operating,USA,3,627.0
Visionary Pharmaceuticals,Biotechnology,0.0,operating,USA,1,
VisionCare Ophthalmic Technologies,Health Care,69200000.0,operating,USA,5,2007.0
Visioneering,Medical,0.0,operating,USA,2,
VisionGate,Biotechnology,14229706.0,operating,USA,5,3021.0
VisionScope Technologies,Health Care,10300000.0,operating,USA,2,609.0
Visiopharm,Diagnostics|Health Care|Hospitals,0.0,operating,DNK,1,
VisMedic,Health Care|Life Sciences|SaaS,12000000.0,operating,GBR,1,744.0
VistaGen Therapeutics,Biotechnology,44750281.0,ipo,USA,6,-2076.0
Visterra,Biotechnology,73399699.0,operating,USA,5,1071.0
Visualase,Biotechnology,8700000.0,acquired,USA,2,1857.0
Visus Technology,Biotechnology|Technology,2719159.0,operating,USA,2,453.0
Vita Healthcare Group,Health Care,7400000.0,operating,USA,1,
Vitae Pharmaceuticals,Bio-Pharm|Clinical Trials|Health Care Information Technology|Social Innovation|Testing,79000000.0,ipo,USA,4,
Vitagene,Dietary Supplements|Health Care|Personal Health,1000000.0,operating,USA,1,92.0
Vital Access,Health Care,18507451.0,operating,USA,4,1046.0
Vital Connect,Biotechnology,13959116.0,operating,USA,2,318.0
Vital Metrix,Medical,0.0,operating,USA,1,0.0
Vital Sensors,Health Care,1000000.0,operating,USA,1,1461.0
Vital Therapies,Biotechnology|Health Care,205868476.0,ipo,USA,8,1743.0
Vital Vio,Biotechnology,0.0,operating,USA,2,468.0
Vitalbox,Health and Wellness|Medical,3350000.0,operating,BRA,4,-823.0
vitalclip,Apps|Health and Wellness|Health Care|iPhone|Service Providers|Software,25000.0,operating,USA,1,
Vitaldent,Biotechnology,128660000.0,operating,GBR,1,9101.0
Vitalea Science,Biotechnology,260000.0,operating,USA,1,2406.0
Vital Enterprises,Aerospace|Enterprise Software|Google Glass|Health Care Information Technology|Hospitals|Medical,1140000.0,operating,USA,1,553.0
VitalMedix,Biotechnology,100000.0,operating,USA,1,1629.0
vitaMedMD,Biotechnology,3278000.0,operating,USA,1,
Vitamin Research Products,Biotechnology,4500023.0,operating,USA,1,12106.0
VitaPath Genetics,Biotechnology,20228478.0,operating,USA,5,305.0
VitaPortal,Consumers|Digital Media|Health and Wellness|Internet|Medical|Physicians,4350000.0,operating,RUS,3,92.0
Vitargent,Biotechnology|Cosmetics|Testing,0.0,operating,HKG,1,
VitaSensis,Health Care|Lifestyle,0.0,operating,PRT,1,0.0
Vitasome,Medical,2000000.0,operating,USA,1,24.0
ViTRAK Systems,Defense|Health Care|Sports,2000000.0,operating,CAN,1,
Vitreoretinal Technologies,Bio-Pharm|Health Care|Therapeutics,12000000.0,operating,USA,1,3224.0
Vitruvias Therapeutics,Biotechnology,950000.0,operating,USA,2,
Vittamed,Medical Devices,10000000.0,operating,USA,1,3575.0
VivaBioCell,Biotechnology,606672.0,acquired,BRA,1,
Vivakor,Biotechnology,2739875.0,operating,USA,2,2672.0
Vivaldi Biosciences,Biotechnology,3974546.0,operating,USA,2,502.0
VivaRay,Biotechnology,600000.0,operating,USA,1,958.0
Vivartes,Health and Wellness|Health Care|Medical,388147.0,operating,IRL,2,113.0
Vivasure Medical,Healthcare Services|Medical|Medical Devices,11536200.0,operating,IRL,1,
Vivebio,Biotechnology,3673000.0,operating,USA,1,
Vivendy Therapeutics,Biotechnology,30530000.0,operating,CHE,1,
Viverae,Health and Wellness|Health Care,8367135.0,operating,USA,2,2226.0
ViVex Biomedical,Biotechnology,7600000.0,operating,USA,1,627.0
Vivione Biosciences,Health Care,4671652.0,ipo,USA,3,2972.0
VIVO Healthcare,Health Care,0.0,operating,IND,1,2456.0
Vivolux,Biotechnology,0.0,operating,SWE,1,
Vivorte,Manufacturing|Medical|Medical Devices,2875000.0,operating,USA,2,602.0
VLST Corporation,Biotechnology,55000000.0,operating,USA,1,
VM Discovery,Biotechnology,13570000.0,operating,USA,2,1828.0
Voalte,Health Care|Hospitals|iPhone|Mobile,54700000.0,operating,USA,4,31.0
VoCare,Biotechnology,1625000.0,operating,USA,1,
Vocera Communications,Health Care Information Technology|Mobile|Software|Telecommunications,20729000.0,ipo,USA,7,805.0
Volex,Consumers|Health Care|Telecommunications|Wireless,30898708.0,ipo,USA,1,
VOLITIONRX,Biotechnology|Health Diagnostics,4000000.0,ipo,SGP,2,1519.0
Volpara Solutions,Health and Wellness|Health Care|Medical Devices|Test and Measurement|Women,5500000.0,operating,USA,1,2169.0
Vomaris Innovations,Health Care,10200000.0,operating,USA,3,2036.0
Voom,Health and Wellness|Medical,0.0,operating,USA,1,1124.0
Voxel.pl,Health Care,0.0,operating,POL,1,
Voy al Doc,Health and Wellness|Health Care,0.0,operating,,2,-120.0
Voyager Therapeutics,Biotechnology,105000000.0,ipo,USA,2,42.0
VoyagerMed,Health Care Information Technology|Health Diagnostics|Medical Professionals,200000.0,operating,USA,2,245.0
Voyence,Design|EdTech|Education|Finance|FinTech|Health Care|Security|Software Compliance,12000000.0,acquired,USA,1,1767.0
VR1,Biotechnology,2389279.0,operating,USA,4,311.0
"VSee Lab, Inc",Collaboration|Enterprise Software|Health and Wellness|Health Care Information Technology|Telecommunications|Video Conferencing,0.0,operating,USA,2,626.0
VSSB Medical Nanotechnology,Health Diagnostics|Medical,0.0,operating,USA,1,13.0
Vtesse,Biotechnology,25000000.0,operating,USA,1,
VTM,Biotechnology,2015130.0,operating,USA,1,752.0
VuCOMP,Health Care,22356219.0,operating,USA,5,3872.0
VuMedi,EdTech|Education|Health Care|Medical|Video,2000000.0,operating,USA,1,1400.0
Vyome Biosciences,Biotechnology|Life Sciences,12300000.0,operating,IND,3,304.0
VytronUS,Health Care,66377963.0,operating,USA,6,596.0
WaferGen Biosystems,Biotechnology,56896750.0,ipo,USA,4,
Waitsup,Doctors|Events|Health and Wellness|Health Care|Medical|Online Scheduling|Telecommunications,130000.0,operating,USA,1,0.0
Wakati,Biotechnology,400000.0,operating,BEL,1,870.0
Walden Behavioral Care,Health Care|Healthcare Services|Hospitals,0.0,operating,USA,1,4216.0
Waldo Networks,Biotechnology,2987405.0,operating,USA,3,587.0
Walvax Biotechnology,Biotechnology,72800000.0,ipo,CHN,1,1315.0
Wasatch Microfluidics,Biotechnology,2682631.0,operating,USA,3,2580.0
WatchFrog,Biotechnology,0.0,operating,FRA,1,
Waterfront Media,Health Care,33000000.0,operating,USA,2,1918.0
Watermark Medical,Health Care,45290236.0,operating,USA,4,499.0
Watsi,Medical,4700000.0,operating,USA,2,336.0
Watsin,Biotechnology,0.0,operating,CHN,1,-366.0
Wave Life Sciences,Biotechnology,84000000.0,ipo,USA,2,
Waveguide,Diagnostics|Health Care|Medical,0.0,operating,USA,1,1212.0
WaveRx,Health Care,502512.0,operating,USA,1,2288.0
WaveTec Vision,Biotechnology,91143286.0,acquired,USA,10,3802.0
Weave,Dental|Medical|Telecommunications|Veterinary,20500000.0,operating,USA,2,923.0
WebMDbook,Health and Wellness|Health Care|Social Network Media,100000.0,operating,,1,
Webmedx,Biotechnology,0.0,acquired,USA,1,
Weight Wins,Health and Wellness|Health Care|Incentives|Personal Health,952578.0,operating,GBR,1,1350.0
Welcome Cure,Medical,6000000.0,operating,IND,1,331.0
Welkin Health,Health and Wellness|Health Care|Hospitals,2000000.0,operating,USA,2,413.0
Well Beyond Care,Elder Care|Health Care|Health Care Information Technology,150000.0,operating,USA,2,316.0
WellAWARE Systems,Biotechnology,10810000.0,acquired,USA,3,3629.0
Wellbe,Health Care,4225000.0,operating,USA,3,1755.0
Wellcentive,Health Care,15249999.0,operating,USA,3,2720.0
WellDoc,Health Care|Hospitals|Medication Adherence|Real Time,26652027.0,operating,USA,6,1480.0
Wellflix,Health and Wellness|Medical|Video,55000.0,operating,USA,1,
Wellfount,Biotechnology,32025000.0,operating,USA,10,1634.0
WellGen,Biotechnology,12500000.0,operating,USA,2,-828.0
WellMetris,Biotechnology|Medical,0.0,operating,USA,1,240.0
Wellness Forever Medicare,Health and Wellness|Medical|Retail,3400000.0,operating,IND,1,2653.0
WellO2,Medical Devices,0.0,operating,FIN,1,
Wellpartner,Biotechnology,40600000.0,operating,USA,4,1838.0
Wellpepper,Biotechnology|Health and Wellness|Health Care|SaaS,176097.0,operating,USA,1,467.0
WellRight,Cloud Computing|Health and Wellness|Health Care|Software,4625000.0,operating,USA,2,308.0
Wellsense Technologies,Health and Wellness|Medical Devices,9165500.0,operating,USA,1,978.0
Wellspring Benefits Group,Health Care|Healthcare Services|Medical,0.0,operating,USA,1,1211.0
WellTek,Fitness|Health and Wellness|Health Care,4055860.0,operating,USA,1,2116.0
Wellthie,Health and Insurance|Health Care|Information Technology,0.0,operating,USA,1,951.0
Wellthy,Health and Wellness|Health Care|Healthcare Services,0.0,operating,USA,3,1.0
"WellTrackONE, Corporation",Health and Wellness|Health Care|Health Care Information Technology,2334978.0,operating,USA,3,999.0
West Dermatology,Health Care|Medical|Services,0.0,operating,USA,1,19348.0
West Health Institute,Health and Wellness|Health Care|Medical|Wireless,25000000.0,operating,USA,1,
West Lakes Surgery Center,Health and Wellness|Health Care|Medical,732311.0,operating,USA,2,
Western PCA Clinics,Biotechnology,225000.0,operating,USA,1,341.0
Whi,Health and Wellness|Health Care|Medical,11317850.0,operating,USA,2,
WHISTLER MEDICAL MARIJUANA,Health and Wellness|Medical|Organic,914514.0,operating,CAN,1,
White Pine Systems,Health Care|Health Care Information Technology|Internet,0.0,operating,USA,1,
WhiteGlove Health,Health and Wellness|Health Care|Medical,12900000.0,operating,USA,1,1594.0
WILEX,Biotechnology,27070000.0,ipo,DEU,2,789.0
Wilmington Pharmaceuticals,Biotechnology,1300000.0,operating,USA,1,
Wilson Therapeutics,Biotechnology,40000000.0,operating,SWE,1,836.0
Windgap Medical,Health Care|Medical|Pharmaceuticals,5965597.0,operating,USA,3,
Windmill Cardiovascular Systems,Biotechnology,920000.0,operating,USA,2,2410.0
Winmedical,Health Care,5142788.0,operating,ITA,5,789.0
Winston Pharmaceuticals,Biotechnology,375000.0,operating,USA,1,
WiserTogether,Big Data Analytics|Employer Benefits Programs|Health and Wellness|Health Care|Human Resources|Medical,19453775.0,operating,USA,6,1233.0
WiseWear,Medical|Sensors|Wearables,3700000.0,operating,USA,3,-12.0
Wistar Institute,Biotechnology|Life Sciences|Medical,1100000.0,operating,USA,1,15777.0
Witch City Products,Medical,0.0,operating,USA,1,344.0
Onbone Oy,Medical Devices,10609141.0,operating,FIN,1,
Josla,Clean Technology|Computers|Medical Devices|Telecommunications,100000.0,operating,GBR,1,629.0
Preferral,Health Care|Medical|Training,553000.0,operating,USA,2,
Worksteady.io,Health Care,2300000.0,operating,USA,1,
World Lifestyle,Health and Wellness|Medical|News|Women,0.0,operating,USA,1,
WorldHeart,Health Care,32606439.0,operating,USA,2,5147.0
Wound Care Technologies,Health Care,2496831.0,operating,USA,3,1863.0
WP Rocket Holdings,Biotechnology,25480000.0,operating,USA,1,241.0
Wuhan Kindstar Diagnostics,Health Care,11000000.0,operating,CHN,1,3101.0
WULOU LABS,Consumer Goods|Health Care|Medical,825000.0,operating,USA,1,495.0
WuXi AppTec,Biotechnology,93470000.0,acquired,CHN,5,1523.0
X BODY,Biotechnology,6802465.0,acquired,USA,2,1483.0
X-BOLT Orthapaedics,Health Care|Medical|Medical Devices,2315880.0,operating,IRL,1,
X-Nav Technologies,Biotechnology,700000.0,operating,USA,1,
X2 Biosystems,Health Care|SaaS|Sports|Wearables,14270000.0,operating,USA,4,275.0
X2AI,Health Care,100000.0,operating,NLD,1,27.0
Xagenic,Biotechnology|Health Diagnostics,47298141.0,operating,CAN,4,402.0
Xanodyne,Biotechnology,132783861.0,operating,USA,3,1635.0
Xcel Pharmaceuticals,Medical|Medical Devices|Pharmaceuticals,88000000.0,acquired,USA,2,
Xceleron Inc.,Analytics|Bio-Pharm|Biotechnology|Pharmaceuticals,10005118.4168566,operating,USA,4,3066.0
Xcell Biosciences,Biotechnology|Diagnostics|Life Sciences,120000.0,operating,USA,1,
Xcell Medical,Clinical Trials|Medical|Medical Professionals,165500.0,operating,USA,1,-16.0
Xcellerex,Biotechnology,31000000.0,acquired,USA,1,
XCo,Apps|Health and Wellness|Health Care|Internet of Things|Life Sciences|Personal Health,500000.0,operating,CAN,1,245.0
Xcovery,Clinical Trials|Medical|Therapeutics,29123719.0,operating,USA,6,
CareDx,Biotechnology|Diagnostics|Fitness|Health and Wellness|Health Care|Health Diagnostics,146397292.0,ipo,USA,9,1796.0
Xdynia,Biotechnology,262500.0,operating,USA,2,51.0
Xeltis,Medical Devices,34000000.0,operating,CHE,1,3257.0
Xencor,Biotechnology|Health Care,36097653.0,ipo,USA,4,3949.0
Xenetic Biosciences,Biotechnology,10000000.0,operating,GBR,1,
Xenex Disinfection Services,Biotechnology,36300000.0,operating,USA,2,1785.0
XENiOS AG,Medical Devices,0.0,operating,DEU,1,996.0
Xenogen Corporation,Bio-Pharm|Biotechnology,22000000.0,acquired,USA,1,
Xenoport,Biotechnology,100900000.0,ipo,USA,4,1247.0
Xention,Biotechnology,19051289.0,operating,GBR,2,
Xerion Healthcare,Health Care Information Technology|Medical|Services,2286492.41900736,operating,GBR,1,
Xeris Pharmaceuticals,Biotechnology,21700000.0,operating,USA,5,2179.0
Xhale,Biotechnology,21160182.0,operating,USA,3,3301.0
Haotian Biological Engineering technology,Biotechnology,1208468.0,operating,CHN,1,486.0
Xicepta Sciences,Medical,0.0,operating,USA,1,329.0
Xierkang,Health Care,0.0,operating,CHN,1,1461.0
Xigen,Biotechnology,41000000.0,operating,CHE,2,1344.0
Xinrong,Medical Devices,100000000.0,operating,CHN,1,5385.0
Xlumena,Health Care,46922681.0,operating,USA,5,867.0
XO1,Biotechnology,11000000.0,operating,GBR,1,77.0
Xoft,Electronics|Medical Devices|Technology,100496138.0,acquired,USA,6,
Xplore Mobility,Biotechnology,25000.0,operating,USA,1,992.0
Xradia,Biotechnology,11000000.0,acquired,USA,2,2937.0
xRAPID,Health and Wellness|Health Care|Health Diagnostics|Life Sciences|Medical|Mobile,350000.0,operating,GBR,1,31.0
XRpro,Biotechnology,8855000.0,operating,USA,1,4398.0
XStor Systems,Digital Signage|Medical|Medical Devices,1085452.0,operating,USA,1,
XTENT,Medical Devices,40200000.0,ipo,USA,2,
XTuit Pharmaceuticals,Diagnostics|Health Diagnostics|Medical|Pharmaceuticals,26000000.0,operating,USA,2,1434.0
Xylogenics,Biotechnology,525000.0,operating,USA,2,
Yabidu,Medical Devices,465000.0,operating,USA,1,916.0
Yaupon Therapeutics,Biotechnology,38040000.0,operating,USA,5,
Yecuris,Biotechnology,1250000.0,operating,USA,1,928.0
Yeexoo,Health Care,5000000.0,operating,CHN,1,
Ynsect,Biotechnology,9309071.62962417,operating,,2,1151.0
Yolia Health,Education|Health Care,2000000.0,operating,USA,1,1308.0
Yorn,Business Intelligence|Health Care|Mobile|Sales and Marketing,100000.0,operating,,1,2316.0
Yummy Food,Biotechnology|Events|Nutrition,10000.0,operating,CZE,1,69.0
ZaBeCor Pharmaceuticals,Biotechnology,50000.0,operating,USA,1,6300.0
Zacharon Pharmaceuticals,Biotechnology,533000.0,acquired,USA,2,2366.0
Zafgen,Biotechnology,155180000.0,ipo,USA,7,618.0
ZAI Lab,Health and Wellness|Health Care|Health Care Information Technology,30000000.0,operating,,1,
ZAINA PHARMA,Health and Wellness|Manufacturing|Medical Devices|Pharmaceuticals,250000.0,operating,USA,1,573.0
Zalicus,Biotechnology|Health Care,78500000.0,ipo,USA,3,731.0
Zane Benefits,Employer Benefits Programs|Health and Insurance|Health Care|Health Care Information Technology|Human Resource Automation|Human Resources|Insurance|Software|Technology,1500000.0,operating,USA,1,3446.0
ZappRx,Health Care,7600000.0,operating,USA,3,613.0
Zdorovio,Fitness|Health and Wellness|Health Care Information Technology|Lead Generation|Personal Health|Private Social Networking|Sporting Goods|Sports,100000.0,operating,RUS,2,3.0
Zdravprint,3D Printing|Health Care|Medical,0.0,operating,USA,1,
zdrowegeny.pl,Biotechnology,0.0,operating,,1,
ZeaKal,Biotechnology|Incubators|Renewable Energies|Technology,3800000.0,operating,USA,1,1180.0
Zebra Biologics,Biotechnology,9000170.0,operating,USA,1,311.0
Zebra Medical Technologies,Collaboration|Hardware|Medical,700000.0,operating,USA,1,
Zebra Medical Vision Ltd,Computer Vision|Human Computer Interaction|Medical,8000000.0,operating,ISR,1,460.0
ZeePearl,Consulting|Health Care|Hospitality|Product Development Services|Services|Software,42500.0,operating,MYS,1,-35.0
Zelos Therapeutics,Biotechnology,10746748.0,operating,USA,4,
Zeltiq Aesthetics,Biotechnology,70424200.0,ipo,USA,3,1031.0
Zenamins,Medical,120000.0,operating,USA,1,
ZendyPlace,Beauty|Cosmetics|Health and Wellness|Health Care,100000.0,operating,USA,1,-9.0
ZenFlow,Health Care|Medical Devices,120000.0,operating,USA,1,334.0
Zenith Epigenetics,Biotechnology,16600000.0,operating,CAN,3,
ZENT,Biotechnology,25000.0,operating,USA,1,3424.0
Zenytime,Health and Wellness|Health Care|Medical Devices|Mobile Games,800000.0,operating,,1,365.0
Zeolife,Biotechnology,0.0,operating,USA,1,
Zeomatrix,Biotechnology,40000.0,operating,USA,1,
ZeOmega,Health Care Information Technology,21500000.0,operating,USA,1,4629.0
Zephyr Health,Big Data Analytics|Health Care|Information Technology|Life Sciences|Software,33477051.0,operating,USA,3,731.0
Zephyr Technology,Biotechnology,13304965.0,operating,USA,3,2379.0
Zephyrus Biosciences,Biotechnology|Hardware|Health Care|Medical Devices,1860000.0,operating,USA,2,617.0
Zepteon,Biotechnology,210000.0,operating,USA,1,1201.0
Zero Gravity Solutions,Biotechnology,4700000.0,ipo,USA,2,563.0
Zesty,Curated Web|Health Care|Healthcare Services|Online Reservations,9200000.0,operating,GBR,4,-242.0
ZetaRx Biosciences,Biotechnology,2750000.0,operating,USA,2,720.0
ZetrOZ,Biotechnology,12849998.0,operating,USA,8,498.0
Tianyuan Bio-Pharmaceutical,Biotechnology,0.0,operating,CHN,1,
Guojia New Materials,Biotechnology,1762820.0,operating,CHN,2,
Ziarco,Biotechnology,40601832.0,operating,USA,2,303.0
Ziarco Pharma,Biotechnology,8885317.0,operating,GBR,2,
Ziffi,Health and Wellness|Health Care Information Technology|Healthcare Services,2400000.0,operating,IND,1,1701.0
Zikto,Big Data|Fitness|Health and Wellness|Health Care|Wearables,1864000.0,operating,USA,3,187.0
Zilico,Biotechnology|Health Diagnostics,1546558.0,operating,GBR,1,
Zinc Ahead,Biotechnology,0.0,acquired,GBR,1,4130.0
Zinc software,Curated Web|Health Care|Mobile|Software,833170.0,operating,IRL,1,
ZIOPHARM Oncology,Biotechnology,62559527.0,ipo,USA,2,1731.0
Zipdrug,Medical,2600000.0,operating,USA,2,165.0
Zipline Medical,Health Care,16000000.0,operating,USA,4,1085.0
Zipnosis,Curated Web|Health and Wellness|Health Care|Health Care Information Technology|Medical|mHealth,1700000.0,operating,USA,2,445.0
Zipongo,Apps|Employment|Health and Wellness|Health Care|Human Resources|Mobile|Personalization,10028000.0,operating,USA,6,376.0
Ziqitza Health Care,Biotechnology|Health Care|Healthcare Services|Social Entrepreneurship,5750000.0,operating,IND,2,726.0
ZirMed,Biotechnology,0.0,operating,USA,1,4361.0
ZocDoc,Dental|Doctors|Health and Wellness|Health Care,223000000.0,operating,USA,4,335.0
Zoctr Health,Health Care,1000000.0,operating,IND,2,828.0
Zoeticx,Medical,580000.0,operating,USA,1,450.0
Zogenix,Biotechnology|Health Care,167062156.0,ipo,USA,6,239.0
Zonare Medical Systems,Health Care,109693276.0,acquired,USA,5,2009.0
ZoomCare,Doctors|Health and Insurance|Health and Wellness|Health Care|Health Care Information Technology|Healthcare Services|Insurance Companies|Medical|Medical Professionals|Physicians,0.0,operating,USA,1,2976.0
"Zorilla Research, LLC",Bioinformatics|Biotechnology|Development Platforms,0.0,operating,USA,1,304.0
Zosano Pharma,Biotechnology,158688887.0,ipo,USA,9,410.0
Zounds Hearing Aids,Health Care,10000000.0,operating,USA,1,
ZPower,Batteries|Clean Technology|Medical Devices,133437465.0,operating,USA,8,3207.0
ZS Genetics,Biotechnology,2614963.0,operating,USA,4,2561.0
ZS Pharma,Biotechnology,122987972.0,acquired,USA,5,1078.0
ZSX Medical,Health Care|Medical|Medical Devices,250000.0,operating,USA,1,
zumatek,Biotechnology,150000.0,operating,USA,1,2152.0
Zurex Pharma,Health Care,11146457.0,operating,USA,4,486.0
Zyga Technology,Health Care|Medical Devices,75750000.0,operating,USA,8,279.0
Zymergen,Biotechnology,44000000.0,operating,USA,2,365.0
Zymeworks,Biotechnology,64674400.0,operating,CAN,7,1432.0
Zyngenia,Biotechnology,25000000.0,operating,USA,1,982.0
ZYOMYX,Biotechnology,34275015.0,operating,USA,4,4411.0
Zystor,Biotechnology,8500000.0,acquired,USA,1,
Zytoprotec,Biotechnology,2686600.0,operating,AUT,1,2220.0
